Analysis & Synthesis report for CPU_FPGA
Thu Aug 06 15:45:28 2026
Quartus II 64-Bit Version 13.0.1 Build 232 06/12/2013 Service Pack 1 SJ Web Edition


---------------------
; Table of Contents ;
---------------------
  1. Legal Notice
  2. Analysis & Synthesis Summary
  3. Analysis & Synthesis Settings
  4. Parallel Compilation
  5. Analysis & Synthesis Source Files Read
  6. Analysis & Synthesis Resource Usage Summary
  7. Analysis & Synthesis Resource Utilization by Entity
  8. State Machine - |Board_Top|CPU_FPGA:U_CPU|M_Extension_Unit:U_M_EXT|current_state
  9. Registers Removed During Synthesis
 10. Removed Registers Triggering Further Register Optimizations
 11. General Register Statistics
 12. Registers Packed Into Inferred Megafunctions
 13. Multiplexer Restructuring Statistics (Restructuring Performed)
 14. Source assignments for CPU_FPGA:U_CPU|Data_Memory:U_DMEM|altsyncram:ram[0][31]__1|altsyncram_1f81:auto_generated
 15. Source assignments for CPU_FPGA:U_CPU|Data_Memory:U_DMEM|altsyncram:ram[0][23]__2|altsyncram_1f81:auto_generated
 16. Source assignments for CPU_FPGA:U_CPU|Data_Memory:U_DMEM|altsyncram:ram[0][15]__3|altsyncram_1f81:auto_generated
 17. Source assignments for CPU_FPGA:U_CPU|Data_Memory:U_DMEM|altsyncram:ram[0][7]__4|altsyncram_1f81:auto_generated
 18. Source assignments for CPU_FPGA:U_CPU|Instruction_Memory:U_IMEM|altsyncram:ram_rtl_0|altsyncram_9b81:auto_generated
 19. Parameter Settings for User Entity Instance: CPU_FPGA:U_CPU
 20. Parameter Settings for User Entity Instance: CPU_FPGA:U_CPU|Program_Counter:U_PC
 21. Parameter Settings for User Entity Instance: CPU_FPGA:U_CPU|Data_Memory:U_DMEM|altsyncram:ram[0][31]__1
 22. Parameter Settings for User Entity Instance: CPU_FPGA:U_CPU|Data_Memory:U_DMEM|altsyncram:ram[0][23]__2
 23. Parameter Settings for User Entity Instance: CPU_FPGA:U_CPU|Data_Memory:U_DMEM|altsyncram:ram[0][15]__3
 24. Parameter Settings for User Entity Instance: CPU_FPGA:U_CPU|Data_Memory:U_DMEM|altsyncram:ram[0][7]__4
 25. Parameter Settings for Inferred Entity Instance: CPU_FPGA:U_CPU|Instruction_Memory:U_IMEM|altsyncram:ram_rtl_0
 26. altsyncram Parameter Settings by Entity Instance
 27. Port Connectivity Checks: "CPU_FPGA:U_CPU|MEM_WB_Register:U_MEM_WB"
 28. Port Connectivity Checks: "CPU_FPGA:U_CPU|Hazard_Unit:U_HAZARD"
 29. Port Connectivity Checks: "CPU_FPGA:U_CPU|EX_MEM_Register:U_EX_MEM"
 30. Port Connectivity Checks: "CPU_FPGA:U_CPU|ALU:U_ALU"
 31. Port Connectivity Checks: "CPU_FPGA:U_CPU|ID_EX_Register:U_ID_EX"
 32. Port Connectivity Checks: "CPU_FPGA:U_CPU|Program_Counter:U_PC"
 33. Port Connectivity Checks: "CPU_FPGA:U_CPU"
 34. Elapsed Time Per Partition
 35. Analysis & Synthesis Messages



----------------
; Legal Notice ;
----------------
Copyright (C) 1991-2013 Altera Corporation
Your use of Altera Corporation's design tools, logic functions 
and other software and tools, and its AMPP partner logic 
functions, and any output files from any of the foregoing 
(including device programming or simulation files), and any 
associated documentation or information are expressly subject 
to the terms and conditions of the Altera Program License 
Subscription Agreement, Altera MegaCore Function License 
Agreement, or other applicable license agreement, including, 
without limitation, that your use is for the sole purpose of 
programming logic devices manufactured by Altera and sold by 
Altera or its authorized distributors.  Please refer to the 
applicable agreement for further details.



+--------------------------------------------------------------------------------------+
; Analysis & Synthesis Summary                                                         ;
+------------------------------------+-------------------------------------------------+
; Analysis & Synthesis Status        ; Successful - Thu Aug 06 15:45:28 2026           ;
; Quartus II 64-Bit Version          ; 13.0.1 Build 232 06/12/2013 SP 1 SJ Web Edition ;
; Revision Name                      ; CPU_FPGA                                        ;
; Top-level Entity Name              ; Board_Top                                       ;
; Family                             ; Cyclone IV E                                    ;
; Total logic elements               ; 0                                               ;
;     Total combinational functions  ; 0                                               ;
;     Dedicated logic registers      ; 0                                               ;
; Total registers                    ; 0                                               ;
; Total pins                         ; 2                                               ;
; Total virtual pins                 ; 0                                               ;
; Total memory bits                  ; 0                                               ;
; Embedded Multiplier 9-bit elements ; 0                                               ;
; Total PLLs                         ; 0                                               ;
+------------------------------------+-------------------------------------------------+


+----------------------------------------------------------------------------------------------------------------------+
; Analysis & Synthesis Settings                                                                                        ;
+----------------------------------------------------------------------------+--------------------+--------------------+
; Option                                                                     ; Setting            ; Default Value      ;
+----------------------------------------------------------------------------+--------------------+--------------------+
; Device                                                                     ; EP4CE6E22C8        ;                    ;
; Top-level entity name                                                      ; Board_Top          ; CPU_FPGA           ;
; Family name                                                                ; Cyclone IV E       ; Cyclone IV GX      ;
; VHDL Show LMF Mapping Messages                                             ; Off                ;                    ;
; VHDL Version                                                               ; VHDL_2008          ; VHDL_1993          ;
; Use smart compilation                                                      ; Off                ; Off                ;
; Enable parallel Assembler and TimeQuest Timing Analyzer during compilation ; On                 ; On                 ;
; Enable compact report table                                                ; Off                ; Off                ;
; Restructure Multiplexers                                                   ; Auto               ; Auto               ;
; Create Debugging Nodes for IP Cores                                        ; Off                ; Off                ;
; Preserve fewer node names                                                  ; On                 ; On                 ;
; Disable OpenCore Plus hardware evaluation                                  ; Off                ; Off                ;
; Verilog Version                                                            ; Verilog_2001       ; Verilog_2001       ;
; State Machine Processing                                                   ; Auto               ; Auto               ;
; Safe State Machine                                                         ; Off                ; Off                ;
; Extract Verilog State Machines                                             ; On                 ; On                 ;
; Extract VHDL State Machines                                                ; On                 ; On                 ;
; Ignore Verilog initial constructs                                          ; Off                ; Off                ;
; Iteration limit for constant Verilog loops                                 ; 5000               ; 5000               ;
; Iteration limit for non-constant Verilog loops                             ; 250                ; 250                ;
; Add Pass-Through Logic to Inferred RAMs                                    ; On                 ; On                 ;
; Infer RAMs from Raw Logic                                                  ; On                 ; On                 ;
; Parallel Synthesis                                                         ; On                 ; On                 ;
; DSP Block Balancing                                                        ; Auto               ; Auto               ;
; NOT Gate Push-Back                                                         ; On                 ; On                 ;
; Power-Up Don't Care                                                        ; On                 ; On                 ;
; Remove Redundant Logic Cells                                               ; Off                ; Off                ;
; Remove Duplicate Registers                                                 ; On                 ; On                 ;
; Ignore CARRY Buffers                                                       ; Off                ; Off                ;
; Ignore CASCADE Buffers                                                     ; Off                ; Off                ;
; Ignore GLOBAL Buffers                                                      ; Off                ; Off                ;
; Ignore ROW GLOBAL Buffers                                                  ; Off                ; Off                ;
; Ignore LCELL Buffers                                                       ; Off                ; Off                ;
; Ignore SOFT Buffers                                                        ; On                 ; On                 ;
; Limit AHDL Integers to 32 Bits                                             ; Off                ; Off                ;
; Optimization Technique                                                     ; Balanced           ; Balanced           ;
; Carry Chain Length                                                         ; 70                 ; 70                 ;
; Auto Carry Chains                                                          ; On                 ; On                 ;
; Auto Open-Drain Pins                                                       ; On                 ; On                 ;
; Perform WYSIWYG Primitive Resynthesis                                      ; Off                ; Off                ;
; Auto ROM Replacement                                                       ; On                 ; On                 ;
; Auto RAM Replacement                                                       ; On                 ; On                 ;
; Auto DSP Block Replacement                                                 ; On                 ; On                 ;
; Auto Shift Register Replacement                                            ; Auto               ; Auto               ;
; Allow Shift Register Merging across Hierarchies                            ; Auto               ; Auto               ;
; Auto Clock Enable Replacement                                              ; On                 ; On                 ;
; Strict RAM Replacement                                                     ; Off                ; Off                ;
; Allow Synchronous Control Signals                                          ; On                 ; On                 ;
; Force Use of Synchronous Clear Signals                                     ; Off                ; Off                ;
; Auto RAM Block Balancing                                                   ; On                 ; On                 ;
; Auto RAM to Logic Cell Conversion                                          ; Off                ; Off                ;
; Auto Resource Sharing                                                      ; Off                ; Off                ;
; Allow Any RAM Size For Recognition                                         ; Off                ; Off                ;
; Allow Any ROM Size For Recognition                                         ; Off                ; Off                ;
; Allow Any Shift Register Size For Recognition                              ; Off                ; Off                ;
; Use LogicLock Constraints during Resource Balancing                        ; On                 ; On                 ;
; Ignore translate_off and synthesis_off directives                          ; Off                ; Off                ;
; Timing-Driven Synthesis                                                    ; On                 ; On                 ;
; Report Parameter Settings                                                  ; On                 ; On                 ;
; Report Source Assignments                                                  ; On                 ; On                 ;
; Report Connectivity Checks                                                 ; On                 ; On                 ;
; Ignore Maximum Fan-Out Assignments                                         ; Off                ; Off                ;
; Synchronization Register Chain Length                                      ; 2                  ; 2                  ;
; PowerPlay Power Optimization                                               ; Normal compilation ; Normal compilation ;
; HDL message level                                                          ; Level2             ; Level2             ;
; Suppress Register Optimization Related Messages                            ; Off                ; Off                ;
; Number of Removed Registers Reported in Synthesis Report                   ; 5000               ; 5000               ;
; Number of Swept Nodes Reported in Synthesis Report                         ; 5000               ; 5000               ;
; Number of Inverted Registers Reported in Synthesis Report                  ; 100                ; 100                ;
; Clock MUX Protection                                                       ; On                 ; On                 ;
; Auto Gated Clock Conversion                                                ; Off                ; Off                ;
; Block Design Naming                                                        ; Auto               ; Auto               ;
; SDC constraint protection                                                  ; Off                ; Off                ;
; Synthesis Effort                                                           ; Auto               ; Auto               ;
; Shift Register Replacement - Allow Asynchronous Clear Signal               ; On                 ; On                 ;
; Pre-Mapping Resynthesis Optimization                                       ; Off                ; Off                ;
; Analysis & Synthesis Message Level                                         ; Medium             ; Medium             ;
; Disable Register Merging Across Hierarchies                                ; Auto               ; Auto               ;
; Resource Aware Inference For Block RAM                                     ; On                 ; On                 ;
; Synthesis Seed                                                             ; 1                  ; 1                  ;
+----------------------------------------------------------------------------+--------------------+--------------------+


Parallel compilation was disabled, but you have multiple processors available. Enable parallel compilation to reduce compilation time.
+-------------------------------------+
; Parallel Compilation                ;
+----------------------------+--------+
; Processors                 ; Number ;
+----------------------------+--------+
; Number detected on machine ; 16     ;
; Maximum allowed            ; 1      ;
+----------------------------+--------+


+---------------------------------------------------------------------------------------------------------------------------------------------------------------------------------------------------------------------------------+
; Analysis & Synthesis Source Files Read                                                                                                                                                                                          ;
+------------------------------------------------------+-----------------+-------------------------------------------------------+--------------------------------------------------------------------------------------+---------+
; File Name with User-Entered Path                     ; Used in Netlist ; File Type                                             ; File Name with Absolute Path                                                         ; Library ;
+------------------------------------------------------+-----------------+-------------------------------------------------------+--------------------------------------------------------------------------------------+---------+
; Program_Counter.vhd                                  ; yes             ; User VHDL File                                        ; C:/Users/ozana/Desktop/CPU_FPGA/Program_Counter.vhd                                  ;         ;
; CPU_FPGA.vhd                                         ; yes             ; User VHDL File                                        ; C:/Users/ozana/Desktop/CPU_FPGA/CPU_FPGA.vhd                                         ;         ;
; Instruction_Memory.vhd                               ; yes             ; User VHDL File                                        ; C:/Users/ozana/Desktop/CPU_FPGA/Instruction_Memory.vhd                               ;         ;
; IF_ID_Register.vhd                                   ; yes             ; User VHDL File                                        ; C:/Users/ozana/Desktop/CPU_FPGA/IF_ID_Register.vhd                                   ;         ;
; RegFile.vhd                                          ; yes             ; User VHDL File                                        ; C:/Users/ozana/Desktop/CPU_FPGA/RegFile.vhd                                          ;         ;
; ImmGen.vhd                                           ; yes             ; User VHDL File                                        ; C:/Users/ozana/Desktop/CPU_FPGA/ImmGen.vhd                                           ;         ;
; ID_EX_Register.vhd                                   ; yes             ; User VHDL File                                        ; C:/Users/ozana/Desktop/CPU_FPGA/ID_EX_Register.vhd                                   ;         ;
; Control_Unit.vhd                                     ; yes             ; User VHDL File                                        ; C:/Users/ozana/Desktop/CPU_FPGA/Control_Unit.vhd                                     ;         ;
; ALU.vhd                                              ; yes             ; User VHDL File                                        ; C:/Users/ozana/Desktop/CPU_FPGA/ALU.vhd                                              ;         ;
; M_Extension_Unit.vhd                                 ; yes             ; User VHDL File                                        ; C:/Users/ozana/Desktop/CPU_FPGA/M_Extension_Unit.vhd                                 ;         ;
; Hazard_Unit.vhd                                      ; yes             ; User VHDL File                                        ; C:/Users/ozana/Desktop/CPU_FPGA/Hazard_Unit.vhd                                      ;         ;
; Forwarding_Unit.vhd                                  ; yes             ; User VHDL File                                        ; C:/Users/ozana/Desktop/CPU_FPGA/Forwarding_Unit.vhd                                  ;         ;
; EX_MEM_Register.vhd                                  ; yes             ; User VHDL File                                        ; C:/Users/ozana/Desktop/CPU_FPGA/EX_MEM_Register.vhd                                  ;         ;
; Data_Memory.vhd                                      ; yes             ; User VHDL File                                        ; C:/Users/ozana/Desktop/CPU_FPGA/Data_Memory.vhd                                      ;         ;
; Board_Top.vhd                                        ; yes             ; User VHDL File                                        ; C:/Users/ozana/Desktop/CPU_FPGA/Board_Top.vhd                                        ;         ;
; MEM_WB_Register.vhd                                  ; yes             ; User VHDL File                                        ; C:/Users/ozana/Desktop/CPU_FPGA/MEM_WB_Register.vhd                                  ;         ;
; altsyncram.tdf                                       ; yes             ; Megafunction                                          ; c:/altera/13.0sp1/quartus/libraries/megafunctions/altsyncram.tdf                     ;         ;
; stratix_ram_block.inc                                ; yes             ; Megafunction                                          ; c:/altera/13.0sp1/quartus/libraries/megafunctions/stratix_ram_block.inc              ;         ;
; lpm_mux.inc                                          ; yes             ; Megafunction                                          ; c:/altera/13.0sp1/quartus/libraries/megafunctions/lpm_mux.inc                        ;         ;
; lpm_decode.inc                                       ; yes             ; Megafunction                                          ; c:/altera/13.0sp1/quartus/libraries/megafunctions/lpm_decode.inc                     ;         ;
; aglobal130.inc                                       ; yes             ; Megafunction                                          ; c:/altera/13.0sp1/quartus/libraries/megafunctions/aglobal130.inc                     ;         ;
; a_rdenreg.inc                                        ; yes             ; Megafunction                                          ; c:/altera/13.0sp1/quartus/libraries/megafunctions/a_rdenreg.inc                      ;         ;
; altrom.inc                                           ; yes             ; Megafunction                                          ; c:/altera/13.0sp1/quartus/libraries/megafunctions/altrom.inc                         ;         ;
; altram.inc                                           ; yes             ; Megafunction                                          ; c:/altera/13.0sp1/quartus/libraries/megafunctions/altram.inc                         ;         ;
; altdpram.inc                                         ; yes             ; Megafunction                                          ; c:/altera/13.0sp1/quartus/libraries/megafunctions/altdpram.inc                       ;         ;
; db/altsyncram_1f81.tdf                               ; yes             ; Auto-Generated Megafunction                           ; C:/Users/ozana/Desktop/CPU_FPGA/db/altsyncram_1f81.tdf                               ;         ;
; db/altsyncram_9b81.tdf                               ; yes             ; Auto-Generated Megafunction                           ; C:/Users/ozana/Desktop/CPU_FPGA/db/altsyncram_9b81.tdf                               ;         ;
; db/cpu_fpga.ram0_instruction_memory_6c21a04c.hdl.mif ; yes             ; Auto-Generated Auto-Found Memory Initialization File  ; C:/Users/ozana/Desktop/CPU_FPGA/db/cpu_fpga.ram0_instruction_memory_6c21a04c.hdl.mif ;         ;
+------------------------------------------------------+-----------------+-------------------------------------------------------+--------------------------------------------------------------------------------------+---------+


+-----------------------------------------------------+
; Analysis & Synthesis Resource Usage Summary         ;
+---------------------------------------------+-------+
; Resource                                    ; Usage ;
+---------------------------------------------+-------+
;                                             ;       ;
; Total combinational functions               ; 0     ;
; Logic element usage by number of LUT inputs ;       ;
;     -- 4 input functions                    ; 0     ;
;     -- 3 input functions                    ; 0     ;
;     -- <=2 input functions                  ; 0     ;
;                                             ;       ;
; Logic elements by mode                      ;       ;
;     -- normal mode                          ; 0     ;
;     -- arithmetic mode                      ; 0     ;
;                                             ;       ;
; Total registers                             ; 0     ;
;     -- Dedicated logic registers            ; 0     ;
;     -- I/O registers                        ; 0     ;
;                                             ;       ;
; I/O pins                                    ; 2     ;
; Embedded Multiplier 9-bit elements          ; 0     ;
; Maximum fan-out node                        ; clk   ;
; Maximum fan-out                             ; 1     ;
; Total fan-out                               ; 2     ;
; Average fan-out                             ; 0.50  ;
+---------------------------------------------+-------+


+-----------------------------------------------------------------------------------------------------------------------------------------------------------------------------+
; Analysis & Synthesis Resource Utilization by Entity                                                                                                                         ;
+----------------------------+-------------------+--------------+-------------+--------------+---------+-----------+------+--------------+---------------------+--------------+
; Compilation Hierarchy Node ; LC Combinationals ; LC Registers ; Memory Bits ; DSP Elements ; DSP 9x9 ; DSP 18x18 ; Pins ; Virtual Pins ; Full Hierarchy Name ; Library Name ;
+----------------------------+-------------------+--------------+-------------+--------------+---------+-----------+------+--------------+---------------------+--------------+
; |Board_Top                 ; 0 (0)             ; 0 (0)        ; 0           ; 0            ; 0       ; 0         ; 2    ; 0            ; |Board_Top          ; work         ;
+----------------------------+-------------------+--------------+-------------+--------------+---------+-----------+------+--------------+---------------------+--------------+
Note: For table entries with two numbers listed, the numbers in parentheses indicate the number of resources of the given type used by the specific entity alone. The numbers listed outside of parentheses indicate the total resources of the given type used by the specific entity and all of its sub-entities in the hierarchy.


Encoding Type:  One-Hot
+-----------------------------------------------------------------------------------------+
; State Machine - |Board_Top|CPU_FPGA:U_CPU|M_Extension_Unit:U_M_EXT|current_state        ;
+-----------------------+--------------------+-----------------------+--------------------+
; Name                  ; current_state.DONE ; current_state.COMPUTE ; current_state.IDLE ;
+-----------------------+--------------------+-----------------------+--------------------+
; current_state.IDLE    ; 0                  ; 0                     ; 0                  ;
; current_state.COMPUTE ; 0                  ; 1                     ; 1                  ;
; current_state.DONE    ; 1                  ; 0                     ; 1                  ;
+-----------------------+--------------------+-----------------------+--------------------+


+-----------------------------------------------------------------------------------------------------------------+
; Registers Removed During Synthesis                                                                              ;
+------------------------------------------------------------------------+----------------------------------------+
; Register name                                                          ; Reason for Removal                     ;
+------------------------------------------------------------------------+----------------------------------------+
; CPU_FPGA:U_CPU|MEM_WB_Register:U_MEM_WB|wb_sel_out[1]                  ; Stuck at GND due to stuck port data_in ;
; CPU_FPGA:U_CPU|MEM_WB_Register:U_MEM_WB|wb_sel_out[0]                  ; Lost fanout                            ;
; CPU_FPGA:U_CPU|MEM_WB_Register:U_MEM_WB|wb_reg_write_out               ; Lost fanout                            ;
; CPU_FPGA:U_CPU|MEM_WB_Register:U_MEM_WB|wb_rd_addr_out[0..4]           ; Lost fanout                            ;
; CPU_FPGA:U_CPU|MEM_WB_Register:U_MEM_WB|wb_read_data_out[0..31]        ; Lost fanout                            ;
; CPU_FPGA:U_CPU|MEM_WB_Register:U_MEM_WB|wb_result_out[0..31]           ; Lost fanout                            ;
; CPU_FPGA:U_CPU|Data_Memory:U_DMEM|addr_latched[0,1]                    ; Lost fanout                            ;
; CPU_FPGA:U_CPU|EX_MEM_Register:U_EX_MEM|mem_reg_write                  ; Lost fanout                            ;
; CPU_FPGA:U_CPU|EX_MEM_Register:U_EX_MEM|mem_mem_write                  ; Lost fanout                            ;
; CPU_FPGA:U_CPU|EX_MEM_Register:U_EX_MEM|mem_wb_sel                     ; Lost fanout                            ;
; CPU_FPGA:U_CPU|EX_MEM_Register:U_EX_MEM|mem_rd_addr[0..4]              ; Lost fanout                            ;
; CPU_FPGA:U_CPU|EX_MEM_Register:U_EX_MEM|mem_result[0..31]              ; Lost fanout                            ;
; CPU_FPGA:U_CPU|EX_MEM_Register:U_EX_MEM|mem_write_data[0..31]          ; Lost fanout                            ;
; CPU_FPGA:U_CPU|EX_MEM_Register:U_EX_MEM|mem_funct3[0..2]               ; Lost fanout                            ;
; CPU_FPGA:U_CPU|M_Extension_Unit:U_M_EXT|quotient_reg[0..20]            ; Lost fanout                            ;
; CPU_FPGA:U_CPU|M_Extension_Unit:U_M_EXT|divisor_reg[0..31]             ; Lost fanout                            ;
; CPU_FPGA:U_CPU|M_Extension_Unit:U_M_EXT|accumulator[0..31]             ; Lost fanout                            ;
; CPU_FPGA:U_CPU|M_Extension_Unit:U_M_EXT|sign_quotient                  ; Lost fanout                            ;
; CPU_FPGA:U_CPU|M_Extension_Unit:U_M_EXT|sign_remainder                 ; Lost fanout                            ;
; CPU_FPGA:U_CPU|M_Extension_Unit:U_M_EXT|div_by_zero                    ; Lost fanout                            ;
; CPU_FPGA:U_CPU|M_Extension_Unit:U_M_EXT|overflow                       ; Lost fanout                            ;
; CPU_FPGA:U_CPU|M_Extension_Unit:U_M_EXT|quotient_reg[21..31]           ; Lost fanout                            ;
; CPU_FPGA:U_CPU|ID_EX_Register:U_ID_EX|funct3_out[0,1]                  ; Lost fanout                            ;
; CPU_FPGA:U_CPU|ID_EX_Register:U_ID_EX|rs2_addr_out[0..4]               ; Lost fanout                            ;
; CPU_FPGA:U_CPU|ID_EX_Register:U_ID_EX|rs1_addr_out[0..4]               ; Lost fanout                            ;
; CPU_FPGA:U_CPU|ID_EX_Register:U_ID_EX|reg_data2_out[0..31]             ; Lost fanout                            ;
; CPU_FPGA:U_CPU|ID_EX_Register:U_ID_EX|reg_data1_out[0..31]             ; Lost fanout                            ;
; CPU_FPGA:U_CPU|ID_EX_Register:U_ID_EX|imm_ext_out[0..31]               ; Lost fanout                            ;
; CPU_FPGA:U_CPU|ID_EX_Register:U_ID_EX|pc_plus4_out[0..31]              ; Lost fanout                            ;
; CPU_FPGA:U_CPU|ID_EX_Register:U_ID_EX|wb_sel_out[0]                    ; Lost fanout                            ;
; CPU_FPGA:U_CPU|ID_EX_Register:U_ID_EX|reg_write_out                    ; Lost fanout                            ;
; CPU_FPGA:U_CPU|ID_EX_Register:U_ID_EX|mem_write_out                    ; Lost fanout                            ;
; CPU_FPGA:U_CPU|ID_EX_Register:U_ID_EX|alu_ctrl_out[0..3]               ; Lost fanout                            ;
; CPU_FPGA:U_CPU|ID_EX_Register:U_ID_EX|alu_src_out                      ; Lost fanout                            ;
; CPU_FPGA:U_CPU|RegFile:U_REGFILE|registers[31][0]                      ; Lost fanout                            ;
; CPU_FPGA:U_CPU|RegFile:U_REGFILE|registers[31][1]                      ; Lost fanout                            ;
; CPU_FPGA:U_CPU|RegFile:U_REGFILE|registers[31][2]                      ; Lost fanout                            ;
; CPU_FPGA:U_CPU|RegFile:U_REGFILE|registers[31][3]                      ; Lost fanout                            ;
; CPU_FPGA:U_CPU|RegFile:U_REGFILE|registers[31][4]                      ; Lost fanout                            ;
; CPU_FPGA:U_CPU|RegFile:U_REGFILE|registers[31][5]                      ; Lost fanout                            ;
; CPU_FPGA:U_CPU|RegFile:U_REGFILE|registers[31][6]                      ; Lost fanout                            ;
; CPU_FPGA:U_CPU|RegFile:U_REGFILE|registers[31][7]                      ; Lost fanout                            ;
; CPU_FPGA:U_CPU|RegFile:U_REGFILE|registers[31][8]                      ; Lost fanout                            ;
; CPU_FPGA:U_CPU|RegFile:U_REGFILE|registers[31][9]                      ; Lost fanout                            ;
; CPU_FPGA:U_CPU|RegFile:U_REGFILE|registers[31][10]                     ; Lost fanout                            ;
; CPU_FPGA:U_CPU|RegFile:U_REGFILE|registers[31][11]                     ; Lost fanout                            ;
; CPU_FPGA:U_CPU|RegFile:U_REGFILE|registers[31][12]                     ; Lost fanout                            ;
; CPU_FPGA:U_CPU|RegFile:U_REGFILE|registers[31][13]                     ; Lost fanout                            ;
; CPU_FPGA:U_CPU|RegFile:U_REGFILE|registers[31][14]                     ; Lost fanout                            ;
; CPU_FPGA:U_CPU|RegFile:U_REGFILE|registers[31][15]                     ; Lost fanout                            ;
; CPU_FPGA:U_CPU|RegFile:U_REGFILE|registers[31][16]                     ; Lost fanout                            ;
; CPU_FPGA:U_CPU|RegFile:U_REGFILE|registers[31][17]                     ; Lost fanout                            ;
; CPU_FPGA:U_CPU|RegFile:U_REGFILE|registers[31][18]                     ; Lost fanout                            ;
; CPU_FPGA:U_CPU|RegFile:U_REGFILE|registers[31][19]                     ; Lost fanout                            ;
; CPU_FPGA:U_CPU|RegFile:U_REGFILE|registers[31][20]                     ; Lost fanout                            ;
; CPU_FPGA:U_CPU|RegFile:U_REGFILE|registers[31][21]                     ; Lost fanout                            ;
; CPU_FPGA:U_CPU|RegFile:U_REGFILE|registers[31][22]                     ; Lost fanout                            ;
; CPU_FPGA:U_CPU|RegFile:U_REGFILE|registers[31][23]                     ; Lost fanout                            ;
; CPU_FPGA:U_CPU|RegFile:U_REGFILE|registers[31][24]                     ; Lost fanout                            ;
; CPU_FPGA:U_CPU|RegFile:U_REGFILE|registers[31][25]                     ; Lost fanout                            ;
; CPU_FPGA:U_CPU|RegFile:U_REGFILE|registers[31][26]                     ; Lost fanout                            ;
; CPU_FPGA:U_CPU|RegFile:U_REGFILE|registers[31][27]                     ; Lost fanout                            ;
; CPU_FPGA:U_CPU|RegFile:U_REGFILE|registers[31][28]                     ; Lost fanout                            ;
; CPU_FPGA:U_CPU|RegFile:U_REGFILE|registers[31][29]                     ; Lost fanout                            ;
; CPU_FPGA:U_CPU|RegFile:U_REGFILE|registers[31][30]                     ; Lost fanout                            ;
; CPU_FPGA:U_CPU|RegFile:U_REGFILE|registers[31][31]                     ; Lost fanout                            ;
; CPU_FPGA:U_CPU|RegFile:U_REGFILE|registers[30][0]                      ; Lost fanout                            ;
; CPU_FPGA:U_CPU|RegFile:U_REGFILE|registers[30][1]                      ; Lost fanout                            ;
; CPU_FPGA:U_CPU|RegFile:U_REGFILE|registers[30][2]                      ; Lost fanout                            ;
; CPU_FPGA:U_CPU|RegFile:U_REGFILE|registers[30][3]                      ; Lost fanout                            ;
; CPU_FPGA:U_CPU|RegFile:U_REGFILE|registers[30][4]                      ; Lost fanout                            ;
; CPU_FPGA:U_CPU|RegFile:U_REGFILE|registers[30][5]                      ; Lost fanout                            ;
; CPU_FPGA:U_CPU|RegFile:U_REGFILE|registers[30][6]                      ; Lost fanout                            ;
; CPU_FPGA:U_CPU|RegFile:U_REGFILE|registers[30][7]                      ; Lost fanout                            ;
; CPU_FPGA:U_CPU|RegFile:U_REGFILE|registers[30][8]                      ; Lost fanout                            ;
; CPU_FPGA:U_CPU|RegFile:U_REGFILE|registers[30][9]                      ; Lost fanout                            ;
; CPU_FPGA:U_CPU|RegFile:U_REGFILE|registers[30][10]                     ; Lost fanout                            ;
; CPU_FPGA:U_CPU|RegFile:U_REGFILE|registers[30][11]                     ; Lost fanout                            ;
; CPU_FPGA:U_CPU|RegFile:U_REGFILE|registers[30][12]                     ; Lost fanout                            ;
; CPU_FPGA:U_CPU|RegFile:U_REGFILE|registers[30][13]                     ; Lost fanout                            ;
; CPU_FPGA:U_CPU|RegFile:U_REGFILE|registers[30][14]                     ; Lost fanout                            ;
; CPU_FPGA:U_CPU|RegFile:U_REGFILE|registers[30][15]                     ; Lost fanout                            ;
; CPU_FPGA:U_CPU|RegFile:U_REGFILE|registers[30][16]                     ; Lost fanout                            ;
; CPU_FPGA:U_CPU|RegFile:U_REGFILE|registers[30][17]                     ; Lost fanout                            ;
; CPU_FPGA:U_CPU|RegFile:U_REGFILE|registers[30][18]                     ; Lost fanout                            ;
; CPU_FPGA:U_CPU|RegFile:U_REGFILE|registers[30][19]                     ; Lost fanout                            ;
; CPU_FPGA:U_CPU|RegFile:U_REGFILE|registers[30][20]                     ; Lost fanout                            ;
; CPU_FPGA:U_CPU|RegFile:U_REGFILE|registers[30][21]                     ; Lost fanout                            ;
; CPU_FPGA:U_CPU|RegFile:U_REGFILE|registers[30][22]                     ; Lost fanout                            ;
; CPU_FPGA:U_CPU|RegFile:U_REGFILE|registers[30][23]                     ; Lost fanout                            ;
; CPU_FPGA:U_CPU|RegFile:U_REGFILE|registers[30][24]                     ; Lost fanout                            ;
; CPU_FPGA:U_CPU|RegFile:U_REGFILE|registers[30][25]                     ; Lost fanout                            ;
; CPU_FPGA:U_CPU|RegFile:U_REGFILE|registers[30][26]                     ; Lost fanout                            ;
; CPU_FPGA:U_CPU|RegFile:U_REGFILE|registers[30][27]                     ; Lost fanout                            ;
; CPU_FPGA:U_CPU|RegFile:U_REGFILE|registers[30][28]                     ; Lost fanout                            ;
; CPU_FPGA:U_CPU|RegFile:U_REGFILE|registers[30][29]                     ; Lost fanout                            ;
; CPU_FPGA:U_CPU|RegFile:U_REGFILE|registers[30][30]                     ; Lost fanout                            ;
; CPU_FPGA:U_CPU|RegFile:U_REGFILE|registers[30][31]                     ; Lost fanout                            ;
; CPU_FPGA:U_CPU|RegFile:U_REGFILE|registers[29][0]                      ; Lost fanout                            ;
; CPU_FPGA:U_CPU|RegFile:U_REGFILE|registers[29][1]                      ; Lost fanout                            ;
; CPU_FPGA:U_CPU|RegFile:U_REGFILE|registers[29][2]                      ; Lost fanout                            ;
; CPU_FPGA:U_CPU|RegFile:U_REGFILE|registers[29][3]                      ; Lost fanout                            ;
; CPU_FPGA:U_CPU|RegFile:U_REGFILE|registers[29][4]                      ; Lost fanout                            ;
; CPU_FPGA:U_CPU|RegFile:U_REGFILE|registers[29][5]                      ; Lost fanout                            ;
; CPU_FPGA:U_CPU|RegFile:U_REGFILE|registers[29][6]                      ; Lost fanout                            ;
; CPU_FPGA:U_CPU|RegFile:U_REGFILE|registers[29][7]                      ; Lost fanout                            ;
; CPU_FPGA:U_CPU|RegFile:U_REGFILE|registers[29][8]                      ; Lost fanout                            ;
; CPU_FPGA:U_CPU|RegFile:U_REGFILE|registers[29][9]                      ; Lost fanout                            ;
; CPU_FPGA:U_CPU|RegFile:U_REGFILE|registers[29][10]                     ; Lost fanout                            ;
; CPU_FPGA:U_CPU|RegFile:U_REGFILE|registers[29][11]                     ; Lost fanout                            ;
; CPU_FPGA:U_CPU|RegFile:U_REGFILE|registers[29][12]                     ; Lost fanout                            ;
; CPU_FPGA:U_CPU|RegFile:U_REGFILE|registers[29][13]                     ; Lost fanout                            ;
; CPU_FPGA:U_CPU|RegFile:U_REGFILE|registers[29][14]                     ; Lost fanout                            ;
; CPU_FPGA:U_CPU|RegFile:U_REGFILE|registers[29][15]                     ; Lost fanout                            ;
; CPU_FPGA:U_CPU|RegFile:U_REGFILE|registers[29][16]                     ; Lost fanout                            ;
; CPU_FPGA:U_CPU|RegFile:U_REGFILE|registers[29][17]                     ; Lost fanout                            ;
; CPU_FPGA:U_CPU|RegFile:U_REGFILE|registers[29][18]                     ; Lost fanout                            ;
; CPU_FPGA:U_CPU|RegFile:U_REGFILE|registers[29][19]                     ; Lost fanout                            ;
; CPU_FPGA:U_CPU|RegFile:U_REGFILE|registers[29][20]                     ; Lost fanout                            ;
; CPU_FPGA:U_CPU|RegFile:U_REGFILE|registers[29][21]                     ; Lost fanout                            ;
; CPU_FPGA:U_CPU|RegFile:U_REGFILE|registers[29][22]                     ; Lost fanout                            ;
; CPU_FPGA:U_CPU|RegFile:U_REGFILE|registers[29][23]                     ; Lost fanout                            ;
; CPU_FPGA:U_CPU|RegFile:U_REGFILE|registers[29][24]                     ; Lost fanout                            ;
; CPU_FPGA:U_CPU|RegFile:U_REGFILE|registers[29][25]                     ; Lost fanout                            ;
; CPU_FPGA:U_CPU|RegFile:U_REGFILE|registers[29][26]                     ; Lost fanout                            ;
; CPU_FPGA:U_CPU|RegFile:U_REGFILE|registers[29][27]                     ; Lost fanout                            ;
; CPU_FPGA:U_CPU|RegFile:U_REGFILE|registers[29][28]                     ; Lost fanout                            ;
; CPU_FPGA:U_CPU|RegFile:U_REGFILE|registers[29][29]                     ; Lost fanout                            ;
; CPU_FPGA:U_CPU|RegFile:U_REGFILE|registers[29][30]                     ; Lost fanout                            ;
; CPU_FPGA:U_CPU|RegFile:U_REGFILE|registers[29][31]                     ; Lost fanout                            ;
; CPU_FPGA:U_CPU|RegFile:U_REGFILE|registers[28][0]                      ; Lost fanout                            ;
; CPU_FPGA:U_CPU|RegFile:U_REGFILE|registers[28][1]                      ; Lost fanout                            ;
; CPU_FPGA:U_CPU|RegFile:U_REGFILE|registers[28][2]                      ; Lost fanout                            ;
; CPU_FPGA:U_CPU|RegFile:U_REGFILE|registers[28][3]                      ; Lost fanout                            ;
; CPU_FPGA:U_CPU|RegFile:U_REGFILE|registers[28][4]                      ; Lost fanout                            ;
; CPU_FPGA:U_CPU|RegFile:U_REGFILE|registers[28][5]                      ; Lost fanout                            ;
; CPU_FPGA:U_CPU|RegFile:U_REGFILE|registers[28][6]                      ; Lost fanout                            ;
; CPU_FPGA:U_CPU|RegFile:U_REGFILE|registers[28][7]                      ; Lost fanout                            ;
; CPU_FPGA:U_CPU|RegFile:U_REGFILE|registers[28][8]                      ; Lost fanout                            ;
; CPU_FPGA:U_CPU|RegFile:U_REGFILE|registers[28][9]                      ; Lost fanout                            ;
; CPU_FPGA:U_CPU|RegFile:U_REGFILE|registers[28][10]                     ; Lost fanout                            ;
; CPU_FPGA:U_CPU|RegFile:U_REGFILE|registers[28][11]                     ; Lost fanout                            ;
; CPU_FPGA:U_CPU|RegFile:U_REGFILE|registers[28][12]                     ; Lost fanout                            ;
; CPU_FPGA:U_CPU|RegFile:U_REGFILE|registers[28][13]                     ; Lost fanout                            ;
; CPU_FPGA:U_CPU|RegFile:U_REGFILE|registers[28][14]                     ; Lost fanout                            ;
; CPU_FPGA:U_CPU|RegFile:U_REGFILE|registers[28][15]                     ; Lost fanout                            ;
; CPU_FPGA:U_CPU|RegFile:U_REGFILE|registers[28][16]                     ; Lost fanout                            ;
; CPU_FPGA:U_CPU|RegFile:U_REGFILE|registers[28][17]                     ; Lost fanout                            ;
; CPU_FPGA:U_CPU|RegFile:U_REGFILE|registers[28][18]                     ; Lost fanout                            ;
; CPU_FPGA:U_CPU|RegFile:U_REGFILE|registers[28][19]                     ; Lost fanout                            ;
; CPU_FPGA:U_CPU|RegFile:U_REGFILE|registers[28][20]                     ; Lost fanout                            ;
; CPU_FPGA:U_CPU|RegFile:U_REGFILE|registers[28][21]                     ; Lost fanout                            ;
; CPU_FPGA:U_CPU|RegFile:U_REGFILE|registers[28][22]                     ; Lost fanout                            ;
; CPU_FPGA:U_CPU|RegFile:U_REGFILE|registers[28][23]                     ; Lost fanout                            ;
; CPU_FPGA:U_CPU|RegFile:U_REGFILE|registers[28][24]                     ; Lost fanout                            ;
; CPU_FPGA:U_CPU|RegFile:U_REGFILE|registers[28][25]                     ; Lost fanout                            ;
; CPU_FPGA:U_CPU|RegFile:U_REGFILE|registers[28][26]                     ; Lost fanout                            ;
; CPU_FPGA:U_CPU|RegFile:U_REGFILE|registers[28][27]                     ; Lost fanout                            ;
; CPU_FPGA:U_CPU|RegFile:U_REGFILE|registers[28][28]                     ; Lost fanout                            ;
; CPU_FPGA:U_CPU|RegFile:U_REGFILE|registers[28][29]                     ; Lost fanout                            ;
; CPU_FPGA:U_CPU|RegFile:U_REGFILE|registers[28][30]                     ; Lost fanout                            ;
; CPU_FPGA:U_CPU|RegFile:U_REGFILE|registers[28][31]                     ; Lost fanout                            ;
; CPU_FPGA:U_CPU|RegFile:U_REGFILE|registers[27][0]                      ; Lost fanout                            ;
; CPU_FPGA:U_CPU|RegFile:U_REGFILE|registers[27][1]                      ; Lost fanout                            ;
; CPU_FPGA:U_CPU|RegFile:U_REGFILE|registers[27][2]                      ; Lost fanout                            ;
; CPU_FPGA:U_CPU|RegFile:U_REGFILE|registers[27][3]                      ; Lost fanout                            ;
; CPU_FPGA:U_CPU|RegFile:U_REGFILE|registers[27][4]                      ; Lost fanout                            ;
; CPU_FPGA:U_CPU|RegFile:U_REGFILE|registers[27][5]                      ; Lost fanout                            ;
; CPU_FPGA:U_CPU|RegFile:U_REGFILE|registers[27][6]                      ; Lost fanout                            ;
; CPU_FPGA:U_CPU|RegFile:U_REGFILE|registers[27][7]                      ; Lost fanout                            ;
; CPU_FPGA:U_CPU|RegFile:U_REGFILE|registers[27][8]                      ; Lost fanout                            ;
; CPU_FPGA:U_CPU|RegFile:U_REGFILE|registers[27][9]                      ; Lost fanout                            ;
; CPU_FPGA:U_CPU|RegFile:U_REGFILE|registers[27][10]                     ; Lost fanout                            ;
; CPU_FPGA:U_CPU|RegFile:U_REGFILE|registers[27][11]                     ; Lost fanout                            ;
; CPU_FPGA:U_CPU|RegFile:U_REGFILE|registers[27][12]                     ; Lost fanout                            ;
; CPU_FPGA:U_CPU|RegFile:U_REGFILE|registers[27][13]                     ; Lost fanout                            ;
; CPU_FPGA:U_CPU|RegFile:U_REGFILE|registers[27][14]                     ; Lost fanout                            ;
; CPU_FPGA:U_CPU|RegFile:U_REGFILE|registers[27][15]                     ; Lost fanout                            ;
; CPU_FPGA:U_CPU|RegFile:U_REGFILE|registers[27][16]                     ; Lost fanout                            ;
; CPU_FPGA:U_CPU|RegFile:U_REGFILE|registers[27][17]                     ; Lost fanout                            ;
; CPU_FPGA:U_CPU|RegFile:U_REGFILE|registers[27][18]                     ; Lost fanout                            ;
; CPU_FPGA:U_CPU|RegFile:U_REGFILE|registers[27][19]                     ; Lost fanout                            ;
; CPU_FPGA:U_CPU|RegFile:U_REGFILE|registers[27][20]                     ; Lost fanout                            ;
; CPU_FPGA:U_CPU|RegFile:U_REGFILE|registers[27][21]                     ; Lost fanout                            ;
; CPU_FPGA:U_CPU|RegFile:U_REGFILE|registers[27][22]                     ; Lost fanout                            ;
; CPU_FPGA:U_CPU|RegFile:U_REGFILE|registers[27][23]                     ; Lost fanout                            ;
; CPU_FPGA:U_CPU|RegFile:U_REGFILE|registers[27][24]                     ; Lost fanout                            ;
; CPU_FPGA:U_CPU|RegFile:U_REGFILE|registers[27][25]                     ; Lost fanout                            ;
; CPU_FPGA:U_CPU|RegFile:U_REGFILE|registers[27][26]                     ; Lost fanout                            ;
; CPU_FPGA:U_CPU|RegFile:U_REGFILE|registers[27][27]                     ; Lost fanout                            ;
; CPU_FPGA:U_CPU|RegFile:U_REGFILE|registers[27][28]                     ; Lost fanout                            ;
; CPU_FPGA:U_CPU|RegFile:U_REGFILE|registers[27][29]                     ; Lost fanout                            ;
; CPU_FPGA:U_CPU|RegFile:U_REGFILE|registers[27][30]                     ; Lost fanout                            ;
; CPU_FPGA:U_CPU|RegFile:U_REGFILE|registers[27][31]                     ; Lost fanout                            ;
; CPU_FPGA:U_CPU|RegFile:U_REGFILE|registers[26][0]                      ; Lost fanout                            ;
; CPU_FPGA:U_CPU|RegFile:U_REGFILE|registers[26][1]                      ; Lost fanout                            ;
; CPU_FPGA:U_CPU|RegFile:U_REGFILE|registers[26][2]                      ; Lost fanout                            ;
; CPU_FPGA:U_CPU|RegFile:U_REGFILE|registers[26][3]                      ; Lost fanout                            ;
; CPU_FPGA:U_CPU|RegFile:U_REGFILE|registers[26][4]                      ; Lost fanout                            ;
; CPU_FPGA:U_CPU|RegFile:U_REGFILE|registers[26][5]                      ; Lost fanout                            ;
; CPU_FPGA:U_CPU|RegFile:U_REGFILE|registers[26][6]                      ; Lost fanout                            ;
; CPU_FPGA:U_CPU|RegFile:U_REGFILE|registers[26][7]                      ; Lost fanout                            ;
; CPU_FPGA:U_CPU|RegFile:U_REGFILE|registers[26][8]                      ; Lost fanout                            ;
; CPU_FPGA:U_CPU|RegFile:U_REGFILE|registers[26][9]                      ; Lost fanout                            ;
; CPU_FPGA:U_CPU|RegFile:U_REGFILE|registers[26][10]                     ; Lost fanout                            ;
; CPU_FPGA:U_CPU|RegFile:U_REGFILE|registers[26][11]                     ; Lost fanout                            ;
; CPU_FPGA:U_CPU|RegFile:U_REGFILE|registers[26][12]                     ; Lost fanout                            ;
; CPU_FPGA:U_CPU|RegFile:U_REGFILE|registers[26][13]                     ; Lost fanout                            ;
; CPU_FPGA:U_CPU|RegFile:U_REGFILE|registers[26][14]                     ; Lost fanout                            ;
; CPU_FPGA:U_CPU|RegFile:U_REGFILE|registers[26][15]                     ; Lost fanout                            ;
; CPU_FPGA:U_CPU|RegFile:U_REGFILE|registers[26][16]                     ; Lost fanout                            ;
; CPU_FPGA:U_CPU|RegFile:U_REGFILE|registers[26][17]                     ; Lost fanout                            ;
; CPU_FPGA:U_CPU|RegFile:U_REGFILE|registers[26][18]                     ; Lost fanout                            ;
; CPU_FPGA:U_CPU|RegFile:U_REGFILE|registers[26][19]                     ; Lost fanout                            ;
; CPU_FPGA:U_CPU|RegFile:U_REGFILE|registers[26][20]                     ; Lost fanout                            ;
; CPU_FPGA:U_CPU|RegFile:U_REGFILE|registers[26][21]                     ; Lost fanout                            ;
; CPU_FPGA:U_CPU|RegFile:U_REGFILE|registers[26][22]                     ; Lost fanout                            ;
; CPU_FPGA:U_CPU|RegFile:U_REGFILE|registers[26][23]                     ; Lost fanout                            ;
; CPU_FPGA:U_CPU|RegFile:U_REGFILE|registers[26][24]                     ; Lost fanout                            ;
; CPU_FPGA:U_CPU|RegFile:U_REGFILE|registers[26][25]                     ; Lost fanout                            ;
; CPU_FPGA:U_CPU|RegFile:U_REGFILE|registers[26][26]                     ; Lost fanout                            ;
; CPU_FPGA:U_CPU|RegFile:U_REGFILE|registers[26][27]                     ; Lost fanout                            ;
; CPU_FPGA:U_CPU|RegFile:U_REGFILE|registers[26][28]                     ; Lost fanout                            ;
; CPU_FPGA:U_CPU|RegFile:U_REGFILE|registers[26][29]                     ; Lost fanout                            ;
; CPU_FPGA:U_CPU|RegFile:U_REGFILE|registers[26][30]                     ; Lost fanout                            ;
; CPU_FPGA:U_CPU|RegFile:U_REGFILE|registers[26][31]                     ; Lost fanout                            ;
; CPU_FPGA:U_CPU|RegFile:U_REGFILE|registers[25][0]                      ; Lost fanout                            ;
; CPU_FPGA:U_CPU|RegFile:U_REGFILE|registers[25][1]                      ; Lost fanout                            ;
; CPU_FPGA:U_CPU|RegFile:U_REGFILE|registers[25][2]                      ; Lost fanout                            ;
; CPU_FPGA:U_CPU|RegFile:U_REGFILE|registers[25][3]                      ; Lost fanout                            ;
; CPU_FPGA:U_CPU|RegFile:U_REGFILE|registers[25][4]                      ; Lost fanout                            ;
; CPU_FPGA:U_CPU|RegFile:U_REGFILE|registers[25][5]                      ; Lost fanout                            ;
; CPU_FPGA:U_CPU|RegFile:U_REGFILE|registers[25][6]                      ; Lost fanout                            ;
; CPU_FPGA:U_CPU|RegFile:U_REGFILE|registers[25][7]                      ; Lost fanout                            ;
; CPU_FPGA:U_CPU|RegFile:U_REGFILE|registers[25][8]                      ; Lost fanout                            ;
; CPU_FPGA:U_CPU|RegFile:U_REGFILE|registers[25][9]                      ; Lost fanout                            ;
; CPU_FPGA:U_CPU|RegFile:U_REGFILE|registers[25][10]                     ; Lost fanout                            ;
; CPU_FPGA:U_CPU|RegFile:U_REGFILE|registers[25][11]                     ; Lost fanout                            ;
; CPU_FPGA:U_CPU|RegFile:U_REGFILE|registers[25][12]                     ; Lost fanout                            ;
; CPU_FPGA:U_CPU|RegFile:U_REGFILE|registers[25][13]                     ; Lost fanout                            ;
; CPU_FPGA:U_CPU|RegFile:U_REGFILE|registers[25][14]                     ; Lost fanout                            ;
; CPU_FPGA:U_CPU|RegFile:U_REGFILE|registers[25][15]                     ; Lost fanout                            ;
; CPU_FPGA:U_CPU|RegFile:U_REGFILE|registers[25][16]                     ; Lost fanout                            ;
; CPU_FPGA:U_CPU|RegFile:U_REGFILE|registers[25][17]                     ; Lost fanout                            ;
; CPU_FPGA:U_CPU|RegFile:U_REGFILE|registers[25][18]                     ; Lost fanout                            ;
; CPU_FPGA:U_CPU|RegFile:U_REGFILE|registers[25][19]                     ; Lost fanout                            ;
; CPU_FPGA:U_CPU|RegFile:U_REGFILE|registers[25][20]                     ; Lost fanout                            ;
; CPU_FPGA:U_CPU|RegFile:U_REGFILE|registers[25][21]                     ; Lost fanout                            ;
; CPU_FPGA:U_CPU|RegFile:U_REGFILE|registers[25][22]                     ; Lost fanout                            ;
; CPU_FPGA:U_CPU|RegFile:U_REGFILE|registers[25][23]                     ; Lost fanout                            ;
; CPU_FPGA:U_CPU|RegFile:U_REGFILE|registers[25][24]                     ; Lost fanout                            ;
; CPU_FPGA:U_CPU|RegFile:U_REGFILE|registers[25][25]                     ; Lost fanout                            ;
; CPU_FPGA:U_CPU|RegFile:U_REGFILE|registers[25][26]                     ; Lost fanout                            ;
; CPU_FPGA:U_CPU|RegFile:U_REGFILE|registers[25][27]                     ; Lost fanout                            ;
; CPU_FPGA:U_CPU|RegFile:U_REGFILE|registers[25][28]                     ; Lost fanout                            ;
; CPU_FPGA:U_CPU|RegFile:U_REGFILE|registers[25][29]                     ; Lost fanout                            ;
; CPU_FPGA:U_CPU|RegFile:U_REGFILE|registers[25][30]                     ; Lost fanout                            ;
; CPU_FPGA:U_CPU|RegFile:U_REGFILE|registers[25][31]                     ; Lost fanout                            ;
; CPU_FPGA:U_CPU|RegFile:U_REGFILE|registers[24][0]                      ; Lost fanout                            ;
; CPU_FPGA:U_CPU|RegFile:U_REGFILE|registers[24][1]                      ; Lost fanout                            ;
; CPU_FPGA:U_CPU|RegFile:U_REGFILE|registers[24][2]                      ; Lost fanout                            ;
; CPU_FPGA:U_CPU|RegFile:U_REGFILE|registers[24][3]                      ; Lost fanout                            ;
; CPU_FPGA:U_CPU|RegFile:U_REGFILE|registers[24][4]                      ; Lost fanout                            ;
; CPU_FPGA:U_CPU|RegFile:U_REGFILE|registers[24][5]                      ; Lost fanout                            ;
; CPU_FPGA:U_CPU|RegFile:U_REGFILE|registers[24][6]                      ; Lost fanout                            ;
; CPU_FPGA:U_CPU|RegFile:U_REGFILE|registers[24][7]                      ; Lost fanout                            ;
; CPU_FPGA:U_CPU|RegFile:U_REGFILE|registers[24][8]                      ; Lost fanout                            ;
; CPU_FPGA:U_CPU|RegFile:U_REGFILE|registers[24][9]                      ; Lost fanout                            ;
; CPU_FPGA:U_CPU|RegFile:U_REGFILE|registers[24][10]                     ; Lost fanout                            ;
; CPU_FPGA:U_CPU|RegFile:U_REGFILE|registers[24][11]                     ; Lost fanout                            ;
; CPU_FPGA:U_CPU|RegFile:U_REGFILE|registers[24][12]                     ; Lost fanout                            ;
; CPU_FPGA:U_CPU|RegFile:U_REGFILE|registers[24][13]                     ; Lost fanout                            ;
; CPU_FPGA:U_CPU|RegFile:U_REGFILE|registers[24][14]                     ; Lost fanout                            ;
; CPU_FPGA:U_CPU|RegFile:U_REGFILE|registers[24][15]                     ; Lost fanout                            ;
; CPU_FPGA:U_CPU|RegFile:U_REGFILE|registers[24][16]                     ; Lost fanout                            ;
; CPU_FPGA:U_CPU|RegFile:U_REGFILE|registers[24][17]                     ; Lost fanout                            ;
; CPU_FPGA:U_CPU|RegFile:U_REGFILE|registers[24][18]                     ; Lost fanout                            ;
; CPU_FPGA:U_CPU|RegFile:U_REGFILE|registers[24][19]                     ; Lost fanout                            ;
; CPU_FPGA:U_CPU|RegFile:U_REGFILE|registers[24][20]                     ; Lost fanout                            ;
; CPU_FPGA:U_CPU|RegFile:U_REGFILE|registers[24][21]                     ; Lost fanout                            ;
; CPU_FPGA:U_CPU|RegFile:U_REGFILE|registers[24][22]                     ; Lost fanout                            ;
; CPU_FPGA:U_CPU|RegFile:U_REGFILE|registers[24][23]                     ; Lost fanout                            ;
; CPU_FPGA:U_CPU|RegFile:U_REGFILE|registers[24][24]                     ; Lost fanout                            ;
; CPU_FPGA:U_CPU|RegFile:U_REGFILE|registers[24][25]                     ; Lost fanout                            ;
; CPU_FPGA:U_CPU|RegFile:U_REGFILE|registers[24][26]                     ; Lost fanout                            ;
; CPU_FPGA:U_CPU|RegFile:U_REGFILE|registers[24][27]                     ; Lost fanout                            ;
; CPU_FPGA:U_CPU|RegFile:U_REGFILE|registers[24][28]                     ; Lost fanout                            ;
; CPU_FPGA:U_CPU|RegFile:U_REGFILE|registers[24][29]                     ; Lost fanout                            ;
; CPU_FPGA:U_CPU|RegFile:U_REGFILE|registers[24][30]                     ; Lost fanout                            ;
; CPU_FPGA:U_CPU|RegFile:U_REGFILE|registers[24][31]                     ; Lost fanout                            ;
; CPU_FPGA:U_CPU|RegFile:U_REGFILE|registers[23][0]                      ; Lost fanout                            ;
; CPU_FPGA:U_CPU|RegFile:U_REGFILE|registers[23][1]                      ; Lost fanout                            ;
; CPU_FPGA:U_CPU|RegFile:U_REGFILE|registers[23][2]                      ; Lost fanout                            ;
; CPU_FPGA:U_CPU|RegFile:U_REGFILE|registers[23][3]                      ; Lost fanout                            ;
; CPU_FPGA:U_CPU|RegFile:U_REGFILE|registers[23][4]                      ; Lost fanout                            ;
; CPU_FPGA:U_CPU|RegFile:U_REGFILE|registers[23][5]                      ; Lost fanout                            ;
; CPU_FPGA:U_CPU|RegFile:U_REGFILE|registers[23][6]                      ; Lost fanout                            ;
; CPU_FPGA:U_CPU|RegFile:U_REGFILE|registers[23][7]                      ; Lost fanout                            ;
; CPU_FPGA:U_CPU|RegFile:U_REGFILE|registers[23][8]                      ; Lost fanout                            ;
; CPU_FPGA:U_CPU|RegFile:U_REGFILE|registers[23][9]                      ; Lost fanout                            ;
; CPU_FPGA:U_CPU|RegFile:U_REGFILE|registers[23][10]                     ; Lost fanout                            ;
; CPU_FPGA:U_CPU|RegFile:U_REGFILE|registers[23][11]                     ; Lost fanout                            ;
; CPU_FPGA:U_CPU|RegFile:U_REGFILE|registers[23][12]                     ; Lost fanout                            ;
; CPU_FPGA:U_CPU|RegFile:U_REGFILE|registers[23][13]                     ; Lost fanout                            ;
; CPU_FPGA:U_CPU|RegFile:U_REGFILE|registers[23][14]                     ; Lost fanout                            ;
; CPU_FPGA:U_CPU|RegFile:U_REGFILE|registers[23][15]                     ; Lost fanout                            ;
; CPU_FPGA:U_CPU|RegFile:U_REGFILE|registers[23][16]                     ; Lost fanout                            ;
; CPU_FPGA:U_CPU|RegFile:U_REGFILE|registers[23][17]                     ; Lost fanout                            ;
; CPU_FPGA:U_CPU|RegFile:U_REGFILE|registers[23][18]                     ; Lost fanout                            ;
; CPU_FPGA:U_CPU|RegFile:U_REGFILE|registers[23][19]                     ; Lost fanout                            ;
; CPU_FPGA:U_CPU|RegFile:U_REGFILE|registers[23][20]                     ; Lost fanout                            ;
; CPU_FPGA:U_CPU|RegFile:U_REGFILE|registers[23][21]                     ; Lost fanout                            ;
; CPU_FPGA:U_CPU|RegFile:U_REGFILE|registers[23][22]                     ; Lost fanout                            ;
; CPU_FPGA:U_CPU|RegFile:U_REGFILE|registers[23][23]                     ; Lost fanout                            ;
; CPU_FPGA:U_CPU|RegFile:U_REGFILE|registers[23][24]                     ; Lost fanout                            ;
; CPU_FPGA:U_CPU|RegFile:U_REGFILE|registers[23][25]                     ; Lost fanout                            ;
; CPU_FPGA:U_CPU|RegFile:U_REGFILE|registers[23][26]                     ; Lost fanout                            ;
; CPU_FPGA:U_CPU|RegFile:U_REGFILE|registers[23][27]                     ; Lost fanout                            ;
; CPU_FPGA:U_CPU|RegFile:U_REGFILE|registers[23][28]                     ; Lost fanout                            ;
; CPU_FPGA:U_CPU|RegFile:U_REGFILE|registers[23][29]                     ; Lost fanout                            ;
; CPU_FPGA:U_CPU|RegFile:U_REGFILE|registers[23][30]                     ; Lost fanout                            ;
; CPU_FPGA:U_CPU|RegFile:U_REGFILE|registers[23][31]                     ; Lost fanout                            ;
; CPU_FPGA:U_CPU|RegFile:U_REGFILE|registers[22][0]                      ; Lost fanout                            ;
; CPU_FPGA:U_CPU|RegFile:U_REGFILE|registers[22][1]                      ; Lost fanout                            ;
; CPU_FPGA:U_CPU|RegFile:U_REGFILE|registers[22][2]                      ; Lost fanout                            ;
; CPU_FPGA:U_CPU|RegFile:U_REGFILE|registers[22][3]                      ; Lost fanout                            ;
; CPU_FPGA:U_CPU|RegFile:U_REGFILE|registers[22][4]                      ; Lost fanout                            ;
; CPU_FPGA:U_CPU|RegFile:U_REGFILE|registers[22][5]                      ; Lost fanout                            ;
; CPU_FPGA:U_CPU|RegFile:U_REGFILE|registers[22][6]                      ; Lost fanout                            ;
; CPU_FPGA:U_CPU|RegFile:U_REGFILE|registers[22][7]                      ; Lost fanout                            ;
; CPU_FPGA:U_CPU|RegFile:U_REGFILE|registers[22][8]                      ; Lost fanout                            ;
; CPU_FPGA:U_CPU|RegFile:U_REGFILE|registers[22][9]                      ; Lost fanout                            ;
; CPU_FPGA:U_CPU|RegFile:U_REGFILE|registers[22][10]                     ; Lost fanout                            ;
; CPU_FPGA:U_CPU|RegFile:U_REGFILE|registers[22][11]                     ; Lost fanout                            ;
; CPU_FPGA:U_CPU|RegFile:U_REGFILE|registers[22][12]                     ; Lost fanout                            ;
; CPU_FPGA:U_CPU|RegFile:U_REGFILE|registers[22][13]                     ; Lost fanout                            ;
; CPU_FPGA:U_CPU|RegFile:U_REGFILE|registers[22][14]                     ; Lost fanout                            ;
; CPU_FPGA:U_CPU|RegFile:U_REGFILE|registers[22][15]                     ; Lost fanout                            ;
; CPU_FPGA:U_CPU|RegFile:U_REGFILE|registers[22][16]                     ; Lost fanout                            ;
; CPU_FPGA:U_CPU|RegFile:U_REGFILE|registers[22][17]                     ; Lost fanout                            ;
; CPU_FPGA:U_CPU|RegFile:U_REGFILE|registers[22][18]                     ; Lost fanout                            ;
; CPU_FPGA:U_CPU|RegFile:U_REGFILE|registers[22][19]                     ; Lost fanout                            ;
; CPU_FPGA:U_CPU|RegFile:U_REGFILE|registers[22][20]                     ; Lost fanout                            ;
; CPU_FPGA:U_CPU|RegFile:U_REGFILE|registers[22][21]                     ; Lost fanout                            ;
; CPU_FPGA:U_CPU|RegFile:U_REGFILE|registers[22][22]                     ; Lost fanout                            ;
; CPU_FPGA:U_CPU|RegFile:U_REGFILE|registers[22][23]                     ; Lost fanout                            ;
; CPU_FPGA:U_CPU|RegFile:U_REGFILE|registers[22][24]                     ; Lost fanout                            ;
; CPU_FPGA:U_CPU|RegFile:U_REGFILE|registers[22][25]                     ; Lost fanout                            ;
; CPU_FPGA:U_CPU|RegFile:U_REGFILE|registers[22][26]                     ; Lost fanout                            ;
; CPU_FPGA:U_CPU|RegFile:U_REGFILE|registers[22][27]                     ; Lost fanout                            ;
; CPU_FPGA:U_CPU|RegFile:U_REGFILE|registers[22][28]                     ; Lost fanout                            ;
; CPU_FPGA:U_CPU|RegFile:U_REGFILE|registers[22][29]                     ; Lost fanout                            ;
; CPU_FPGA:U_CPU|RegFile:U_REGFILE|registers[22][30]                     ; Lost fanout                            ;
; CPU_FPGA:U_CPU|RegFile:U_REGFILE|registers[22][31]                     ; Lost fanout                            ;
; CPU_FPGA:U_CPU|RegFile:U_REGFILE|registers[21][0]                      ; Lost fanout                            ;
; CPU_FPGA:U_CPU|RegFile:U_REGFILE|registers[21][1]                      ; Lost fanout                            ;
; CPU_FPGA:U_CPU|RegFile:U_REGFILE|registers[21][2]                      ; Lost fanout                            ;
; CPU_FPGA:U_CPU|RegFile:U_REGFILE|registers[21][3]                      ; Lost fanout                            ;
; CPU_FPGA:U_CPU|RegFile:U_REGFILE|registers[21][4]                      ; Lost fanout                            ;
; CPU_FPGA:U_CPU|RegFile:U_REGFILE|registers[21][5]                      ; Lost fanout                            ;
; CPU_FPGA:U_CPU|RegFile:U_REGFILE|registers[21][6]                      ; Lost fanout                            ;
; CPU_FPGA:U_CPU|RegFile:U_REGFILE|registers[21][7]                      ; Lost fanout                            ;
; CPU_FPGA:U_CPU|RegFile:U_REGFILE|registers[21][8]                      ; Lost fanout                            ;
; CPU_FPGA:U_CPU|RegFile:U_REGFILE|registers[21][9]                      ; Lost fanout                            ;
; CPU_FPGA:U_CPU|RegFile:U_REGFILE|registers[21][10]                     ; Lost fanout                            ;
; CPU_FPGA:U_CPU|RegFile:U_REGFILE|registers[21][11]                     ; Lost fanout                            ;
; CPU_FPGA:U_CPU|RegFile:U_REGFILE|registers[21][12]                     ; Lost fanout                            ;
; CPU_FPGA:U_CPU|RegFile:U_REGFILE|registers[21][13]                     ; Lost fanout                            ;
; CPU_FPGA:U_CPU|RegFile:U_REGFILE|registers[21][14]                     ; Lost fanout                            ;
; CPU_FPGA:U_CPU|RegFile:U_REGFILE|registers[21][15]                     ; Lost fanout                            ;
; CPU_FPGA:U_CPU|RegFile:U_REGFILE|registers[21][16]                     ; Lost fanout                            ;
; CPU_FPGA:U_CPU|RegFile:U_REGFILE|registers[21][17]                     ; Lost fanout                            ;
; CPU_FPGA:U_CPU|RegFile:U_REGFILE|registers[21][18]                     ; Lost fanout                            ;
; CPU_FPGA:U_CPU|RegFile:U_REGFILE|registers[21][19]                     ; Lost fanout                            ;
; CPU_FPGA:U_CPU|RegFile:U_REGFILE|registers[21][20]                     ; Lost fanout                            ;
; CPU_FPGA:U_CPU|RegFile:U_REGFILE|registers[21][21]                     ; Lost fanout                            ;
; CPU_FPGA:U_CPU|RegFile:U_REGFILE|registers[21][22]                     ; Lost fanout                            ;
; CPU_FPGA:U_CPU|RegFile:U_REGFILE|registers[21][23]                     ; Lost fanout                            ;
; CPU_FPGA:U_CPU|RegFile:U_REGFILE|registers[21][24]                     ; Lost fanout                            ;
; CPU_FPGA:U_CPU|RegFile:U_REGFILE|registers[21][25]                     ; Lost fanout                            ;
; CPU_FPGA:U_CPU|RegFile:U_REGFILE|registers[21][26]                     ; Lost fanout                            ;
; CPU_FPGA:U_CPU|RegFile:U_REGFILE|registers[21][27]                     ; Lost fanout                            ;
; CPU_FPGA:U_CPU|RegFile:U_REGFILE|registers[21][28]                     ; Lost fanout                            ;
; CPU_FPGA:U_CPU|RegFile:U_REGFILE|registers[21][29]                     ; Lost fanout                            ;
; CPU_FPGA:U_CPU|RegFile:U_REGFILE|registers[21][30]                     ; Lost fanout                            ;
; CPU_FPGA:U_CPU|RegFile:U_REGFILE|registers[21][31]                     ; Lost fanout                            ;
; CPU_FPGA:U_CPU|RegFile:U_REGFILE|registers[20][0]                      ; Lost fanout                            ;
; CPU_FPGA:U_CPU|RegFile:U_REGFILE|registers[20][1]                      ; Lost fanout                            ;
; CPU_FPGA:U_CPU|RegFile:U_REGFILE|registers[20][2]                      ; Lost fanout                            ;
; CPU_FPGA:U_CPU|RegFile:U_REGFILE|registers[20][3]                      ; Lost fanout                            ;
; CPU_FPGA:U_CPU|RegFile:U_REGFILE|registers[20][4]                      ; Lost fanout                            ;
; CPU_FPGA:U_CPU|RegFile:U_REGFILE|registers[20][5]                      ; Lost fanout                            ;
; CPU_FPGA:U_CPU|RegFile:U_REGFILE|registers[20][6]                      ; Lost fanout                            ;
; CPU_FPGA:U_CPU|RegFile:U_REGFILE|registers[20][7]                      ; Lost fanout                            ;
; CPU_FPGA:U_CPU|RegFile:U_REGFILE|registers[20][8]                      ; Lost fanout                            ;
; CPU_FPGA:U_CPU|RegFile:U_REGFILE|registers[20][9]                      ; Lost fanout                            ;
; CPU_FPGA:U_CPU|RegFile:U_REGFILE|registers[20][10]                     ; Lost fanout                            ;
; CPU_FPGA:U_CPU|RegFile:U_REGFILE|registers[20][11]                     ; Lost fanout                            ;
; CPU_FPGA:U_CPU|RegFile:U_REGFILE|registers[20][12]                     ; Lost fanout                            ;
; CPU_FPGA:U_CPU|RegFile:U_REGFILE|registers[20][13]                     ; Lost fanout                            ;
; CPU_FPGA:U_CPU|RegFile:U_REGFILE|registers[20][14]                     ; Lost fanout                            ;
; CPU_FPGA:U_CPU|RegFile:U_REGFILE|registers[20][15]                     ; Lost fanout                            ;
; CPU_FPGA:U_CPU|RegFile:U_REGFILE|registers[20][16]                     ; Lost fanout                            ;
; CPU_FPGA:U_CPU|RegFile:U_REGFILE|registers[20][17]                     ; Lost fanout                            ;
; CPU_FPGA:U_CPU|RegFile:U_REGFILE|registers[20][18]                     ; Lost fanout                            ;
; CPU_FPGA:U_CPU|RegFile:U_REGFILE|registers[20][19]                     ; Lost fanout                            ;
; CPU_FPGA:U_CPU|RegFile:U_REGFILE|registers[20][20]                     ; Lost fanout                            ;
; CPU_FPGA:U_CPU|RegFile:U_REGFILE|registers[20][21]                     ; Lost fanout                            ;
; CPU_FPGA:U_CPU|RegFile:U_REGFILE|registers[20][22]                     ; Lost fanout                            ;
; CPU_FPGA:U_CPU|RegFile:U_REGFILE|registers[20][23]                     ; Lost fanout                            ;
; CPU_FPGA:U_CPU|RegFile:U_REGFILE|registers[20][24]                     ; Lost fanout                            ;
; CPU_FPGA:U_CPU|RegFile:U_REGFILE|registers[20][25]                     ; Lost fanout                            ;
; CPU_FPGA:U_CPU|RegFile:U_REGFILE|registers[20][26]                     ; Lost fanout                            ;
; CPU_FPGA:U_CPU|RegFile:U_REGFILE|registers[20][27]                     ; Lost fanout                            ;
; CPU_FPGA:U_CPU|RegFile:U_REGFILE|registers[20][28]                     ; Lost fanout                            ;
; CPU_FPGA:U_CPU|RegFile:U_REGFILE|registers[20][29]                     ; Lost fanout                            ;
; CPU_FPGA:U_CPU|RegFile:U_REGFILE|registers[20][30]                     ; Lost fanout                            ;
; CPU_FPGA:U_CPU|RegFile:U_REGFILE|registers[20][31]                     ; Lost fanout                            ;
; CPU_FPGA:U_CPU|RegFile:U_REGFILE|registers[19][0]                      ; Lost fanout                            ;
; CPU_FPGA:U_CPU|RegFile:U_REGFILE|registers[19][1]                      ; Lost fanout                            ;
; CPU_FPGA:U_CPU|RegFile:U_REGFILE|registers[19][2]                      ; Lost fanout                            ;
; CPU_FPGA:U_CPU|RegFile:U_REGFILE|registers[19][3]                      ; Lost fanout                            ;
; CPU_FPGA:U_CPU|RegFile:U_REGFILE|registers[19][4]                      ; Lost fanout                            ;
; CPU_FPGA:U_CPU|RegFile:U_REGFILE|registers[19][5]                      ; Lost fanout                            ;
; CPU_FPGA:U_CPU|RegFile:U_REGFILE|registers[19][6]                      ; Lost fanout                            ;
; CPU_FPGA:U_CPU|RegFile:U_REGFILE|registers[19][7]                      ; Lost fanout                            ;
; CPU_FPGA:U_CPU|RegFile:U_REGFILE|registers[19][8]                      ; Lost fanout                            ;
; CPU_FPGA:U_CPU|RegFile:U_REGFILE|registers[19][9]                      ; Lost fanout                            ;
; CPU_FPGA:U_CPU|RegFile:U_REGFILE|registers[19][10]                     ; Lost fanout                            ;
; CPU_FPGA:U_CPU|RegFile:U_REGFILE|registers[19][11]                     ; Lost fanout                            ;
; CPU_FPGA:U_CPU|RegFile:U_REGFILE|registers[19][12]                     ; Lost fanout                            ;
; CPU_FPGA:U_CPU|RegFile:U_REGFILE|registers[19][13]                     ; Lost fanout                            ;
; CPU_FPGA:U_CPU|RegFile:U_REGFILE|registers[19][14]                     ; Lost fanout                            ;
; CPU_FPGA:U_CPU|RegFile:U_REGFILE|registers[19][15]                     ; Lost fanout                            ;
; CPU_FPGA:U_CPU|RegFile:U_REGFILE|registers[19][16]                     ; Lost fanout                            ;
; CPU_FPGA:U_CPU|RegFile:U_REGFILE|registers[19][17]                     ; Lost fanout                            ;
; CPU_FPGA:U_CPU|RegFile:U_REGFILE|registers[19][18]                     ; Lost fanout                            ;
; CPU_FPGA:U_CPU|RegFile:U_REGFILE|registers[19][19]                     ; Lost fanout                            ;
; CPU_FPGA:U_CPU|RegFile:U_REGFILE|registers[19][20]                     ; Lost fanout                            ;
; CPU_FPGA:U_CPU|RegFile:U_REGFILE|registers[19][21]                     ; Lost fanout                            ;
; CPU_FPGA:U_CPU|RegFile:U_REGFILE|registers[19][22]                     ; Lost fanout                            ;
; CPU_FPGA:U_CPU|RegFile:U_REGFILE|registers[19][23]                     ; Lost fanout                            ;
; CPU_FPGA:U_CPU|RegFile:U_REGFILE|registers[19][24]                     ; Lost fanout                            ;
; CPU_FPGA:U_CPU|RegFile:U_REGFILE|registers[19][25]                     ; Lost fanout                            ;
; CPU_FPGA:U_CPU|RegFile:U_REGFILE|registers[19][26]                     ; Lost fanout                            ;
; CPU_FPGA:U_CPU|RegFile:U_REGFILE|registers[19][27]                     ; Lost fanout                            ;
; CPU_FPGA:U_CPU|RegFile:U_REGFILE|registers[19][28]                     ; Lost fanout                            ;
; CPU_FPGA:U_CPU|RegFile:U_REGFILE|registers[19][29]                     ; Lost fanout                            ;
; CPU_FPGA:U_CPU|RegFile:U_REGFILE|registers[19][30]                     ; Lost fanout                            ;
; CPU_FPGA:U_CPU|RegFile:U_REGFILE|registers[19][31]                     ; Lost fanout                            ;
; CPU_FPGA:U_CPU|RegFile:U_REGFILE|registers[18][0]                      ; Lost fanout                            ;
; CPU_FPGA:U_CPU|RegFile:U_REGFILE|registers[18][1]                      ; Lost fanout                            ;
; CPU_FPGA:U_CPU|RegFile:U_REGFILE|registers[18][2]                      ; Lost fanout                            ;
; CPU_FPGA:U_CPU|RegFile:U_REGFILE|registers[18][3]                      ; Lost fanout                            ;
; CPU_FPGA:U_CPU|RegFile:U_REGFILE|registers[18][4]                      ; Lost fanout                            ;
; CPU_FPGA:U_CPU|RegFile:U_REGFILE|registers[18][5]                      ; Lost fanout                            ;
; CPU_FPGA:U_CPU|RegFile:U_REGFILE|registers[18][6]                      ; Lost fanout                            ;
; CPU_FPGA:U_CPU|RegFile:U_REGFILE|registers[18][7]                      ; Lost fanout                            ;
; CPU_FPGA:U_CPU|RegFile:U_REGFILE|registers[18][8]                      ; Lost fanout                            ;
; CPU_FPGA:U_CPU|RegFile:U_REGFILE|registers[18][9]                      ; Lost fanout                            ;
; CPU_FPGA:U_CPU|RegFile:U_REGFILE|registers[18][10]                     ; Lost fanout                            ;
; CPU_FPGA:U_CPU|RegFile:U_REGFILE|registers[18][11]                     ; Lost fanout                            ;
; CPU_FPGA:U_CPU|RegFile:U_REGFILE|registers[18][12]                     ; Lost fanout                            ;
; CPU_FPGA:U_CPU|RegFile:U_REGFILE|registers[18][13]                     ; Lost fanout                            ;
; CPU_FPGA:U_CPU|RegFile:U_REGFILE|registers[18][14]                     ; Lost fanout                            ;
; CPU_FPGA:U_CPU|RegFile:U_REGFILE|registers[18][15]                     ; Lost fanout                            ;
; CPU_FPGA:U_CPU|RegFile:U_REGFILE|registers[18][16]                     ; Lost fanout                            ;
; CPU_FPGA:U_CPU|RegFile:U_REGFILE|registers[18][17]                     ; Lost fanout                            ;
; CPU_FPGA:U_CPU|RegFile:U_REGFILE|registers[18][18]                     ; Lost fanout                            ;
; CPU_FPGA:U_CPU|RegFile:U_REGFILE|registers[18][19]                     ; Lost fanout                            ;
; CPU_FPGA:U_CPU|RegFile:U_REGFILE|registers[18][20]                     ; Lost fanout                            ;
; CPU_FPGA:U_CPU|RegFile:U_REGFILE|registers[18][21]                     ; Lost fanout                            ;
; CPU_FPGA:U_CPU|RegFile:U_REGFILE|registers[18][22]                     ; Lost fanout                            ;
; CPU_FPGA:U_CPU|RegFile:U_REGFILE|registers[18][23]                     ; Lost fanout                            ;
; CPU_FPGA:U_CPU|RegFile:U_REGFILE|registers[18][24]                     ; Lost fanout                            ;
; CPU_FPGA:U_CPU|RegFile:U_REGFILE|registers[18][25]                     ; Lost fanout                            ;
; CPU_FPGA:U_CPU|RegFile:U_REGFILE|registers[18][26]                     ; Lost fanout                            ;
; CPU_FPGA:U_CPU|RegFile:U_REGFILE|registers[18][27]                     ; Lost fanout                            ;
; CPU_FPGA:U_CPU|RegFile:U_REGFILE|registers[18][28]                     ; Lost fanout                            ;
; CPU_FPGA:U_CPU|RegFile:U_REGFILE|registers[18][29]                     ; Lost fanout                            ;
; CPU_FPGA:U_CPU|RegFile:U_REGFILE|registers[18][30]                     ; Lost fanout                            ;
; CPU_FPGA:U_CPU|RegFile:U_REGFILE|registers[18][31]                     ; Lost fanout                            ;
; CPU_FPGA:U_CPU|RegFile:U_REGFILE|registers[17][0]                      ; Lost fanout                            ;
; CPU_FPGA:U_CPU|RegFile:U_REGFILE|registers[17][1]                      ; Lost fanout                            ;
; CPU_FPGA:U_CPU|RegFile:U_REGFILE|registers[17][2]                      ; Lost fanout                            ;
; CPU_FPGA:U_CPU|RegFile:U_REGFILE|registers[17][3]                      ; Lost fanout                            ;
; CPU_FPGA:U_CPU|RegFile:U_REGFILE|registers[17][4]                      ; Lost fanout                            ;
; CPU_FPGA:U_CPU|RegFile:U_REGFILE|registers[17][5]                      ; Lost fanout                            ;
; CPU_FPGA:U_CPU|RegFile:U_REGFILE|registers[17][6]                      ; Lost fanout                            ;
; CPU_FPGA:U_CPU|RegFile:U_REGFILE|registers[17][7]                      ; Lost fanout                            ;
; CPU_FPGA:U_CPU|RegFile:U_REGFILE|registers[17][8]                      ; Lost fanout                            ;
; CPU_FPGA:U_CPU|RegFile:U_REGFILE|registers[17][9]                      ; Lost fanout                            ;
; CPU_FPGA:U_CPU|RegFile:U_REGFILE|registers[17][10]                     ; Lost fanout                            ;
; CPU_FPGA:U_CPU|RegFile:U_REGFILE|registers[17][11]                     ; Lost fanout                            ;
; CPU_FPGA:U_CPU|RegFile:U_REGFILE|registers[17][12]                     ; Lost fanout                            ;
; CPU_FPGA:U_CPU|RegFile:U_REGFILE|registers[17][13]                     ; Lost fanout                            ;
; CPU_FPGA:U_CPU|RegFile:U_REGFILE|registers[17][14]                     ; Lost fanout                            ;
; CPU_FPGA:U_CPU|RegFile:U_REGFILE|registers[17][15]                     ; Lost fanout                            ;
; CPU_FPGA:U_CPU|RegFile:U_REGFILE|registers[17][16]                     ; Lost fanout                            ;
; CPU_FPGA:U_CPU|RegFile:U_REGFILE|registers[17][17]                     ; Lost fanout                            ;
; CPU_FPGA:U_CPU|RegFile:U_REGFILE|registers[17][18]                     ; Lost fanout                            ;
; CPU_FPGA:U_CPU|RegFile:U_REGFILE|registers[17][19]                     ; Lost fanout                            ;
; CPU_FPGA:U_CPU|RegFile:U_REGFILE|registers[17][20]                     ; Lost fanout                            ;
; CPU_FPGA:U_CPU|RegFile:U_REGFILE|registers[17][21]                     ; Lost fanout                            ;
; CPU_FPGA:U_CPU|RegFile:U_REGFILE|registers[17][22]                     ; Lost fanout                            ;
; CPU_FPGA:U_CPU|RegFile:U_REGFILE|registers[17][23]                     ; Lost fanout                            ;
; CPU_FPGA:U_CPU|RegFile:U_REGFILE|registers[17][24]                     ; Lost fanout                            ;
; CPU_FPGA:U_CPU|RegFile:U_REGFILE|registers[17][25]                     ; Lost fanout                            ;
; CPU_FPGA:U_CPU|RegFile:U_REGFILE|registers[17][26]                     ; Lost fanout                            ;
; CPU_FPGA:U_CPU|RegFile:U_REGFILE|registers[17][27]                     ; Lost fanout                            ;
; CPU_FPGA:U_CPU|RegFile:U_REGFILE|registers[17][28]                     ; Lost fanout                            ;
; CPU_FPGA:U_CPU|RegFile:U_REGFILE|registers[17][29]                     ; Lost fanout                            ;
; CPU_FPGA:U_CPU|RegFile:U_REGFILE|registers[17][30]                     ; Lost fanout                            ;
; CPU_FPGA:U_CPU|RegFile:U_REGFILE|registers[17][31]                     ; Lost fanout                            ;
; CPU_FPGA:U_CPU|RegFile:U_REGFILE|registers[16][0]                      ; Lost fanout                            ;
; CPU_FPGA:U_CPU|RegFile:U_REGFILE|registers[16][1]                      ; Lost fanout                            ;
; CPU_FPGA:U_CPU|RegFile:U_REGFILE|registers[16][2]                      ; Lost fanout                            ;
; CPU_FPGA:U_CPU|RegFile:U_REGFILE|registers[16][3]                      ; Lost fanout                            ;
; CPU_FPGA:U_CPU|RegFile:U_REGFILE|registers[16][4]                      ; Lost fanout                            ;
; CPU_FPGA:U_CPU|RegFile:U_REGFILE|registers[16][5]                      ; Lost fanout                            ;
; CPU_FPGA:U_CPU|RegFile:U_REGFILE|registers[16][6]                      ; Lost fanout                            ;
; CPU_FPGA:U_CPU|RegFile:U_REGFILE|registers[16][7]                      ; Lost fanout                            ;
; CPU_FPGA:U_CPU|RegFile:U_REGFILE|registers[16][8]                      ; Lost fanout                            ;
; CPU_FPGA:U_CPU|RegFile:U_REGFILE|registers[16][9]                      ; Lost fanout                            ;
; CPU_FPGA:U_CPU|RegFile:U_REGFILE|registers[16][10]                     ; Lost fanout                            ;
; CPU_FPGA:U_CPU|RegFile:U_REGFILE|registers[16][11]                     ; Lost fanout                            ;
; CPU_FPGA:U_CPU|RegFile:U_REGFILE|registers[16][12]                     ; Lost fanout                            ;
; CPU_FPGA:U_CPU|RegFile:U_REGFILE|registers[16][13]                     ; Lost fanout                            ;
; CPU_FPGA:U_CPU|RegFile:U_REGFILE|registers[16][14]                     ; Lost fanout                            ;
; CPU_FPGA:U_CPU|RegFile:U_REGFILE|registers[16][15]                     ; Lost fanout                            ;
; CPU_FPGA:U_CPU|RegFile:U_REGFILE|registers[16][16]                     ; Lost fanout                            ;
; CPU_FPGA:U_CPU|RegFile:U_REGFILE|registers[16][17]                     ; Lost fanout                            ;
; CPU_FPGA:U_CPU|RegFile:U_REGFILE|registers[16][18]                     ; Lost fanout                            ;
; CPU_FPGA:U_CPU|RegFile:U_REGFILE|registers[16][19]                     ; Lost fanout                            ;
; CPU_FPGA:U_CPU|RegFile:U_REGFILE|registers[16][20]                     ; Lost fanout                            ;
; CPU_FPGA:U_CPU|RegFile:U_REGFILE|registers[16][21]                     ; Lost fanout                            ;
; CPU_FPGA:U_CPU|RegFile:U_REGFILE|registers[16][22]                     ; Lost fanout                            ;
; CPU_FPGA:U_CPU|RegFile:U_REGFILE|registers[16][23]                     ; Lost fanout                            ;
; CPU_FPGA:U_CPU|RegFile:U_REGFILE|registers[16][24]                     ; Lost fanout                            ;
; CPU_FPGA:U_CPU|RegFile:U_REGFILE|registers[16][25]                     ; Lost fanout                            ;
; CPU_FPGA:U_CPU|RegFile:U_REGFILE|registers[16][26]                     ; Lost fanout                            ;
; CPU_FPGA:U_CPU|RegFile:U_REGFILE|registers[16][27]                     ; Lost fanout                            ;
; CPU_FPGA:U_CPU|RegFile:U_REGFILE|registers[16][28]                     ; Lost fanout                            ;
; CPU_FPGA:U_CPU|RegFile:U_REGFILE|registers[16][29]                     ; Lost fanout                            ;
; CPU_FPGA:U_CPU|RegFile:U_REGFILE|registers[16][30]                     ; Lost fanout                            ;
; CPU_FPGA:U_CPU|RegFile:U_REGFILE|registers[16][31]                     ; Lost fanout                            ;
; CPU_FPGA:U_CPU|RegFile:U_REGFILE|registers[15][0]                      ; Lost fanout                            ;
; CPU_FPGA:U_CPU|RegFile:U_REGFILE|registers[15][1]                      ; Lost fanout                            ;
; CPU_FPGA:U_CPU|RegFile:U_REGFILE|registers[15][2]                      ; Lost fanout                            ;
; CPU_FPGA:U_CPU|RegFile:U_REGFILE|registers[15][3]                      ; Lost fanout                            ;
; CPU_FPGA:U_CPU|RegFile:U_REGFILE|registers[15][4]                      ; Lost fanout                            ;
; CPU_FPGA:U_CPU|RegFile:U_REGFILE|registers[15][5]                      ; Lost fanout                            ;
; CPU_FPGA:U_CPU|RegFile:U_REGFILE|registers[15][6]                      ; Lost fanout                            ;
; CPU_FPGA:U_CPU|RegFile:U_REGFILE|registers[15][7]                      ; Lost fanout                            ;
; CPU_FPGA:U_CPU|RegFile:U_REGFILE|registers[15][8]                      ; Lost fanout                            ;
; CPU_FPGA:U_CPU|RegFile:U_REGFILE|registers[15][9]                      ; Lost fanout                            ;
; CPU_FPGA:U_CPU|RegFile:U_REGFILE|registers[15][10]                     ; Lost fanout                            ;
; CPU_FPGA:U_CPU|RegFile:U_REGFILE|registers[15][11]                     ; Lost fanout                            ;
; CPU_FPGA:U_CPU|RegFile:U_REGFILE|registers[15][12]                     ; Lost fanout                            ;
; CPU_FPGA:U_CPU|RegFile:U_REGFILE|registers[15][13]                     ; Lost fanout                            ;
; CPU_FPGA:U_CPU|RegFile:U_REGFILE|registers[15][14]                     ; Lost fanout                            ;
; CPU_FPGA:U_CPU|RegFile:U_REGFILE|registers[15][15]                     ; Lost fanout                            ;
; CPU_FPGA:U_CPU|RegFile:U_REGFILE|registers[15][16]                     ; Lost fanout                            ;
; CPU_FPGA:U_CPU|RegFile:U_REGFILE|registers[15][17]                     ; Lost fanout                            ;
; CPU_FPGA:U_CPU|RegFile:U_REGFILE|registers[15][18]                     ; Lost fanout                            ;
; CPU_FPGA:U_CPU|RegFile:U_REGFILE|registers[15][19]                     ; Lost fanout                            ;
; CPU_FPGA:U_CPU|RegFile:U_REGFILE|registers[15][20]                     ; Lost fanout                            ;
; CPU_FPGA:U_CPU|RegFile:U_REGFILE|registers[15][21]                     ; Lost fanout                            ;
; CPU_FPGA:U_CPU|RegFile:U_REGFILE|registers[15][22]                     ; Lost fanout                            ;
; CPU_FPGA:U_CPU|RegFile:U_REGFILE|registers[15][23]                     ; Lost fanout                            ;
; CPU_FPGA:U_CPU|RegFile:U_REGFILE|registers[15][24]                     ; Lost fanout                            ;
; CPU_FPGA:U_CPU|RegFile:U_REGFILE|registers[15][25]                     ; Lost fanout                            ;
; CPU_FPGA:U_CPU|RegFile:U_REGFILE|registers[15][26]                     ; Lost fanout                            ;
; CPU_FPGA:U_CPU|RegFile:U_REGFILE|registers[15][27]                     ; Lost fanout                            ;
; CPU_FPGA:U_CPU|RegFile:U_REGFILE|registers[15][28]                     ; Lost fanout                            ;
; CPU_FPGA:U_CPU|RegFile:U_REGFILE|registers[15][29]                     ; Lost fanout                            ;
; CPU_FPGA:U_CPU|RegFile:U_REGFILE|registers[15][30]                     ; Lost fanout                            ;
; CPU_FPGA:U_CPU|RegFile:U_REGFILE|registers[15][31]                     ; Lost fanout                            ;
; CPU_FPGA:U_CPU|RegFile:U_REGFILE|registers[14][0]                      ; Lost fanout                            ;
; CPU_FPGA:U_CPU|RegFile:U_REGFILE|registers[14][1]                      ; Lost fanout                            ;
; CPU_FPGA:U_CPU|RegFile:U_REGFILE|registers[14][2]                      ; Lost fanout                            ;
; CPU_FPGA:U_CPU|RegFile:U_REGFILE|registers[14][3]                      ; Lost fanout                            ;
; CPU_FPGA:U_CPU|RegFile:U_REGFILE|registers[14][4]                      ; Lost fanout                            ;
; CPU_FPGA:U_CPU|RegFile:U_REGFILE|registers[14][5]                      ; Lost fanout                            ;
; CPU_FPGA:U_CPU|RegFile:U_REGFILE|registers[14][6]                      ; Lost fanout                            ;
; CPU_FPGA:U_CPU|RegFile:U_REGFILE|registers[14][7]                      ; Lost fanout                            ;
; CPU_FPGA:U_CPU|RegFile:U_REGFILE|registers[14][8]                      ; Lost fanout                            ;
; CPU_FPGA:U_CPU|RegFile:U_REGFILE|registers[14][9]                      ; Lost fanout                            ;
; CPU_FPGA:U_CPU|RegFile:U_REGFILE|registers[14][10]                     ; Lost fanout                            ;
; CPU_FPGA:U_CPU|RegFile:U_REGFILE|registers[14][11]                     ; Lost fanout                            ;
; CPU_FPGA:U_CPU|RegFile:U_REGFILE|registers[14][12]                     ; Lost fanout                            ;
; CPU_FPGA:U_CPU|RegFile:U_REGFILE|registers[14][13]                     ; Lost fanout                            ;
; CPU_FPGA:U_CPU|RegFile:U_REGFILE|registers[14][14]                     ; Lost fanout                            ;
; CPU_FPGA:U_CPU|RegFile:U_REGFILE|registers[14][15]                     ; Lost fanout                            ;
; CPU_FPGA:U_CPU|RegFile:U_REGFILE|registers[14][16]                     ; Lost fanout                            ;
; CPU_FPGA:U_CPU|RegFile:U_REGFILE|registers[14][17]                     ; Lost fanout                            ;
; CPU_FPGA:U_CPU|RegFile:U_REGFILE|registers[14][18]                     ; Lost fanout                            ;
; CPU_FPGA:U_CPU|RegFile:U_REGFILE|registers[14][19]                     ; Lost fanout                            ;
; CPU_FPGA:U_CPU|RegFile:U_REGFILE|registers[14][20]                     ; Lost fanout                            ;
; CPU_FPGA:U_CPU|RegFile:U_REGFILE|registers[14][21]                     ; Lost fanout                            ;
; CPU_FPGA:U_CPU|RegFile:U_REGFILE|registers[14][22]                     ; Lost fanout                            ;
; CPU_FPGA:U_CPU|RegFile:U_REGFILE|registers[14][23]                     ; Lost fanout                            ;
; CPU_FPGA:U_CPU|RegFile:U_REGFILE|registers[14][24]                     ; Lost fanout                            ;
; CPU_FPGA:U_CPU|RegFile:U_REGFILE|registers[14][25]                     ; Lost fanout                            ;
; CPU_FPGA:U_CPU|RegFile:U_REGFILE|registers[14][26]                     ; Lost fanout                            ;
; CPU_FPGA:U_CPU|RegFile:U_REGFILE|registers[14][27]                     ; Lost fanout                            ;
; CPU_FPGA:U_CPU|RegFile:U_REGFILE|registers[14][28]                     ; Lost fanout                            ;
; CPU_FPGA:U_CPU|RegFile:U_REGFILE|registers[14][29]                     ; Lost fanout                            ;
; CPU_FPGA:U_CPU|RegFile:U_REGFILE|registers[14][30]                     ; Lost fanout                            ;
; CPU_FPGA:U_CPU|RegFile:U_REGFILE|registers[14][31]                     ; Lost fanout                            ;
; CPU_FPGA:U_CPU|RegFile:U_REGFILE|registers[13][0]                      ; Lost fanout                            ;
; CPU_FPGA:U_CPU|RegFile:U_REGFILE|registers[13][1]                      ; Lost fanout                            ;
; CPU_FPGA:U_CPU|RegFile:U_REGFILE|registers[13][2]                      ; Lost fanout                            ;
; CPU_FPGA:U_CPU|RegFile:U_REGFILE|registers[13][3]                      ; Lost fanout                            ;
; CPU_FPGA:U_CPU|RegFile:U_REGFILE|registers[13][4]                      ; Lost fanout                            ;
; CPU_FPGA:U_CPU|RegFile:U_REGFILE|registers[13][5]                      ; Lost fanout                            ;
; CPU_FPGA:U_CPU|RegFile:U_REGFILE|registers[13][6]                      ; Lost fanout                            ;
; CPU_FPGA:U_CPU|RegFile:U_REGFILE|registers[13][7]                      ; Lost fanout                            ;
; CPU_FPGA:U_CPU|RegFile:U_REGFILE|registers[13][8]                      ; Lost fanout                            ;
; CPU_FPGA:U_CPU|RegFile:U_REGFILE|registers[13][9]                      ; Lost fanout                            ;
; CPU_FPGA:U_CPU|RegFile:U_REGFILE|registers[13][10]                     ; Lost fanout                            ;
; CPU_FPGA:U_CPU|RegFile:U_REGFILE|registers[13][11]                     ; Lost fanout                            ;
; CPU_FPGA:U_CPU|RegFile:U_REGFILE|registers[13][12]                     ; Lost fanout                            ;
; CPU_FPGA:U_CPU|RegFile:U_REGFILE|registers[13][13]                     ; Lost fanout                            ;
; CPU_FPGA:U_CPU|RegFile:U_REGFILE|registers[13][14]                     ; Lost fanout                            ;
; CPU_FPGA:U_CPU|RegFile:U_REGFILE|registers[13][15]                     ; Lost fanout                            ;
; CPU_FPGA:U_CPU|RegFile:U_REGFILE|registers[13][16]                     ; Lost fanout                            ;
; CPU_FPGA:U_CPU|RegFile:U_REGFILE|registers[13][17]                     ; Lost fanout                            ;
; CPU_FPGA:U_CPU|RegFile:U_REGFILE|registers[13][18]                     ; Lost fanout                            ;
; CPU_FPGA:U_CPU|RegFile:U_REGFILE|registers[13][19]                     ; Lost fanout                            ;
; CPU_FPGA:U_CPU|RegFile:U_REGFILE|registers[13][20]                     ; Lost fanout                            ;
; CPU_FPGA:U_CPU|RegFile:U_REGFILE|registers[13][21]                     ; Lost fanout                            ;
; CPU_FPGA:U_CPU|RegFile:U_REGFILE|registers[13][22]                     ; Lost fanout                            ;
; CPU_FPGA:U_CPU|RegFile:U_REGFILE|registers[13][23]                     ; Lost fanout                            ;
; CPU_FPGA:U_CPU|RegFile:U_REGFILE|registers[13][24]                     ; Lost fanout                            ;
; CPU_FPGA:U_CPU|RegFile:U_REGFILE|registers[13][25]                     ; Lost fanout                            ;
; CPU_FPGA:U_CPU|RegFile:U_REGFILE|registers[13][26]                     ; Lost fanout                            ;
; CPU_FPGA:U_CPU|RegFile:U_REGFILE|registers[13][27]                     ; Lost fanout                            ;
; CPU_FPGA:U_CPU|RegFile:U_REGFILE|registers[13][28]                     ; Lost fanout                            ;
; CPU_FPGA:U_CPU|RegFile:U_REGFILE|registers[13][29]                     ; Lost fanout                            ;
; CPU_FPGA:U_CPU|RegFile:U_REGFILE|registers[13][30]                     ; Lost fanout                            ;
; CPU_FPGA:U_CPU|RegFile:U_REGFILE|registers[13][31]                     ; Lost fanout                            ;
; CPU_FPGA:U_CPU|RegFile:U_REGFILE|registers[12][0]                      ; Lost fanout                            ;
; CPU_FPGA:U_CPU|RegFile:U_REGFILE|registers[12][1]                      ; Lost fanout                            ;
; CPU_FPGA:U_CPU|RegFile:U_REGFILE|registers[12][2]                      ; Lost fanout                            ;
; CPU_FPGA:U_CPU|RegFile:U_REGFILE|registers[12][3]                      ; Lost fanout                            ;
; CPU_FPGA:U_CPU|RegFile:U_REGFILE|registers[12][4]                      ; Lost fanout                            ;
; CPU_FPGA:U_CPU|RegFile:U_REGFILE|registers[12][5]                      ; Lost fanout                            ;
; CPU_FPGA:U_CPU|RegFile:U_REGFILE|registers[12][6]                      ; Lost fanout                            ;
; CPU_FPGA:U_CPU|RegFile:U_REGFILE|registers[12][7]                      ; Lost fanout                            ;
; CPU_FPGA:U_CPU|RegFile:U_REGFILE|registers[12][8]                      ; Lost fanout                            ;
; CPU_FPGA:U_CPU|RegFile:U_REGFILE|registers[12][9]                      ; Lost fanout                            ;
; CPU_FPGA:U_CPU|RegFile:U_REGFILE|registers[12][10]                     ; Lost fanout                            ;
; CPU_FPGA:U_CPU|RegFile:U_REGFILE|registers[12][11]                     ; Lost fanout                            ;
; CPU_FPGA:U_CPU|RegFile:U_REGFILE|registers[12][12]                     ; Lost fanout                            ;
; CPU_FPGA:U_CPU|RegFile:U_REGFILE|registers[12][13]                     ; Lost fanout                            ;
; CPU_FPGA:U_CPU|RegFile:U_REGFILE|registers[12][14]                     ; Lost fanout                            ;
; CPU_FPGA:U_CPU|RegFile:U_REGFILE|registers[12][15]                     ; Lost fanout                            ;
; CPU_FPGA:U_CPU|RegFile:U_REGFILE|registers[12][16]                     ; Lost fanout                            ;
; CPU_FPGA:U_CPU|RegFile:U_REGFILE|registers[12][17]                     ; Lost fanout                            ;
; CPU_FPGA:U_CPU|RegFile:U_REGFILE|registers[12][18]                     ; Lost fanout                            ;
; CPU_FPGA:U_CPU|RegFile:U_REGFILE|registers[12][19]                     ; Lost fanout                            ;
; CPU_FPGA:U_CPU|RegFile:U_REGFILE|registers[12][20]                     ; Lost fanout                            ;
; CPU_FPGA:U_CPU|RegFile:U_REGFILE|registers[12][21]                     ; Lost fanout                            ;
; CPU_FPGA:U_CPU|RegFile:U_REGFILE|registers[12][22]                     ; Lost fanout                            ;
; CPU_FPGA:U_CPU|RegFile:U_REGFILE|registers[12][23]                     ; Lost fanout                            ;
; CPU_FPGA:U_CPU|RegFile:U_REGFILE|registers[12][24]                     ; Lost fanout                            ;
; CPU_FPGA:U_CPU|RegFile:U_REGFILE|registers[12][25]                     ; Lost fanout                            ;
; CPU_FPGA:U_CPU|RegFile:U_REGFILE|registers[12][26]                     ; Lost fanout                            ;
; CPU_FPGA:U_CPU|RegFile:U_REGFILE|registers[12][27]                     ; Lost fanout                            ;
; CPU_FPGA:U_CPU|RegFile:U_REGFILE|registers[12][28]                     ; Lost fanout                            ;
; CPU_FPGA:U_CPU|RegFile:U_REGFILE|registers[12][29]                     ; Lost fanout                            ;
; CPU_FPGA:U_CPU|RegFile:U_REGFILE|registers[12][30]                     ; Lost fanout                            ;
; CPU_FPGA:U_CPU|RegFile:U_REGFILE|registers[12][31]                     ; Lost fanout                            ;
; CPU_FPGA:U_CPU|RegFile:U_REGFILE|registers[11][0]                      ; Lost fanout                            ;
; CPU_FPGA:U_CPU|RegFile:U_REGFILE|registers[11][1]                      ; Lost fanout                            ;
; CPU_FPGA:U_CPU|RegFile:U_REGFILE|registers[11][2]                      ; Lost fanout                            ;
; CPU_FPGA:U_CPU|RegFile:U_REGFILE|registers[11][3]                      ; Lost fanout                            ;
; CPU_FPGA:U_CPU|RegFile:U_REGFILE|registers[11][4]                      ; Lost fanout                            ;
; CPU_FPGA:U_CPU|RegFile:U_REGFILE|registers[11][5]                      ; Lost fanout                            ;
; CPU_FPGA:U_CPU|RegFile:U_REGFILE|registers[11][6]                      ; Lost fanout                            ;
; CPU_FPGA:U_CPU|RegFile:U_REGFILE|registers[11][7]                      ; Lost fanout                            ;
; CPU_FPGA:U_CPU|RegFile:U_REGFILE|registers[11][8]                      ; Lost fanout                            ;
; CPU_FPGA:U_CPU|RegFile:U_REGFILE|registers[11][9]                      ; Lost fanout                            ;
; CPU_FPGA:U_CPU|RegFile:U_REGFILE|registers[11][10]                     ; Lost fanout                            ;
; CPU_FPGA:U_CPU|RegFile:U_REGFILE|registers[11][11]                     ; Lost fanout                            ;
; CPU_FPGA:U_CPU|RegFile:U_REGFILE|registers[11][12]                     ; Lost fanout                            ;
; CPU_FPGA:U_CPU|RegFile:U_REGFILE|registers[11][13]                     ; Lost fanout                            ;
; CPU_FPGA:U_CPU|RegFile:U_REGFILE|registers[11][14]                     ; Lost fanout                            ;
; CPU_FPGA:U_CPU|RegFile:U_REGFILE|registers[11][15]                     ; Lost fanout                            ;
; CPU_FPGA:U_CPU|RegFile:U_REGFILE|registers[11][16]                     ; Lost fanout                            ;
; CPU_FPGA:U_CPU|RegFile:U_REGFILE|registers[11][17]                     ; Lost fanout                            ;
; CPU_FPGA:U_CPU|RegFile:U_REGFILE|registers[11][18]                     ; Lost fanout                            ;
; CPU_FPGA:U_CPU|RegFile:U_REGFILE|registers[11][19]                     ; Lost fanout                            ;
; CPU_FPGA:U_CPU|RegFile:U_REGFILE|registers[11][20]                     ; Lost fanout                            ;
; CPU_FPGA:U_CPU|RegFile:U_REGFILE|registers[11][21]                     ; Lost fanout                            ;
; CPU_FPGA:U_CPU|RegFile:U_REGFILE|registers[11][22]                     ; Lost fanout                            ;
; CPU_FPGA:U_CPU|RegFile:U_REGFILE|registers[11][23]                     ; Lost fanout                            ;
; CPU_FPGA:U_CPU|RegFile:U_REGFILE|registers[11][24]                     ; Lost fanout                            ;
; CPU_FPGA:U_CPU|RegFile:U_REGFILE|registers[11][25]                     ; Lost fanout                            ;
; CPU_FPGA:U_CPU|RegFile:U_REGFILE|registers[11][26]                     ; Lost fanout                            ;
; CPU_FPGA:U_CPU|RegFile:U_REGFILE|registers[11][27]                     ; Lost fanout                            ;
; CPU_FPGA:U_CPU|RegFile:U_REGFILE|registers[11][28]                     ; Lost fanout                            ;
; CPU_FPGA:U_CPU|RegFile:U_REGFILE|registers[11][29]                     ; Lost fanout                            ;
; CPU_FPGA:U_CPU|RegFile:U_REGFILE|registers[11][30]                     ; Lost fanout                            ;
; CPU_FPGA:U_CPU|RegFile:U_REGFILE|registers[11][31]                     ; Lost fanout                            ;
; CPU_FPGA:U_CPU|RegFile:U_REGFILE|registers[10][0]                      ; Lost fanout                            ;
; CPU_FPGA:U_CPU|RegFile:U_REGFILE|registers[10][1]                      ; Lost fanout                            ;
; CPU_FPGA:U_CPU|RegFile:U_REGFILE|registers[10][2]                      ; Lost fanout                            ;
; CPU_FPGA:U_CPU|RegFile:U_REGFILE|registers[10][3]                      ; Lost fanout                            ;
; CPU_FPGA:U_CPU|RegFile:U_REGFILE|registers[10][4]                      ; Lost fanout                            ;
; CPU_FPGA:U_CPU|RegFile:U_REGFILE|registers[10][5]                      ; Lost fanout                            ;
; CPU_FPGA:U_CPU|RegFile:U_REGFILE|registers[10][6]                      ; Lost fanout                            ;
; CPU_FPGA:U_CPU|RegFile:U_REGFILE|registers[10][7]                      ; Lost fanout                            ;
; CPU_FPGA:U_CPU|RegFile:U_REGFILE|registers[10][8]                      ; Lost fanout                            ;
; CPU_FPGA:U_CPU|RegFile:U_REGFILE|registers[10][9]                      ; Lost fanout                            ;
; CPU_FPGA:U_CPU|RegFile:U_REGFILE|registers[10][10]                     ; Lost fanout                            ;
; CPU_FPGA:U_CPU|RegFile:U_REGFILE|registers[10][11]                     ; Lost fanout                            ;
; CPU_FPGA:U_CPU|RegFile:U_REGFILE|registers[10][12]                     ; Lost fanout                            ;
; CPU_FPGA:U_CPU|RegFile:U_REGFILE|registers[10][13]                     ; Lost fanout                            ;
; CPU_FPGA:U_CPU|RegFile:U_REGFILE|registers[10][14]                     ; Lost fanout                            ;
; CPU_FPGA:U_CPU|RegFile:U_REGFILE|registers[10][15]                     ; Lost fanout                            ;
; CPU_FPGA:U_CPU|RegFile:U_REGFILE|registers[10][16]                     ; Lost fanout                            ;
; CPU_FPGA:U_CPU|RegFile:U_REGFILE|registers[10][17]                     ; Lost fanout                            ;
; CPU_FPGA:U_CPU|RegFile:U_REGFILE|registers[10][18]                     ; Lost fanout                            ;
; CPU_FPGA:U_CPU|RegFile:U_REGFILE|registers[10][19]                     ; Lost fanout                            ;
; CPU_FPGA:U_CPU|RegFile:U_REGFILE|registers[10][20]                     ; Lost fanout                            ;
; CPU_FPGA:U_CPU|RegFile:U_REGFILE|registers[10][21]                     ; Lost fanout                            ;
; CPU_FPGA:U_CPU|RegFile:U_REGFILE|registers[10][22]                     ; Lost fanout                            ;
; CPU_FPGA:U_CPU|RegFile:U_REGFILE|registers[10][23]                     ; Lost fanout                            ;
; CPU_FPGA:U_CPU|RegFile:U_REGFILE|registers[10][24]                     ; Lost fanout                            ;
; CPU_FPGA:U_CPU|RegFile:U_REGFILE|registers[10][25]                     ; Lost fanout                            ;
; CPU_FPGA:U_CPU|RegFile:U_REGFILE|registers[10][26]                     ; Lost fanout                            ;
; CPU_FPGA:U_CPU|RegFile:U_REGFILE|registers[10][27]                     ; Lost fanout                            ;
; CPU_FPGA:U_CPU|RegFile:U_REGFILE|registers[10][28]                     ; Lost fanout                            ;
; CPU_FPGA:U_CPU|RegFile:U_REGFILE|registers[10][29]                     ; Lost fanout                            ;
; CPU_FPGA:U_CPU|RegFile:U_REGFILE|registers[10][30]                     ; Lost fanout                            ;
; CPU_FPGA:U_CPU|RegFile:U_REGFILE|registers[10][31]                     ; Lost fanout                            ;
; CPU_FPGA:U_CPU|RegFile:U_REGFILE|registers[9][0]                       ; Lost fanout                            ;
; CPU_FPGA:U_CPU|RegFile:U_REGFILE|registers[9][1]                       ; Lost fanout                            ;
; CPU_FPGA:U_CPU|RegFile:U_REGFILE|registers[9][2]                       ; Lost fanout                            ;
; CPU_FPGA:U_CPU|RegFile:U_REGFILE|registers[9][3]                       ; Lost fanout                            ;
; CPU_FPGA:U_CPU|RegFile:U_REGFILE|registers[9][4]                       ; Lost fanout                            ;
; CPU_FPGA:U_CPU|RegFile:U_REGFILE|registers[9][5]                       ; Lost fanout                            ;
; CPU_FPGA:U_CPU|RegFile:U_REGFILE|registers[9][6]                       ; Lost fanout                            ;
; CPU_FPGA:U_CPU|RegFile:U_REGFILE|registers[9][7]                       ; Lost fanout                            ;
; CPU_FPGA:U_CPU|RegFile:U_REGFILE|registers[9][8]                       ; Lost fanout                            ;
; CPU_FPGA:U_CPU|RegFile:U_REGFILE|registers[9][9]                       ; Lost fanout                            ;
; CPU_FPGA:U_CPU|RegFile:U_REGFILE|registers[9][10]                      ; Lost fanout                            ;
; CPU_FPGA:U_CPU|RegFile:U_REGFILE|registers[9][11]                      ; Lost fanout                            ;
; CPU_FPGA:U_CPU|RegFile:U_REGFILE|registers[9][12]                      ; Lost fanout                            ;
; CPU_FPGA:U_CPU|RegFile:U_REGFILE|registers[9][13]                      ; Lost fanout                            ;
; CPU_FPGA:U_CPU|RegFile:U_REGFILE|registers[9][14]                      ; Lost fanout                            ;
; CPU_FPGA:U_CPU|RegFile:U_REGFILE|registers[9][15]                      ; Lost fanout                            ;
; CPU_FPGA:U_CPU|RegFile:U_REGFILE|registers[9][16]                      ; Lost fanout                            ;
; CPU_FPGA:U_CPU|RegFile:U_REGFILE|registers[9][17]                      ; Lost fanout                            ;
; CPU_FPGA:U_CPU|RegFile:U_REGFILE|registers[9][18]                      ; Lost fanout                            ;
; CPU_FPGA:U_CPU|RegFile:U_REGFILE|registers[9][19]                      ; Lost fanout                            ;
; CPU_FPGA:U_CPU|RegFile:U_REGFILE|registers[9][20]                      ; Lost fanout                            ;
; CPU_FPGA:U_CPU|RegFile:U_REGFILE|registers[9][21]                      ; Lost fanout                            ;
; CPU_FPGA:U_CPU|RegFile:U_REGFILE|registers[9][22]                      ; Lost fanout                            ;
; CPU_FPGA:U_CPU|RegFile:U_REGFILE|registers[9][23]                      ; Lost fanout                            ;
; CPU_FPGA:U_CPU|RegFile:U_REGFILE|registers[9][24]                      ; Lost fanout                            ;
; CPU_FPGA:U_CPU|RegFile:U_REGFILE|registers[9][25]                      ; Lost fanout                            ;
; CPU_FPGA:U_CPU|RegFile:U_REGFILE|registers[9][26]                      ; Lost fanout                            ;
; CPU_FPGA:U_CPU|RegFile:U_REGFILE|registers[9][27]                      ; Lost fanout                            ;
; CPU_FPGA:U_CPU|RegFile:U_REGFILE|registers[9][28]                      ; Lost fanout                            ;
; CPU_FPGA:U_CPU|RegFile:U_REGFILE|registers[9][29]                      ; Lost fanout                            ;
; CPU_FPGA:U_CPU|RegFile:U_REGFILE|registers[9][30]                      ; Lost fanout                            ;
; CPU_FPGA:U_CPU|RegFile:U_REGFILE|registers[9][31]                      ; Lost fanout                            ;
; CPU_FPGA:U_CPU|RegFile:U_REGFILE|registers[8][0]                       ; Lost fanout                            ;
; CPU_FPGA:U_CPU|RegFile:U_REGFILE|registers[8][1]                       ; Lost fanout                            ;
; CPU_FPGA:U_CPU|RegFile:U_REGFILE|registers[8][2]                       ; Lost fanout                            ;
; CPU_FPGA:U_CPU|RegFile:U_REGFILE|registers[8][3]                       ; Lost fanout                            ;
; CPU_FPGA:U_CPU|RegFile:U_REGFILE|registers[8][4]                       ; Lost fanout                            ;
; CPU_FPGA:U_CPU|RegFile:U_REGFILE|registers[8][5]                       ; Lost fanout                            ;
; CPU_FPGA:U_CPU|RegFile:U_REGFILE|registers[8][6]                       ; Lost fanout                            ;
; CPU_FPGA:U_CPU|RegFile:U_REGFILE|registers[8][7]                       ; Lost fanout                            ;
; CPU_FPGA:U_CPU|RegFile:U_REGFILE|registers[8][8]                       ; Lost fanout                            ;
; CPU_FPGA:U_CPU|RegFile:U_REGFILE|registers[8][9]                       ; Lost fanout                            ;
; CPU_FPGA:U_CPU|RegFile:U_REGFILE|registers[8][10]                      ; Lost fanout                            ;
; CPU_FPGA:U_CPU|RegFile:U_REGFILE|registers[8][11]                      ; Lost fanout                            ;
; CPU_FPGA:U_CPU|RegFile:U_REGFILE|registers[8][12]                      ; Lost fanout                            ;
; CPU_FPGA:U_CPU|RegFile:U_REGFILE|registers[8][13]                      ; Lost fanout                            ;
; CPU_FPGA:U_CPU|RegFile:U_REGFILE|registers[8][14]                      ; Lost fanout                            ;
; CPU_FPGA:U_CPU|RegFile:U_REGFILE|registers[8][15]                      ; Lost fanout                            ;
; CPU_FPGA:U_CPU|RegFile:U_REGFILE|registers[8][16]                      ; Lost fanout                            ;
; CPU_FPGA:U_CPU|RegFile:U_REGFILE|registers[8][17]                      ; Lost fanout                            ;
; CPU_FPGA:U_CPU|RegFile:U_REGFILE|registers[8][18]                      ; Lost fanout                            ;
; CPU_FPGA:U_CPU|RegFile:U_REGFILE|registers[8][19]                      ; Lost fanout                            ;
; CPU_FPGA:U_CPU|RegFile:U_REGFILE|registers[8][20]                      ; Lost fanout                            ;
; CPU_FPGA:U_CPU|RegFile:U_REGFILE|registers[8][21]                      ; Lost fanout                            ;
; CPU_FPGA:U_CPU|RegFile:U_REGFILE|registers[8][22]                      ; Lost fanout                            ;
; CPU_FPGA:U_CPU|RegFile:U_REGFILE|registers[8][23]                      ; Lost fanout                            ;
; CPU_FPGA:U_CPU|RegFile:U_REGFILE|registers[8][24]                      ; Lost fanout                            ;
; CPU_FPGA:U_CPU|RegFile:U_REGFILE|registers[8][25]                      ; Lost fanout                            ;
; CPU_FPGA:U_CPU|RegFile:U_REGFILE|registers[8][26]                      ; Lost fanout                            ;
; CPU_FPGA:U_CPU|RegFile:U_REGFILE|registers[8][27]                      ; Lost fanout                            ;
; CPU_FPGA:U_CPU|RegFile:U_REGFILE|registers[8][28]                      ; Lost fanout                            ;
; CPU_FPGA:U_CPU|RegFile:U_REGFILE|registers[8][29]                      ; Lost fanout                            ;
; CPU_FPGA:U_CPU|RegFile:U_REGFILE|registers[8][30]                      ; Lost fanout                            ;
; CPU_FPGA:U_CPU|RegFile:U_REGFILE|registers[8][31]                      ; Lost fanout                            ;
; CPU_FPGA:U_CPU|RegFile:U_REGFILE|registers[7][0]                       ; Lost fanout                            ;
; CPU_FPGA:U_CPU|RegFile:U_REGFILE|registers[7][1]                       ; Lost fanout                            ;
; CPU_FPGA:U_CPU|RegFile:U_REGFILE|registers[7][2]                       ; Lost fanout                            ;
; CPU_FPGA:U_CPU|RegFile:U_REGFILE|registers[7][3]                       ; Lost fanout                            ;
; CPU_FPGA:U_CPU|RegFile:U_REGFILE|registers[7][4]                       ; Lost fanout                            ;
; CPU_FPGA:U_CPU|RegFile:U_REGFILE|registers[7][5]                       ; Lost fanout                            ;
; CPU_FPGA:U_CPU|RegFile:U_REGFILE|registers[7][6]                       ; Lost fanout                            ;
; CPU_FPGA:U_CPU|RegFile:U_REGFILE|registers[7][7]                       ; Lost fanout                            ;
; CPU_FPGA:U_CPU|RegFile:U_REGFILE|registers[7][8]                       ; Lost fanout                            ;
; CPU_FPGA:U_CPU|RegFile:U_REGFILE|registers[7][9]                       ; Lost fanout                            ;
; CPU_FPGA:U_CPU|RegFile:U_REGFILE|registers[7][10]                      ; Lost fanout                            ;
; CPU_FPGA:U_CPU|RegFile:U_REGFILE|registers[7][11]                      ; Lost fanout                            ;
; CPU_FPGA:U_CPU|RegFile:U_REGFILE|registers[7][12]                      ; Lost fanout                            ;
; CPU_FPGA:U_CPU|RegFile:U_REGFILE|registers[7][13]                      ; Lost fanout                            ;
; CPU_FPGA:U_CPU|RegFile:U_REGFILE|registers[7][14]                      ; Lost fanout                            ;
; CPU_FPGA:U_CPU|RegFile:U_REGFILE|registers[7][15]                      ; Lost fanout                            ;
; CPU_FPGA:U_CPU|RegFile:U_REGFILE|registers[7][16]                      ; Lost fanout                            ;
; CPU_FPGA:U_CPU|RegFile:U_REGFILE|registers[7][17]                      ; Lost fanout                            ;
; CPU_FPGA:U_CPU|RegFile:U_REGFILE|registers[7][18]                      ; Lost fanout                            ;
; CPU_FPGA:U_CPU|RegFile:U_REGFILE|registers[7][19]                      ; Lost fanout                            ;
; CPU_FPGA:U_CPU|RegFile:U_REGFILE|registers[7][20]                      ; Lost fanout                            ;
; CPU_FPGA:U_CPU|RegFile:U_REGFILE|registers[7][21]                      ; Lost fanout                            ;
; CPU_FPGA:U_CPU|RegFile:U_REGFILE|registers[7][22]                      ; Lost fanout                            ;
; CPU_FPGA:U_CPU|RegFile:U_REGFILE|registers[7][23]                      ; Lost fanout                            ;
; CPU_FPGA:U_CPU|RegFile:U_REGFILE|registers[7][24]                      ; Lost fanout                            ;
; CPU_FPGA:U_CPU|RegFile:U_REGFILE|registers[7][25]                      ; Lost fanout                            ;
; CPU_FPGA:U_CPU|RegFile:U_REGFILE|registers[7][26]                      ; Lost fanout                            ;
; CPU_FPGA:U_CPU|RegFile:U_REGFILE|registers[7][27]                      ; Lost fanout                            ;
; CPU_FPGA:U_CPU|RegFile:U_REGFILE|registers[7][28]                      ; Lost fanout                            ;
; CPU_FPGA:U_CPU|RegFile:U_REGFILE|registers[7][29]                      ; Lost fanout                            ;
; CPU_FPGA:U_CPU|RegFile:U_REGFILE|registers[7][30]                      ; Lost fanout                            ;
; CPU_FPGA:U_CPU|RegFile:U_REGFILE|registers[7][31]                      ; Lost fanout                            ;
; CPU_FPGA:U_CPU|RegFile:U_REGFILE|registers[6][0]                       ; Lost fanout                            ;
; CPU_FPGA:U_CPU|RegFile:U_REGFILE|registers[6][1]                       ; Lost fanout                            ;
; CPU_FPGA:U_CPU|RegFile:U_REGFILE|registers[6][2]                       ; Lost fanout                            ;
; CPU_FPGA:U_CPU|RegFile:U_REGFILE|registers[6][3]                       ; Lost fanout                            ;
; CPU_FPGA:U_CPU|RegFile:U_REGFILE|registers[6][4]                       ; Lost fanout                            ;
; CPU_FPGA:U_CPU|RegFile:U_REGFILE|registers[6][5]                       ; Lost fanout                            ;
; CPU_FPGA:U_CPU|RegFile:U_REGFILE|registers[6][6]                       ; Lost fanout                            ;
; CPU_FPGA:U_CPU|RegFile:U_REGFILE|registers[6][7]                       ; Lost fanout                            ;
; CPU_FPGA:U_CPU|RegFile:U_REGFILE|registers[6][8]                       ; Lost fanout                            ;
; CPU_FPGA:U_CPU|RegFile:U_REGFILE|registers[6][9]                       ; Lost fanout                            ;
; CPU_FPGA:U_CPU|RegFile:U_REGFILE|registers[6][10]                      ; Lost fanout                            ;
; CPU_FPGA:U_CPU|RegFile:U_REGFILE|registers[6][11]                      ; Lost fanout                            ;
; CPU_FPGA:U_CPU|RegFile:U_REGFILE|registers[6][12]                      ; Lost fanout                            ;
; CPU_FPGA:U_CPU|RegFile:U_REGFILE|registers[6][13]                      ; Lost fanout                            ;
; CPU_FPGA:U_CPU|RegFile:U_REGFILE|registers[6][14]                      ; Lost fanout                            ;
; CPU_FPGA:U_CPU|RegFile:U_REGFILE|registers[6][15]                      ; Lost fanout                            ;
; CPU_FPGA:U_CPU|RegFile:U_REGFILE|registers[6][16]                      ; Lost fanout                            ;
; CPU_FPGA:U_CPU|RegFile:U_REGFILE|registers[6][17]                      ; Lost fanout                            ;
; CPU_FPGA:U_CPU|RegFile:U_REGFILE|registers[6][18]                      ; Lost fanout                            ;
; CPU_FPGA:U_CPU|RegFile:U_REGFILE|registers[6][19]                      ; Lost fanout                            ;
; CPU_FPGA:U_CPU|RegFile:U_REGFILE|registers[6][20]                      ; Lost fanout                            ;
; CPU_FPGA:U_CPU|RegFile:U_REGFILE|registers[6][21]                      ; Lost fanout                            ;
; CPU_FPGA:U_CPU|RegFile:U_REGFILE|registers[6][22]                      ; Lost fanout                            ;
; CPU_FPGA:U_CPU|RegFile:U_REGFILE|registers[6][23]                      ; Lost fanout                            ;
; CPU_FPGA:U_CPU|RegFile:U_REGFILE|registers[6][24]                      ; Lost fanout                            ;
; CPU_FPGA:U_CPU|RegFile:U_REGFILE|registers[6][25]                      ; Lost fanout                            ;
; CPU_FPGA:U_CPU|RegFile:U_REGFILE|registers[6][26]                      ; Lost fanout                            ;
; CPU_FPGA:U_CPU|RegFile:U_REGFILE|registers[6][27]                      ; Lost fanout                            ;
; CPU_FPGA:U_CPU|RegFile:U_REGFILE|registers[6][28]                      ; Lost fanout                            ;
; CPU_FPGA:U_CPU|RegFile:U_REGFILE|registers[6][29]                      ; Lost fanout                            ;
; CPU_FPGA:U_CPU|RegFile:U_REGFILE|registers[6][30]                      ; Lost fanout                            ;
; CPU_FPGA:U_CPU|RegFile:U_REGFILE|registers[6][31]                      ; Lost fanout                            ;
; CPU_FPGA:U_CPU|RegFile:U_REGFILE|registers[5][0]                       ; Lost fanout                            ;
; CPU_FPGA:U_CPU|RegFile:U_REGFILE|registers[5][1]                       ; Lost fanout                            ;
; CPU_FPGA:U_CPU|RegFile:U_REGFILE|registers[5][2]                       ; Lost fanout                            ;
; CPU_FPGA:U_CPU|RegFile:U_REGFILE|registers[5][3]                       ; Lost fanout                            ;
; CPU_FPGA:U_CPU|RegFile:U_REGFILE|registers[5][4]                       ; Lost fanout                            ;
; CPU_FPGA:U_CPU|RegFile:U_REGFILE|registers[5][5]                       ; Lost fanout                            ;
; CPU_FPGA:U_CPU|RegFile:U_REGFILE|registers[5][6]                       ; Lost fanout                            ;
; CPU_FPGA:U_CPU|RegFile:U_REGFILE|registers[5][7]                       ; Lost fanout                            ;
; CPU_FPGA:U_CPU|RegFile:U_REGFILE|registers[5][8]                       ; Lost fanout                            ;
; CPU_FPGA:U_CPU|RegFile:U_REGFILE|registers[5][9]                       ; Lost fanout                            ;
; CPU_FPGA:U_CPU|RegFile:U_REGFILE|registers[5][10]                      ; Lost fanout                            ;
; CPU_FPGA:U_CPU|RegFile:U_REGFILE|registers[5][11]                      ; Lost fanout                            ;
; CPU_FPGA:U_CPU|RegFile:U_REGFILE|registers[5][12]                      ; Lost fanout                            ;
; CPU_FPGA:U_CPU|RegFile:U_REGFILE|registers[5][13]                      ; Lost fanout                            ;
; CPU_FPGA:U_CPU|RegFile:U_REGFILE|registers[5][14]                      ; Lost fanout                            ;
; CPU_FPGA:U_CPU|RegFile:U_REGFILE|registers[5][15]                      ; Lost fanout                            ;
; CPU_FPGA:U_CPU|RegFile:U_REGFILE|registers[5][16]                      ; Lost fanout                            ;
; CPU_FPGA:U_CPU|RegFile:U_REGFILE|registers[5][17]                      ; Lost fanout                            ;
; CPU_FPGA:U_CPU|RegFile:U_REGFILE|registers[5][18]                      ; Lost fanout                            ;
; CPU_FPGA:U_CPU|RegFile:U_REGFILE|registers[5][19]                      ; Lost fanout                            ;
; CPU_FPGA:U_CPU|RegFile:U_REGFILE|registers[5][20]                      ; Lost fanout                            ;
; CPU_FPGA:U_CPU|RegFile:U_REGFILE|registers[5][21]                      ; Lost fanout                            ;
; CPU_FPGA:U_CPU|RegFile:U_REGFILE|registers[5][22]                      ; Lost fanout                            ;
; CPU_FPGA:U_CPU|RegFile:U_REGFILE|registers[5][23]                      ; Lost fanout                            ;
; CPU_FPGA:U_CPU|RegFile:U_REGFILE|registers[5][24]                      ; Lost fanout                            ;
; CPU_FPGA:U_CPU|RegFile:U_REGFILE|registers[5][25]                      ; Lost fanout                            ;
; CPU_FPGA:U_CPU|RegFile:U_REGFILE|registers[5][26]                      ; Lost fanout                            ;
; CPU_FPGA:U_CPU|RegFile:U_REGFILE|registers[5][27]                      ; Lost fanout                            ;
; CPU_FPGA:U_CPU|RegFile:U_REGFILE|registers[5][28]                      ; Lost fanout                            ;
; CPU_FPGA:U_CPU|RegFile:U_REGFILE|registers[5][29]                      ; Lost fanout                            ;
; CPU_FPGA:U_CPU|RegFile:U_REGFILE|registers[5][30]                      ; Lost fanout                            ;
; CPU_FPGA:U_CPU|RegFile:U_REGFILE|registers[5][31]                      ; Lost fanout                            ;
; CPU_FPGA:U_CPU|RegFile:U_REGFILE|registers[4][0]                       ; Lost fanout                            ;
; CPU_FPGA:U_CPU|RegFile:U_REGFILE|registers[4][1]                       ; Lost fanout                            ;
; CPU_FPGA:U_CPU|RegFile:U_REGFILE|registers[4][2]                       ; Lost fanout                            ;
; CPU_FPGA:U_CPU|RegFile:U_REGFILE|registers[4][3]                       ; Lost fanout                            ;
; CPU_FPGA:U_CPU|RegFile:U_REGFILE|registers[4][4]                       ; Lost fanout                            ;
; CPU_FPGA:U_CPU|RegFile:U_REGFILE|registers[4][5]                       ; Lost fanout                            ;
; CPU_FPGA:U_CPU|RegFile:U_REGFILE|registers[4][6]                       ; Lost fanout                            ;
; CPU_FPGA:U_CPU|RegFile:U_REGFILE|registers[4][7]                       ; Lost fanout                            ;
; CPU_FPGA:U_CPU|RegFile:U_REGFILE|registers[4][8]                       ; Lost fanout                            ;
; CPU_FPGA:U_CPU|RegFile:U_REGFILE|registers[4][9]                       ; Lost fanout                            ;
; CPU_FPGA:U_CPU|RegFile:U_REGFILE|registers[4][10]                      ; Lost fanout                            ;
; CPU_FPGA:U_CPU|RegFile:U_REGFILE|registers[4][11]                      ; Lost fanout                            ;
; CPU_FPGA:U_CPU|RegFile:U_REGFILE|registers[4][12]                      ; Lost fanout                            ;
; CPU_FPGA:U_CPU|RegFile:U_REGFILE|registers[4][13]                      ; Lost fanout                            ;
; CPU_FPGA:U_CPU|RegFile:U_REGFILE|registers[4][14]                      ; Lost fanout                            ;
; CPU_FPGA:U_CPU|RegFile:U_REGFILE|registers[4][15]                      ; Lost fanout                            ;
; CPU_FPGA:U_CPU|RegFile:U_REGFILE|registers[4][16]                      ; Lost fanout                            ;
; CPU_FPGA:U_CPU|RegFile:U_REGFILE|registers[4][17]                      ; Lost fanout                            ;
; CPU_FPGA:U_CPU|RegFile:U_REGFILE|registers[4][18]                      ; Lost fanout                            ;
; CPU_FPGA:U_CPU|RegFile:U_REGFILE|registers[4][19]                      ; Lost fanout                            ;
; CPU_FPGA:U_CPU|RegFile:U_REGFILE|registers[4][20]                      ; Lost fanout                            ;
; CPU_FPGA:U_CPU|RegFile:U_REGFILE|registers[4][21]                      ; Lost fanout                            ;
; CPU_FPGA:U_CPU|RegFile:U_REGFILE|registers[4][22]                      ; Lost fanout                            ;
; CPU_FPGA:U_CPU|RegFile:U_REGFILE|registers[4][23]                      ; Lost fanout                            ;
; CPU_FPGA:U_CPU|RegFile:U_REGFILE|registers[4][24]                      ; Lost fanout                            ;
; CPU_FPGA:U_CPU|RegFile:U_REGFILE|registers[4][25]                      ; Lost fanout                            ;
; CPU_FPGA:U_CPU|RegFile:U_REGFILE|registers[4][26]                      ; Lost fanout                            ;
; CPU_FPGA:U_CPU|RegFile:U_REGFILE|registers[4][27]                      ; Lost fanout                            ;
; CPU_FPGA:U_CPU|RegFile:U_REGFILE|registers[4][28]                      ; Lost fanout                            ;
; CPU_FPGA:U_CPU|RegFile:U_REGFILE|registers[4][29]                      ; Lost fanout                            ;
; CPU_FPGA:U_CPU|RegFile:U_REGFILE|registers[4][30]                      ; Lost fanout                            ;
; CPU_FPGA:U_CPU|RegFile:U_REGFILE|registers[4][31]                      ; Lost fanout                            ;
; CPU_FPGA:U_CPU|RegFile:U_REGFILE|registers[3][0]                       ; Lost fanout                            ;
; CPU_FPGA:U_CPU|RegFile:U_REGFILE|registers[3][1]                       ; Lost fanout                            ;
; CPU_FPGA:U_CPU|RegFile:U_REGFILE|registers[3][2]                       ; Lost fanout                            ;
; CPU_FPGA:U_CPU|RegFile:U_REGFILE|registers[3][3]                       ; Lost fanout                            ;
; CPU_FPGA:U_CPU|RegFile:U_REGFILE|registers[3][4]                       ; Lost fanout                            ;
; CPU_FPGA:U_CPU|RegFile:U_REGFILE|registers[3][5]                       ; Lost fanout                            ;
; CPU_FPGA:U_CPU|RegFile:U_REGFILE|registers[3][6]                       ; Lost fanout                            ;
; CPU_FPGA:U_CPU|RegFile:U_REGFILE|registers[3][7]                       ; Lost fanout                            ;
; CPU_FPGA:U_CPU|RegFile:U_REGFILE|registers[3][8]                       ; Lost fanout                            ;
; CPU_FPGA:U_CPU|RegFile:U_REGFILE|registers[3][9]                       ; Lost fanout                            ;
; CPU_FPGA:U_CPU|RegFile:U_REGFILE|registers[3][10]                      ; Lost fanout                            ;
; CPU_FPGA:U_CPU|RegFile:U_REGFILE|registers[3][11]                      ; Lost fanout                            ;
; CPU_FPGA:U_CPU|RegFile:U_REGFILE|registers[3][12]                      ; Lost fanout                            ;
; CPU_FPGA:U_CPU|RegFile:U_REGFILE|registers[3][13]                      ; Lost fanout                            ;
; CPU_FPGA:U_CPU|RegFile:U_REGFILE|registers[3][14]                      ; Lost fanout                            ;
; CPU_FPGA:U_CPU|RegFile:U_REGFILE|registers[3][15]                      ; Lost fanout                            ;
; CPU_FPGA:U_CPU|RegFile:U_REGFILE|registers[3][16]                      ; Lost fanout                            ;
; CPU_FPGA:U_CPU|RegFile:U_REGFILE|registers[3][17]                      ; Lost fanout                            ;
; CPU_FPGA:U_CPU|RegFile:U_REGFILE|registers[3][18]                      ; Lost fanout                            ;
; CPU_FPGA:U_CPU|RegFile:U_REGFILE|registers[3][19]                      ; Lost fanout                            ;
; CPU_FPGA:U_CPU|RegFile:U_REGFILE|registers[3][20]                      ; Lost fanout                            ;
; CPU_FPGA:U_CPU|RegFile:U_REGFILE|registers[3][21]                      ; Lost fanout                            ;
; CPU_FPGA:U_CPU|RegFile:U_REGFILE|registers[3][22]                      ; Lost fanout                            ;
; CPU_FPGA:U_CPU|RegFile:U_REGFILE|registers[3][23]                      ; Lost fanout                            ;
; CPU_FPGA:U_CPU|RegFile:U_REGFILE|registers[3][24]                      ; Lost fanout                            ;
; CPU_FPGA:U_CPU|RegFile:U_REGFILE|registers[3][25]                      ; Lost fanout                            ;
; CPU_FPGA:U_CPU|RegFile:U_REGFILE|registers[3][26]                      ; Lost fanout                            ;
; CPU_FPGA:U_CPU|RegFile:U_REGFILE|registers[3][27]                      ; Lost fanout                            ;
; CPU_FPGA:U_CPU|RegFile:U_REGFILE|registers[3][28]                      ; Lost fanout                            ;
; CPU_FPGA:U_CPU|RegFile:U_REGFILE|registers[3][29]                      ; Lost fanout                            ;
; CPU_FPGA:U_CPU|RegFile:U_REGFILE|registers[3][30]                      ; Lost fanout                            ;
; CPU_FPGA:U_CPU|RegFile:U_REGFILE|registers[3][31]                      ; Lost fanout                            ;
; CPU_FPGA:U_CPU|RegFile:U_REGFILE|registers[2][0]                       ; Lost fanout                            ;
; CPU_FPGA:U_CPU|RegFile:U_REGFILE|registers[2][1]                       ; Lost fanout                            ;
; CPU_FPGA:U_CPU|RegFile:U_REGFILE|registers[2][2]                       ; Lost fanout                            ;
; CPU_FPGA:U_CPU|RegFile:U_REGFILE|registers[2][3]                       ; Lost fanout                            ;
; CPU_FPGA:U_CPU|RegFile:U_REGFILE|registers[2][4]                       ; Lost fanout                            ;
; CPU_FPGA:U_CPU|RegFile:U_REGFILE|registers[2][5]                       ; Lost fanout                            ;
; CPU_FPGA:U_CPU|RegFile:U_REGFILE|registers[2][6]                       ; Lost fanout                            ;
; CPU_FPGA:U_CPU|RegFile:U_REGFILE|registers[2][7]                       ; Lost fanout                            ;
; CPU_FPGA:U_CPU|RegFile:U_REGFILE|registers[2][8]                       ; Lost fanout                            ;
; CPU_FPGA:U_CPU|RegFile:U_REGFILE|registers[2][9]                       ; Lost fanout                            ;
; CPU_FPGA:U_CPU|RegFile:U_REGFILE|registers[2][10]                      ; Lost fanout                            ;
; CPU_FPGA:U_CPU|RegFile:U_REGFILE|registers[2][11]                      ; Lost fanout                            ;
; CPU_FPGA:U_CPU|RegFile:U_REGFILE|registers[2][12]                      ; Lost fanout                            ;
; CPU_FPGA:U_CPU|RegFile:U_REGFILE|registers[2][13]                      ; Lost fanout                            ;
; CPU_FPGA:U_CPU|RegFile:U_REGFILE|registers[2][14]                      ; Lost fanout                            ;
; CPU_FPGA:U_CPU|RegFile:U_REGFILE|registers[2][15]                      ; Lost fanout                            ;
; CPU_FPGA:U_CPU|RegFile:U_REGFILE|registers[2][16]                      ; Lost fanout                            ;
; CPU_FPGA:U_CPU|RegFile:U_REGFILE|registers[2][17]                      ; Lost fanout                            ;
; CPU_FPGA:U_CPU|RegFile:U_REGFILE|registers[2][18]                      ; Lost fanout                            ;
; CPU_FPGA:U_CPU|RegFile:U_REGFILE|registers[2][19]                      ; Lost fanout                            ;
; CPU_FPGA:U_CPU|RegFile:U_REGFILE|registers[2][20]                      ; Lost fanout                            ;
; CPU_FPGA:U_CPU|RegFile:U_REGFILE|registers[2][21]                      ; Lost fanout                            ;
; CPU_FPGA:U_CPU|RegFile:U_REGFILE|registers[2][22]                      ; Lost fanout                            ;
; CPU_FPGA:U_CPU|RegFile:U_REGFILE|registers[2][23]                      ; Lost fanout                            ;
; CPU_FPGA:U_CPU|RegFile:U_REGFILE|registers[2][24]                      ; Lost fanout                            ;
; CPU_FPGA:U_CPU|RegFile:U_REGFILE|registers[2][25]                      ; Lost fanout                            ;
; CPU_FPGA:U_CPU|RegFile:U_REGFILE|registers[2][26]                      ; Lost fanout                            ;
; CPU_FPGA:U_CPU|RegFile:U_REGFILE|registers[2][27]                      ; Lost fanout                            ;
; CPU_FPGA:U_CPU|RegFile:U_REGFILE|registers[2][28]                      ; Lost fanout                            ;
; CPU_FPGA:U_CPU|RegFile:U_REGFILE|registers[2][29]                      ; Lost fanout                            ;
; CPU_FPGA:U_CPU|RegFile:U_REGFILE|registers[2][30]                      ; Lost fanout                            ;
; CPU_FPGA:U_CPU|RegFile:U_REGFILE|registers[2][31]                      ; Lost fanout                            ;
; CPU_FPGA:U_CPU|RegFile:U_REGFILE|registers[1][0]                       ; Lost fanout                            ;
; CPU_FPGA:U_CPU|RegFile:U_REGFILE|registers[1][1]                       ; Lost fanout                            ;
; CPU_FPGA:U_CPU|RegFile:U_REGFILE|registers[1][2]                       ; Lost fanout                            ;
; CPU_FPGA:U_CPU|RegFile:U_REGFILE|registers[1][3]                       ; Lost fanout                            ;
; CPU_FPGA:U_CPU|RegFile:U_REGFILE|registers[1][4]                       ; Lost fanout                            ;
; CPU_FPGA:U_CPU|RegFile:U_REGFILE|registers[1][5]                       ; Lost fanout                            ;
; CPU_FPGA:U_CPU|RegFile:U_REGFILE|registers[1][6]                       ; Lost fanout                            ;
; CPU_FPGA:U_CPU|RegFile:U_REGFILE|registers[1][7]                       ; Lost fanout                            ;
; CPU_FPGA:U_CPU|RegFile:U_REGFILE|registers[1][8]                       ; Lost fanout                            ;
; CPU_FPGA:U_CPU|RegFile:U_REGFILE|registers[1][9]                       ; Lost fanout                            ;
; CPU_FPGA:U_CPU|RegFile:U_REGFILE|registers[1][10]                      ; Lost fanout                            ;
; CPU_FPGA:U_CPU|RegFile:U_REGFILE|registers[1][11]                      ; Lost fanout                            ;
; CPU_FPGA:U_CPU|RegFile:U_REGFILE|registers[1][12]                      ; Lost fanout                            ;
; CPU_FPGA:U_CPU|RegFile:U_REGFILE|registers[1][13]                      ; Lost fanout                            ;
; CPU_FPGA:U_CPU|RegFile:U_REGFILE|registers[1][14]                      ; Lost fanout                            ;
; CPU_FPGA:U_CPU|RegFile:U_REGFILE|registers[1][15]                      ; Lost fanout                            ;
; CPU_FPGA:U_CPU|RegFile:U_REGFILE|registers[1][16]                      ; Lost fanout                            ;
; CPU_FPGA:U_CPU|RegFile:U_REGFILE|registers[1][17]                      ; Lost fanout                            ;
; CPU_FPGA:U_CPU|RegFile:U_REGFILE|registers[1][18]                      ; Lost fanout                            ;
; CPU_FPGA:U_CPU|RegFile:U_REGFILE|registers[1][19]                      ; Lost fanout                            ;
; CPU_FPGA:U_CPU|RegFile:U_REGFILE|registers[1][20]                      ; Lost fanout                            ;
; CPU_FPGA:U_CPU|RegFile:U_REGFILE|registers[1][21]                      ; Lost fanout                            ;
; CPU_FPGA:U_CPU|RegFile:U_REGFILE|registers[1][22]                      ; Lost fanout                            ;
; CPU_FPGA:U_CPU|RegFile:U_REGFILE|registers[1][23]                      ; Lost fanout                            ;
; CPU_FPGA:U_CPU|RegFile:U_REGFILE|registers[1][24]                      ; Lost fanout                            ;
; CPU_FPGA:U_CPU|RegFile:U_REGFILE|registers[1][25]                      ; Lost fanout                            ;
; CPU_FPGA:U_CPU|RegFile:U_REGFILE|registers[1][26]                      ; Lost fanout                            ;
; CPU_FPGA:U_CPU|RegFile:U_REGFILE|registers[1][27]                      ; Lost fanout                            ;
; CPU_FPGA:U_CPU|RegFile:U_REGFILE|registers[1][28]                      ; Lost fanout                            ;
; CPU_FPGA:U_CPU|RegFile:U_REGFILE|registers[1][29]                      ; Lost fanout                            ;
; CPU_FPGA:U_CPU|RegFile:U_REGFILE|registers[1][30]                      ; Lost fanout                            ;
; CPU_FPGA:U_CPU|RegFile:U_REGFILE|registers[1][31]                      ; Lost fanout                            ;
; CPU_FPGA:U_CPU|RegFile:U_REGFILE|registers[0][0]                       ; Lost fanout                            ;
; CPU_FPGA:U_CPU|RegFile:U_REGFILE|registers[0][1]                       ; Lost fanout                            ;
; CPU_FPGA:U_CPU|RegFile:U_REGFILE|registers[0][2]                       ; Lost fanout                            ;
; CPU_FPGA:U_CPU|RegFile:U_REGFILE|registers[0][3]                       ; Lost fanout                            ;
; CPU_FPGA:U_CPU|RegFile:U_REGFILE|registers[0][4]                       ; Lost fanout                            ;
; CPU_FPGA:U_CPU|RegFile:U_REGFILE|registers[0][5]                       ; Lost fanout                            ;
; CPU_FPGA:U_CPU|RegFile:U_REGFILE|registers[0][6]                       ; Lost fanout                            ;
; CPU_FPGA:U_CPU|RegFile:U_REGFILE|registers[0][7]                       ; Lost fanout                            ;
; CPU_FPGA:U_CPU|RegFile:U_REGFILE|registers[0][8]                       ; Lost fanout                            ;
; CPU_FPGA:U_CPU|RegFile:U_REGFILE|registers[0][9]                       ; Lost fanout                            ;
; CPU_FPGA:U_CPU|RegFile:U_REGFILE|registers[0][10]                      ; Lost fanout                            ;
; CPU_FPGA:U_CPU|RegFile:U_REGFILE|registers[0][11]                      ; Lost fanout                            ;
; CPU_FPGA:U_CPU|RegFile:U_REGFILE|registers[0][12]                      ; Lost fanout                            ;
; CPU_FPGA:U_CPU|RegFile:U_REGFILE|registers[0][13]                      ; Lost fanout                            ;
; CPU_FPGA:U_CPU|RegFile:U_REGFILE|registers[0][14]                      ; Lost fanout                            ;
; CPU_FPGA:U_CPU|RegFile:U_REGFILE|registers[0][15]                      ; Lost fanout                            ;
; CPU_FPGA:U_CPU|RegFile:U_REGFILE|registers[0][16]                      ; Lost fanout                            ;
; CPU_FPGA:U_CPU|RegFile:U_REGFILE|registers[0][17]                      ; Lost fanout                            ;
; CPU_FPGA:U_CPU|RegFile:U_REGFILE|registers[0][18]                      ; Lost fanout                            ;
; CPU_FPGA:U_CPU|RegFile:U_REGFILE|registers[0][19]                      ; Lost fanout                            ;
; CPU_FPGA:U_CPU|RegFile:U_REGFILE|registers[0][20]                      ; Lost fanout                            ;
; CPU_FPGA:U_CPU|RegFile:U_REGFILE|registers[0][21]                      ; Lost fanout                            ;
; CPU_FPGA:U_CPU|RegFile:U_REGFILE|registers[0][22]                      ; Lost fanout                            ;
; CPU_FPGA:U_CPU|RegFile:U_REGFILE|registers[0][23]                      ; Lost fanout                            ;
; CPU_FPGA:U_CPU|RegFile:U_REGFILE|registers[0][24]                      ; Lost fanout                            ;
; CPU_FPGA:U_CPU|RegFile:U_REGFILE|registers[0][25]                      ; Lost fanout                            ;
; CPU_FPGA:U_CPU|RegFile:U_REGFILE|registers[0][26]                      ; Lost fanout                            ;
; CPU_FPGA:U_CPU|RegFile:U_REGFILE|registers[0][27]                      ; Lost fanout                            ;
; CPU_FPGA:U_CPU|RegFile:U_REGFILE|registers[0][28]                      ; Lost fanout                            ;
; CPU_FPGA:U_CPU|RegFile:U_REGFILE|registers[0][29]                      ; Lost fanout                            ;
; CPU_FPGA:U_CPU|RegFile:U_REGFILE|registers[0][30]                      ; Lost fanout                            ;
; CPU_FPGA:U_CPU|RegFile:U_REGFILE|registers[0][31]                      ; Lost fanout                            ;
; CPU_FPGA:U_CPU|IF_ID_Register:U_IF_ID|instruction_out[12,13]           ; Lost fanout                            ;
; CPU_FPGA:U_CPU|Instruction_Memory:U_IMEM|instruction[12,13]            ; Lost fanout                            ;
; CPU_FPGA:U_CPU|Program_Counter:U_PC|pc_reg[0,1,12..31]                 ; Lost fanout                            ;
; CPU_FPGA:U_CPU|ID_EX_Register:U_ID_EX|funct3_out[2]                    ; Lost fanout                            ;
; CPU_FPGA:U_CPU|ID_EX_Register:U_ID_EX|is_m_ext_out                     ; Lost fanout                            ;
; CPU_FPGA:U_CPU|M_Extension_Unit:U_M_EXT|current_state.DONE             ; Lost fanout                            ;
; CPU_FPGA:U_CPU|IF_ID_Register:U_IF_ID|instruction_out[15]              ; Lost fanout                            ;
; CPU_FPGA:U_CPU|ID_EX_Register:U_ID_EX|rd_addr_out[0]                   ; Lost fanout                            ;
; CPU_FPGA:U_CPU|IF_ID_Register:U_IF_ID|instruction_out[16]              ; Lost fanout                            ;
; CPU_FPGA:U_CPU|ID_EX_Register:U_ID_EX|rd_addr_out[1]                   ; Lost fanout                            ;
; CPU_FPGA:U_CPU|IF_ID_Register:U_IF_ID|instruction_out[17]              ; Lost fanout                            ;
; CPU_FPGA:U_CPU|ID_EX_Register:U_ID_EX|rd_addr_out[2]                   ; Lost fanout                            ;
; CPU_FPGA:U_CPU|IF_ID_Register:U_IF_ID|instruction_out[18]              ; Lost fanout                            ;
; CPU_FPGA:U_CPU|ID_EX_Register:U_ID_EX|rd_addr_out[3]                   ; Lost fanout                            ;
; CPU_FPGA:U_CPU|IF_ID_Register:U_IF_ID|instruction_out[19]              ; Lost fanout                            ;
; CPU_FPGA:U_CPU|ID_EX_Register:U_ID_EX|rd_addr_out[4]                   ; Lost fanout                            ;
; CPU_FPGA:U_CPU|IF_ID_Register:U_IF_ID|instruction_out[20..24]          ; Lost fanout                            ;
; CPU_FPGA:U_CPU|ID_EX_Register:U_ID_EX|mem_read_out                     ; Lost fanout                            ;
; CPU_FPGA:U_CPU|IF_ID_Register:U_IF_ID|instruction_out[0..11,14,25..31] ; Lost fanout                            ;
; CPU_FPGA:U_CPU|M_Extension_Unit:U_M_EXT|current_state.IDLE             ; Lost fanout                            ;
; CPU_FPGA:U_CPU|M_Extension_Unit:U_M_EXT|current_state.COMPUTE          ; Lost fanout                            ;
; CPU_FPGA:U_CPU|Program_Counter:U_PC|pc_reg[2..11]                      ; Lost fanout                            ;
; CPU_FPGA:U_CPU|M_Extension_Unit:U_M_EXT|count[0..5]                    ; Lost fanout                            ;
; Total Number of Removed Registers = 1504                               ;                                        ;
+------------------------------------------------------------------------+----------------------------------------+


+-------------------------------------------------------------------------------------------------------------------------------------------------------+
; Removed Registers Triggering Further Register Optimizations                                                                                           ;
+----------------------------------------------------------+---------------------------+----------------------------------------------------------------+
; Register name                                            ; Reason for Removal        ; Registers Removed due to This Register                         ;
+----------------------------------------------------------+---------------------------+----------------------------------------------------------------+
; CPU_FPGA:U_CPU|MEM_WB_Register:U_MEM_WB|wb_sel_out[1]    ; Stuck at GND              ; CPU_FPGA:U_CPU|MEM_WB_Register:U_MEM_WB|wb_sel_out[0],         ;
;                                                          ; due to stuck port data_in ; CPU_FPGA:U_CPU|MEM_WB_Register:U_MEM_WB|wb_reg_write_out,      ;
;                                                          ;                           ; CPU_FPGA:U_CPU|MEM_WB_Register:U_MEM_WB|wb_rd_addr_out[0],     ;
;                                                          ;                           ; CPU_FPGA:U_CPU|MEM_WB_Register:U_MEM_WB|wb_rd_addr_out[1],     ;
;                                                          ;                           ; CPU_FPGA:U_CPU|MEM_WB_Register:U_MEM_WB|wb_rd_addr_out[2],     ;
;                                                          ;                           ; CPU_FPGA:U_CPU|MEM_WB_Register:U_MEM_WB|wb_rd_addr_out[3],     ;
;                                                          ;                           ; CPU_FPGA:U_CPU|MEM_WB_Register:U_MEM_WB|wb_rd_addr_out[4],     ;
;                                                          ;                           ; CPU_FPGA:U_CPU|MEM_WB_Register:U_MEM_WB|wb_read_data_out[26],  ;
;                                                          ;                           ; CPU_FPGA:U_CPU|MEM_WB_Register:U_MEM_WB|wb_read_data_out[27],  ;
;                                                          ;                           ; CPU_FPGA:U_CPU|MEM_WB_Register:U_MEM_WB|wb_read_data_out[28],  ;
;                                                          ;                           ; CPU_FPGA:U_CPU|MEM_WB_Register:U_MEM_WB|wb_read_data_out[29],  ;
;                                                          ;                           ; CPU_FPGA:U_CPU|MEM_WB_Register:U_MEM_WB|wb_read_data_out[30],  ;
;                                                          ;                           ; CPU_FPGA:U_CPU|MEM_WB_Register:U_MEM_WB|wb_read_data_out[31],  ;
;                                                          ;                           ; CPU_FPGA:U_CPU|MEM_WB_Register:U_MEM_WB|wb_result_out[26],     ;
;                                                          ;                           ; CPU_FPGA:U_CPU|MEM_WB_Register:U_MEM_WB|wb_result_out[27],     ;
;                                                          ;                           ; CPU_FPGA:U_CPU|MEM_WB_Register:U_MEM_WB|wb_result_out[28],     ;
;                                                          ;                           ; CPU_FPGA:U_CPU|MEM_WB_Register:U_MEM_WB|wb_result_out[29],     ;
;                                                          ;                           ; CPU_FPGA:U_CPU|MEM_WB_Register:U_MEM_WB|wb_result_out[30],     ;
;                                                          ;                           ; CPU_FPGA:U_CPU|MEM_WB_Register:U_MEM_WB|wb_result_out[31],     ;
;                                                          ;                           ; CPU_FPGA:U_CPU|EX_MEM_Register:U_EX_MEM|mem_result[26],        ;
;                                                          ;                           ; CPU_FPGA:U_CPU|EX_MEM_Register:U_EX_MEM|mem_result[25],        ;
;                                                          ;                           ; CPU_FPGA:U_CPU|EX_MEM_Register:U_EX_MEM|mem_result[24],        ;
;                                                          ;                           ; CPU_FPGA:U_CPU|EX_MEM_Register:U_EX_MEM|mem_result[23],        ;
;                                                          ;                           ; CPU_FPGA:U_CPU|EX_MEM_Register:U_EX_MEM|mem_result[22],        ;
;                                                          ;                           ; CPU_FPGA:U_CPU|EX_MEM_Register:U_EX_MEM|mem_result[21],        ;
;                                                          ;                           ; CPU_FPGA:U_CPU|EX_MEM_Register:U_EX_MEM|mem_result[20],        ;
;                                                          ;                           ; CPU_FPGA:U_CPU|EX_MEM_Register:U_EX_MEM|mem_result[19],        ;
;                                                          ;                           ; CPU_FPGA:U_CPU|EX_MEM_Register:U_EX_MEM|mem_result[18],        ;
;                                                          ;                           ; CPU_FPGA:U_CPU|EX_MEM_Register:U_EX_MEM|mem_result[17],        ;
;                                                          ;                           ; CPU_FPGA:U_CPU|EX_MEM_Register:U_EX_MEM|mem_result[16],        ;
;                                                          ;                           ; CPU_FPGA:U_CPU|EX_MEM_Register:U_EX_MEM|mem_result[15],        ;
;                                                          ;                           ; CPU_FPGA:U_CPU|EX_MEM_Register:U_EX_MEM|mem_result[14],        ;
;                                                          ;                           ; CPU_FPGA:U_CPU|EX_MEM_Register:U_EX_MEM|mem_result[13],        ;
;                                                          ;                           ; CPU_FPGA:U_CPU|EX_MEM_Register:U_EX_MEM|mem_result[12],        ;
;                                                          ;                           ; CPU_FPGA:U_CPU|EX_MEM_Register:U_EX_MEM|mem_result[11],        ;
;                                                          ;                           ; CPU_FPGA:U_CPU|EX_MEM_Register:U_EX_MEM|mem_result[10],        ;
;                                                          ;                           ; CPU_FPGA:U_CPU|EX_MEM_Register:U_EX_MEM|mem_result[9],         ;
;                                                          ;                           ; CPU_FPGA:U_CPU|EX_MEM_Register:U_EX_MEM|mem_result[8],         ;
;                                                          ;                           ; CPU_FPGA:U_CPU|EX_MEM_Register:U_EX_MEM|mem_result[7],         ;
;                                                          ;                           ; CPU_FPGA:U_CPU|EX_MEM_Register:U_EX_MEM|mem_result[6],         ;
;                                                          ;                           ; CPU_FPGA:U_CPU|EX_MEM_Register:U_EX_MEM|mem_result[5],         ;
;                                                          ;                           ; CPU_FPGA:U_CPU|EX_MEM_Register:U_EX_MEM|mem_result[4],         ;
;                                                          ;                           ; CPU_FPGA:U_CPU|EX_MEM_Register:U_EX_MEM|mem_result[3],         ;
;                                                          ;                           ; CPU_FPGA:U_CPU|EX_MEM_Register:U_EX_MEM|mem_result[2],         ;
;                                                          ;                           ; CPU_FPGA:U_CPU|EX_MEM_Register:U_EX_MEM|mem_result[1],         ;
;                                                          ;                           ; CPU_FPGA:U_CPU|M_Extension_Unit:U_M_EXT|divisor_reg[28],       ;
;                                                          ;                           ; CPU_FPGA:U_CPU|M_Extension_Unit:U_M_EXT|accumulator[30],       ;
;                                                          ;                           ; CPU_FPGA:U_CPU|M_Extension_Unit:U_M_EXT|div_by_zero,           ;
;                                                          ;                           ; CPU_FPGA:U_CPU|M_Extension_Unit:U_M_EXT|overflow,              ;
;                                                          ;                           ; CPU_FPGA:U_CPU|ID_EX_Register:U_ID_EX|funct3_out[0],           ;
;                                                          ;                           ; CPU_FPGA:U_CPU|ID_EX_Register:U_ID_EX|funct3_out[1],           ;
;                                                          ;                           ; CPU_FPGA:U_CPU|ID_EX_Register:U_ID_EX|reg_data2_out[26],       ;
;                                                          ;                           ; CPU_FPGA:U_CPU|ID_EX_Register:U_ID_EX|reg_data2_out[29],       ;
;                                                          ;                           ; CPU_FPGA:U_CPU|ID_EX_Register:U_ID_EX|reg_data2_out[30],       ;
;                                                          ;                           ; CPU_FPGA:U_CPU|ID_EX_Register:U_ID_EX|reg_data2_out[31],       ;
;                                                          ;                           ; CPU_FPGA:U_CPU|ID_EX_Register:U_ID_EX|reg_data1_out[0],        ;
;                                                          ;                           ; CPU_FPGA:U_CPU|ID_EX_Register:U_ID_EX|reg_data1_out[1],        ;
;                                                          ;                           ; CPU_FPGA:U_CPU|ID_EX_Register:U_ID_EX|reg_data1_out[2],        ;
;                                                          ;                           ; CPU_FPGA:U_CPU|ID_EX_Register:U_ID_EX|reg_data1_out[3],        ;
;                                                          ;                           ; CPU_FPGA:U_CPU|ID_EX_Register:U_ID_EX|reg_data1_out[4],        ;
;                                                          ;                           ; CPU_FPGA:U_CPU|ID_EX_Register:U_ID_EX|reg_data1_out[5],        ;
;                                                          ;                           ; CPU_FPGA:U_CPU|ID_EX_Register:U_ID_EX|reg_data1_out[6],        ;
;                                                          ;                           ; CPU_FPGA:U_CPU|ID_EX_Register:U_ID_EX|reg_data1_out[7],        ;
;                                                          ;                           ; CPU_FPGA:U_CPU|ID_EX_Register:U_ID_EX|reg_data1_out[8],        ;
;                                                          ;                           ; CPU_FPGA:U_CPU|ID_EX_Register:U_ID_EX|reg_data1_out[9],        ;
;                                                          ;                           ; CPU_FPGA:U_CPU|ID_EX_Register:U_ID_EX|reg_data1_out[10],       ;
;                                                          ;                           ; CPU_FPGA:U_CPU|ID_EX_Register:U_ID_EX|reg_data1_out[11],       ;
;                                                          ;                           ; CPU_FPGA:U_CPU|ID_EX_Register:U_ID_EX|reg_data1_out[12],       ;
;                                                          ;                           ; CPU_FPGA:U_CPU|ID_EX_Register:U_ID_EX|reg_data1_out[13],       ;
;                                                          ;                           ; CPU_FPGA:U_CPU|ID_EX_Register:U_ID_EX|reg_data1_out[14],       ;
;                                                          ;                           ; CPU_FPGA:U_CPU|ID_EX_Register:U_ID_EX|reg_data1_out[15],       ;
;                                                          ;                           ; CPU_FPGA:U_CPU|ID_EX_Register:U_ID_EX|reg_data1_out[16],       ;
;                                                          ;                           ; CPU_FPGA:U_CPU|ID_EX_Register:U_ID_EX|reg_data1_out[17],       ;
;                                                          ;                           ; CPU_FPGA:U_CPU|ID_EX_Register:U_ID_EX|reg_data1_out[18],       ;
;                                                          ;                           ; CPU_FPGA:U_CPU|ID_EX_Register:U_ID_EX|reg_data1_out[19],       ;
;                                                          ;                           ; CPU_FPGA:U_CPU|ID_EX_Register:U_ID_EX|reg_data1_out[20],       ;
;                                                          ;                           ; CPU_FPGA:U_CPU|ID_EX_Register:U_ID_EX|reg_data1_out[21],       ;
;                                                          ;                           ; CPU_FPGA:U_CPU|ID_EX_Register:U_ID_EX|reg_data1_out[22],       ;
;                                                          ;                           ; CPU_FPGA:U_CPU|ID_EX_Register:U_ID_EX|reg_data1_out[23],       ;
;                                                          ;                           ; CPU_FPGA:U_CPU|ID_EX_Register:U_ID_EX|reg_data1_out[24],       ;
;                                                          ;                           ; CPU_FPGA:U_CPU|ID_EX_Register:U_ID_EX|reg_data1_out[25],       ;
;                                                          ;                           ; CPU_FPGA:U_CPU|ID_EX_Register:U_ID_EX|reg_data1_out[28],       ;
;                                                          ;                           ; CPU_FPGA:U_CPU|ID_EX_Register:U_ID_EX|reg_data1_out[29],       ;
;                                                          ;                           ; CPU_FPGA:U_CPU|ID_EX_Register:U_ID_EX|reg_data1_out[30],       ;
;                                                          ;                           ; CPU_FPGA:U_CPU|ID_EX_Register:U_ID_EX|reg_data1_out[31],       ;
;                                                          ;                           ; CPU_FPGA:U_CPU|ID_EX_Register:U_ID_EX|imm_ext_out[28],         ;
;                                                          ;                           ; CPU_FPGA:U_CPU|ID_EX_Register:U_ID_EX|imm_ext_out[29],         ;
;                                                          ;                           ; CPU_FPGA:U_CPU|ID_EX_Register:U_ID_EX|imm_ext_out[30],         ;
;                                                          ;                           ; CPU_FPGA:U_CPU|ID_EX_Register:U_ID_EX|imm_ext_out[31],         ;
;                                                          ;                           ; CPU_FPGA:U_CPU|ID_EX_Register:U_ID_EX|pc_plus4_out[26],        ;
;                                                          ;                           ; CPU_FPGA:U_CPU|ID_EX_Register:U_ID_EX|pc_plus4_out[27],        ;
;                                                          ;                           ; CPU_FPGA:U_CPU|ID_EX_Register:U_ID_EX|pc_plus4_out[28],        ;
;                                                          ;                           ; CPU_FPGA:U_CPU|ID_EX_Register:U_ID_EX|pc_plus4_out[29],        ;
;                                                          ;                           ; CPU_FPGA:U_CPU|ID_EX_Register:U_ID_EX|pc_plus4_out[30],        ;
;                                                          ;                           ; CPU_FPGA:U_CPU|ID_EX_Register:U_ID_EX|pc_plus4_out[31],        ;
;                                                          ;                           ; CPU_FPGA:U_CPU|ID_EX_Register:U_ID_EX|alu_src_out,             ;
;                                                          ;                           ; CPU_FPGA:U_CPU|ID_EX_Register:U_ID_EX|funct3_out[2],           ;
;                                                          ;                           ; CPU_FPGA:U_CPU|ID_EX_Register:U_ID_EX|is_m_ext_out,            ;
;                                                          ;                           ; CPU_FPGA:U_CPU|IF_ID_Register:U_IF_ID|instruction_out[14],     ;
;                                                          ;                           ; CPU_FPGA:U_CPU|IF_ID_Register:U_IF_ID|instruction_out[25],     ;
;                                                          ;                           ; CPU_FPGA:U_CPU|IF_ID_Register:U_IF_ID|instruction_out[26],     ;
;                                                          ;                           ; CPU_FPGA:U_CPU|IF_ID_Register:U_IF_ID|instruction_out[27],     ;
;                                                          ;                           ; CPU_FPGA:U_CPU|IF_ID_Register:U_IF_ID|instruction_out[28],     ;
;                                                          ;                           ; CPU_FPGA:U_CPU|IF_ID_Register:U_IF_ID|instruction_out[29],     ;
;                                                          ;                           ; CPU_FPGA:U_CPU|IF_ID_Register:U_IF_ID|instruction_out[30],     ;
;                                                          ;                           ; CPU_FPGA:U_CPU|IF_ID_Register:U_IF_ID|instruction_out[31]      ;
; CPU_FPGA:U_CPU|Program_Counter:U_PC|pc_reg[12]           ; Lost Fanouts              ; CPU_FPGA:U_CPU|M_Extension_Unit:U_M_EXT|current_state.DONE,    ;
;                                                          ;                           ; CPU_FPGA:U_CPU|IF_ID_Register:U_IF_ID|instruction_out[15],     ;
;                                                          ;                           ; CPU_FPGA:U_CPU|IF_ID_Register:U_IF_ID|instruction_out[16],     ;
;                                                          ;                           ; CPU_FPGA:U_CPU|IF_ID_Register:U_IF_ID|instruction_out[17],     ;
;                                                          ;                           ; CPU_FPGA:U_CPU|IF_ID_Register:U_IF_ID|instruction_out[18],     ;
;                                                          ;                           ; CPU_FPGA:U_CPU|IF_ID_Register:U_IF_ID|instruction_out[19],     ;
;                                                          ;                           ; CPU_FPGA:U_CPU|IF_ID_Register:U_IF_ID|instruction_out[20],     ;
;                                                          ;                           ; CPU_FPGA:U_CPU|IF_ID_Register:U_IF_ID|instruction_out[21],     ;
;                                                          ;                           ; CPU_FPGA:U_CPU|IF_ID_Register:U_IF_ID|instruction_out[22],     ;
;                                                          ;                           ; CPU_FPGA:U_CPU|IF_ID_Register:U_IF_ID|instruction_out[23],     ;
;                                                          ;                           ; CPU_FPGA:U_CPU|IF_ID_Register:U_IF_ID|instruction_out[24],     ;
;                                                          ;                           ; CPU_FPGA:U_CPU|ID_EX_Register:U_ID_EX|mem_read_out,            ;
;                                                          ;                           ; CPU_FPGA:U_CPU|IF_ID_Register:U_IF_ID|instruction_out[0],      ;
;                                                          ;                           ; CPU_FPGA:U_CPU|IF_ID_Register:U_IF_ID|instruction_out[1],      ;
;                                                          ;                           ; CPU_FPGA:U_CPU|IF_ID_Register:U_IF_ID|instruction_out[2],      ;
;                                                          ;                           ; CPU_FPGA:U_CPU|IF_ID_Register:U_IF_ID|instruction_out[3],      ;
;                                                          ;                           ; CPU_FPGA:U_CPU|IF_ID_Register:U_IF_ID|instruction_out[4],      ;
;                                                          ;                           ; CPU_FPGA:U_CPU|IF_ID_Register:U_IF_ID|instruction_out[5],      ;
;                                                          ;                           ; CPU_FPGA:U_CPU|IF_ID_Register:U_IF_ID|instruction_out[6],      ;
;                                                          ;                           ; CPU_FPGA:U_CPU|M_Extension_Unit:U_M_EXT|current_state.COMPUTE, ;
;                                                          ;                           ; CPU_FPGA:U_CPU|Program_Counter:U_PC|pc_reg[2],                 ;
;                                                          ;                           ; CPU_FPGA:U_CPU|Program_Counter:U_PC|pc_reg[3],                 ;
;                                                          ;                           ; CPU_FPGA:U_CPU|Program_Counter:U_PC|pc_reg[4],                 ;
;                                                          ;                           ; CPU_FPGA:U_CPU|Program_Counter:U_PC|pc_reg[5],                 ;
;                                                          ;                           ; CPU_FPGA:U_CPU|Program_Counter:U_PC|pc_reg[6],                 ;
;                                                          ;                           ; CPU_FPGA:U_CPU|Program_Counter:U_PC|pc_reg[11],                ;
;                                                          ;                           ; CPU_FPGA:U_CPU|M_Extension_Unit:U_M_EXT|count[0],              ;
;                                                          ;                           ; CPU_FPGA:U_CPU|M_Extension_Unit:U_M_EXT|count[1],              ;
;                                                          ;                           ; CPU_FPGA:U_CPU|M_Extension_Unit:U_M_EXT|count[2],              ;
;                                                          ;                           ; CPU_FPGA:U_CPU|M_Extension_Unit:U_M_EXT|count[3],              ;
;                                                          ;                           ; CPU_FPGA:U_CPU|M_Extension_Unit:U_M_EXT|count[4],              ;
;                                                          ;                           ; CPU_FPGA:U_CPU|M_Extension_Unit:U_M_EXT|count[5]               ;
; CPU_FPGA:U_CPU|M_Extension_Unit:U_M_EXT|quotient_reg[20] ; Lost Fanouts              ; CPU_FPGA:U_CPU|M_Extension_Unit:U_M_EXT|quotient_reg[19],      ;
;                                                          ;                           ; CPU_FPGA:U_CPU|M_Extension_Unit:U_M_EXT|quotient_reg[18],      ;
;                                                          ;                           ; CPU_FPGA:U_CPU|M_Extension_Unit:U_M_EXT|quotient_reg[17],      ;
;                                                          ;                           ; CPU_FPGA:U_CPU|M_Extension_Unit:U_M_EXT|quotient_reg[16],      ;
;                                                          ;                           ; CPU_FPGA:U_CPU|M_Extension_Unit:U_M_EXT|sign_quotient          ;
; CPU_FPGA:U_CPU|EX_MEM_Register:U_EX_MEM|mem_rd_addr[4]   ; Lost Fanouts              ; CPU_FPGA:U_CPU|ID_EX_Register:U_ID_EX|rd_addr_out[4],          ;
;                                                          ;                           ; CPU_FPGA:U_CPU|IF_ID_Register:U_IF_ID|instruction_out[11]      ;
; CPU_FPGA:U_CPU|EX_MEM_Register:U_EX_MEM|mem_rd_addr[3]   ; Lost Fanouts              ; CPU_FPGA:U_CPU|ID_EX_Register:U_ID_EX|rd_addr_out[3],          ;
;                                                          ;                           ; CPU_FPGA:U_CPU|IF_ID_Register:U_IF_ID|instruction_out[10]      ;
; CPU_FPGA:U_CPU|EX_MEM_Register:U_EX_MEM|mem_rd_addr[2]   ; Lost Fanouts              ; CPU_FPGA:U_CPU|ID_EX_Register:U_ID_EX|rd_addr_out[2],          ;
;                                                          ;                           ; CPU_FPGA:U_CPU|IF_ID_Register:U_IF_ID|instruction_out[9]       ;
; CPU_FPGA:U_CPU|EX_MEM_Register:U_EX_MEM|mem_rd_addr[1]   ; Lost Fanouts              ; CPU_FPGA:U_CPU|ID_EX_Register:U_ID_EX|rd_addr_out[1],          ;
;                                                          ;                           ; CPU_FPGA:U_CPU|IF_ID_Register:U_IF_ID|instruction_out[8]       ;
; CPU_FPGA:U_CPU|EX_MEM_Register:U_EX_MEM|mem_rd_addr[0]   ; Lost Fanouts              ; CPU_FPGA:U_CPU|ID_EX_Register:U_ID_EX|rd_addr_out[0],          ;
;                                                          ;                           ; CPU_FPGA:U_CPU|IF_ID_Register:U_IF_ID|instruction_out[7]       ;
; CPU_FPGA:U_CPU|Data_Memory:U_DMEM|addr_latched[0]        ; Lost Fanouts              ; CPU_FPGA:U_CPU|EX_MEM_Register:U_EX_MEM|mem_result[0]          ;
; CPU_FPGA:U_CPU|EX_MEM_Register:U_EX_MEM|mem_reg_write    ; Lost Fanouts              ; CPU_FPGA:U_CPU|ID_EX_Register:U_ID_EX|reg_write_out            ;
; CPU_FPGA:U_CPU|EX_MEM_Register:U_EX_MEM|mem_mem_write    ; Lost Fanouts              ; CPU_FPGA:U_CPU|ID_EX_Register:U_ID_EX|mem_write_out            ;
; CPU_FPGA:U_CPU|EX_MEM_Register:U_EX_MEM|mem_wb_sel       ; Lost Fanouts              ; CPU_FPGA:U_CPU|ID_EX_Register:U_ID_EX|wb_sel_out[0]            ;
+----------------------------------------------------------+---------------------------+----------------------------------------------------------------+


+------------------------------------------------------+
; General Register Statistics                          ;
+----------------------------------------------+-------+
; Statistic                                    ; Value ;
+----------------------------------------------+-------+
; Total registers                              ; 0     ;
; Number of registers using Synchronous Clear  ; 0     ;
; Number of registers using Synchronous Load   ; 0     ;
; Number of registers using Asynchronous Clear ; 0     ;
; Number of registers using Asynchronous Load  ; 0     ;
; Number of registers using Clock Enable       ; 0     ;
; Number of registers using Preset             ; 0     ;
+----------------------------------------------+-------+


+--------------------------------------------------------------------------------------------------------------------------------+
; Registers Packed Into Inferred Megafunctions                                                                                   ;
+--------------------------------------------------------------------+----------------------------------------------------+------+
; Register Name                                                      ; Megafunction                                       ; Type ;
+--------------------------------------------------------------------+----------------------------------------------------+------+
; CPU_FPGA:U_CPU|Instruction_Memory:U_IMEM|instruction[0..11,14..31] ; CPU_FPGA:U_CPU|Instruction_Memory:U_IMEM|ram_rtl_0 ; RAM  ;
+--------------------------------------------------------------------+----------------------------------------------------+------+


+-----------------------------------------------------------------------------------------------------------------------------------------------------------------------------------+
; Multiplexer Restructuring Statistics (Restructuring Performed)                                                                                                                    ;
+--------------------+-----------+---------------+----------------------+------------------------+------------+---------------------------------------------------------------------+
; Multiplexer Inputs ; Bus Width ; Baseline Area ; Area if Restructured ; Saving if Restructured ; Registered ; Example Multiplexer Output                                          ;
+--------------------+-----------+---------------+----------------------+------------------------+------------+---------------------------------------------------------------------+
; 3:1                ; 6 bits    ; 12 LEs        ; 6 LEs                ; 6 LEs                  ; Yes        ; |Board_Top|CPU_FPGA:U_CPU|M_Extension_Unit:U_M_EXT|count[0]         ;
; 3:1                ; 30 bits   ; 60 LEs        ; 30 LEs               ; 30 LEs                 ; Yes        ; |Board_Top|CPU_FPGA:U_CPU|IF_ID_Register:U_IF_ID|instruction_out[1] ;
; 3:1                ; 30 bits   ; 60 LEs        ; 30 LEs               ; 30 LEs                 ; Yes        ; |Board_Top|CPU_FPGA:U_CPU|Program_Counter:U_PC|pc_reg[16]           ;
; 3:1                ; 6 bits    ; 12 LEs        ; 6 LEs                ; 6 LEs                  ; Yes        ; |Board_Top|CPU_FPGA:U_CPU|ID_EX_Register:U_ID_EX|funct3_out[2]      ;
+--------------------+-----------+---------------+----------------------+------------------------+------------+---------------------------------------------------------------------+


+------------------------------------------------------------------------------------------------------------------+
; Source assignments for CPU_FPGA:U_CPU|Data_Memory:U_DMEM|altsyncram:ram[0][31]__1|altsyncram_1f81:auto_generated ;
+---------------------------------+--------------------+------+----------------------------------------------------+
; Assignment                      ; Value              ; From ; To                                                 ;
+---------------------------------+--------------------+------+----------------------------------------------------+
; OPTIMIZE_POWER_DURING_SYNTHESIS ; NORMAL_COMPILATION ; -    ; -                                                  ;
+---------------------------------+--------------------+------+----------------------------------------------------+


+------------------------------------------------------------------------------------------------------------------+
; Source assignments for CPU_FPGA:U_CPU|Data_Memory:U_DMEM|altsyncram:ram[0][23]__2|altsyncram_1f81:auto_generated ;
+---------------------------------+--------------------+------+----------------------------------------------------+
; Assignment                      ; Value              ; From ; To                                                 ;
+---------------------------------+--------------------+------+----------------------------------------------------+
; OPTIMIZE_POWER_DURING_SYNTHESIS ; NORMAL_COMPILATION ; -    ; -                                                  ;
+---------------------------------+--------------------+------+----------------------------------------------------+


+------------------------------------------------------------------------------------------------------------------+
; Source assignments for CPU_FPGA:U_CPU|Data_Memory:U_DMEM|altsyncram:ram[0][15]__3|altsyncram_1f81:auto_generated ;
+---------------------------------+--------------------+------+----------------------------------------------------+
; Assignment                      ; Value              ; From ; To                                                 ;
+---------------------------------+--------------------+------+----------------------------------------------------+
; OPTIMIZE_POWER_DURING_SYNTHESIS ; NORMAL_COMPILATION ; -    ; -                                                  ;
+---------------------------------+--------------------+------+----------------------------------------------------+


+-----------------------------------------------------------------------------------------------------------------+
; Source assignments for CPU_FPGA:U_CPU|Data_Memory:U_DMEM|altsyncram:ram[0][7]__4|altsyncram_1f81:auto_generated ;
+---------------------------------+--------------------+------+---------------------------------------------------+
; Assignment                      ; Value              ; From ; To                                                ;
+---------------------------------+--------------------+------+---------------------------------------------------+
; OPTIMIZE_POWER_DURING_SYNTHESIS ; NORMAL_COMPILATION ; -    ; -                                                 ;
+---------------------------------+--------------------+------+---------------------------------------------------+


+---------------------------------------------------------------------------------------------------------------------+
; Source assignments for CPU_FPGA:U_CPU|Instruction_Memory:U_IMEM|altsyncram:ram_rtl_0|altsyncram_9b81:auto_generated ;
+---------------------------------+--------------------+------+-------------------------------------------------------+
; Assignment                      ; Value              ; From ; To                                                    ;
+---------------------------------+--------------------+------+-------------------------------------------------------+
; OPTIMIZE_POWER_DURING_SYNTHESIS ; NORMAL_COMPILATION ; -    ; -                                                     ;
+---------------------------------+--------------------+------+-------------------------------------------------------+


+-------------------------------------------------------------+
; Parameter Settings for User Entity Instance: CPU_FPGA:U_CPU ;
+----------------+-------+------------------------------------+
; Parameter Name ; Value ; Type                               ;
+----------------+-------+------------------------------------+
; data_width     ; 32    ; Signed Integer                     ;
+----------------+-------+------------------------------------+
Note: In order to hide this table in the UI and the text report file, please set the "Show Parameter Settings in Synthesis Report" option in "Analysis and Synthesis Settings -> More Settings" to "Off".


+----------------------------------------------------------------------------------+
; Parameter Settings for User Entity Instance: CPU_FPGA:U_CPU|Program_Counter:U_PC ;
+----------------+-------+---------------------------------------------------------+
; Parameter Name ; Value ; Type                                                    ;
+----------------+-------+---------------------------------------------------------+
; data_width     ; 32    ; Signed Integer                                          ;
+----------------+-------+---------------------------------------------------------+
Note: In order to hide this table in the UI and the text report file, please set the "Show Parameter Settings in Synthesis Report" option in "Analysis and Synthesis Settings -> More Settings" to "Off".


+---------------------------------------------------------------------------------------------------------+
; Parameter Settings for User Entity Instance: CPU_FPGA:U_CPU|Data_Memory:U_DMEM|altsyncram:ram[0][31]__1 ;
+------------------------------------+----------------------+---------------------------------------------+
; Parameter Name                     ; Value                ; Type                                        ;
+------------------------------------+----------------------+---------------------------------------------+
; BYTE_SIZE_BLOCK                    ; 8                    ; Untyped                                     ;
; AUTO_CARRY_CHAINS                  ; ON                   ; AUTO_CARRY                                  ;
; IGNORE_CARRY_BUFFERS               ; OFF                  ; IGNORE_CARRY                                ;
; AUTO_CASCADE_CHAINS                ; ON                   ; AUTO_CASCADE                                ;
; IGNORE_CASCADE_BUFFERS             ; OFF                  ; IGNORE_CASCADE                              ;
; WIDTH_BYTEENA                      ; 1                    ; Untyped                                     ;
; OPERATION_MODE                     ; SINGLE_PORT          ; Untyped                                     ;
; WIDTH_A                            ; 8                    ; Untyped                                     ;
; WIDTHAD_A                          ; 10                   ; Untyped                                     ;
; NUMWORDS_A                         ; 1024                 ; Untyped                                     ;
; OUTDATA_REG_A                      ; UNREGISTERED         ; Untyped                                     ;
; ADDRESS_ACLR_A                     ; NONE                 ; Untyped                                     ;
; OUTDATA_ACLR_A                     ; NONE                 ; Untyped                                     ;
; WRCONTROL_ACLR_A                   ; NONE                 ; Untyped                                     ;
; INDATA_ACLR_A                      ; NONE                 ; Untyped                                     ;
; BYTEENA_ACLR_A                     ; NONE                 ; Untyped                                     ;
; WIDTH_B                            ; 1                    ; Untyped                                     ;
; WIDTHAD_B                          ; 1                    ; Untyped                                     ;
; NUMWORDS_B                         ; 1                    ; Untyped                                     ;
; INDATA_REG_B                       ; CLOCK1               ; Untyped                                     ;
; WRCONTROL_WRADDRESS_REG_B          ; CLOCK1               ; Untyped                                     ;
; RDCONTROL_REG_B                    ; CLOCK1               ; Untyped                                     ;
; ADDRESS_REG_B                      ; CLOCK1               ; Untyped                                     ;
; OUTDATA_REG_B                      ; UNREGISTERED         ; Untyped                                     ;
; BYTEENA_REG_B                      ; CLOCK1               ; Untyped                                     ;
; INDATA_ACLR_B                      ; NONE                 ; Untyped                                     ;
; WRCONTROL_ACLR_B                   ; NONE                 ; Untyped                                     ;
; ADDRESS_ACLR_B                     ; NONE                 ; Untyped                                     ;
; OUTDATA_ACLR_B                     ; NONE                 ; Untyped                                     ;
; RDCONTROL_ACLR_B                   ; NONE                 ; Untyped                                     ;
; BYTEENA_ACLR_B                     ; NONE                 ; Untyped                                     ;
; WIDTH_BYTEENA_A                    ; 1                    ; Untyped                                     ;
; WIDTH_BYTEENA_B                    ; 1                    ; Untyped                                     ;
; RAM_BLOCK_TYPE                     ; AUTO                 ; Untyped                                     ;
; BYTE_SIZE                          ; 8                    ; Untyped                                     ;
; READ_DURING_WRITE_MODE_MIXED_PORTS ; DONT_CARE            ; Untyped                                     ;
; READ_DURING_WRITE_MODE_PORT_A      ; OLD_DATA             ; Untyped                                     ;
; READ_DURING_WRITE_MODE_PORT_B      ; NEW_DATA_NO_NBE_READ ; Untyped                                     ;
; INIT_FILE                          ; UNUSED               ; Untyped                                     ;
; INIT_FILE_LAYOUT                   ; PORT_A               ; Untyped                                     ;
; MAXIMUM_DEPTH                      ; 0                    ; Untyped                                     ;
; CLOCK_ENABLE_INPUT_A               ; NORMAL               ; Untyped                                     ;
; CLOCK_ENABLE_INPUT_B               ; NORMAL               ; Untyped                                     ;
; CLOCK_ENABLE_OUTPUT_A              ; NORMAL               ; Untyped                                     ;
; CLOCK_ENABLE_OUTPUT_B              ; NORMAL               ; Untyped                                     ;
; CLOCK_ENABLE_CORE_A                ; USE_INPUT_CLKEN      ; Untyped                                     ;
; CLOCK_ENABLE_CORE_B                ; USE_INPUT_CLKEN      ; Untyped                                     ;
; ENABLE_ECC                         ; FALSE                ; Untyped                                     ;
; ECC_PIPELINE_STAGE_ENABLED         ; FALSE                ; Untyped                                     ;
; WIDTH_ECCSTATUS                    ; 3                    ; Untyped                                     ;
; DEVICE_FAMILY                      ; Cyclone IV E         ; Untyped                                     ;
; CBXI_PARAMETER                     ; altsyncram_1f81      ; Untyped                                     ;
+------------------------------------+----------------------+---------------------------------------------+
Note: In order to hide this table in the UI and the text report file, please set the "Show Parameter Settings in Synthesis Report" option in "Analysis and Synthesis Settings -> More Settings" to "Off".


+---------------------------------------------------------------------------------------------------------+
; Parameter Settings for User Entity Instance: CPU_FPGA:U_CPU|Data_Memory:U_DMEM|altsyncram:ram[0][23]__2 ;
+------------------------------------+----------------------+---------------------------------------------+
; Parameter Name                     ; Value                ; Type                                        ;
+------------------------------------+----------------------+---------------------------------------------+
; BYTE_SIZE_BLOCK                    ; 8                    ; Untyped                                     ;
; AUTO_CARRY_CHAINS                  ; ON                   ; AUTO_CARRY                                  ;
; IGNORE_CARRY_BUFFERS               ; OFF                  ; IGNORE_CARRY                                ;
; AUTO_CASCADE_CHAINS                ; ON                   ; AUTO_CASCADE                                ;
; IGNORE_CASCADE_BUFFERS             ; OFF                  ; IGNORE_CASCADE                              ;
; WIDTH_BYTEENA                      ; 1                    ; Untyped                                     ;
; OPERATION_MODE                     ; SINGLE_PORT          ; Untyped                                     ;
; WIDTH_A                            ; 8                    ; Untyped                                     ;
; WIDTHAD_A                          ; 10                   ; Untyped                                     ;
; NUMWORDS_A                         ; 1024                 ; Untyped                                     ;
; OUTDATA_REG_A                      ; UNREGISTERED         ; Untyped                                     ;
; ADDRESS_ACLR_A                     ; NONE                 ; Untyped                                     ;
; OUTDATA_ACLR_A                     ; NONE                 ; Untyped                                     ;
; WRCONTROL_ACLR_A                   ; NONE                 ; Untyped                                     ;
; INDATA_ACLR_A                      ; NONE                 ; Untyped                                     ;
; BYTEENA_ACLR_A                     ; NONE                 ; Untyped                                     ;
; WIDTH_B                            ; 1                    ; Untyped                                     ;
; WIDTHAD_B                          ; 1                    ; Untyped                                     ;
; NUMWORDS_B                         ; 1                    ; Untyped                                     ;
; INDATA_REG_B                       ; CLOCK1               ; Untyped                                     ;
; WRCONTROL_WRADDRESS_REG_B          ; CLOCK1               ; Untyped                                     ;
; RDCONTROL_REG_B                    ; CLOCK1               ; Untyped                                     ;
; ADDRESS_REG_B                      ; CLOCK1               ; Untyped                                     ;
; OUTDATA_REG_B                      ; UNREGISTERED         ; Untyped                                     ;
; BYTEENA_REG_B                      ; CLOCK1               ; Untyped                                     ;
; INDATA_ACLR_B                      ; NONE                 ; Untyped                                     ;
; WRCONTROL_ACLR_B                   ; NONE                 ; Untyped                                     ;
; ADDRESS_ACLR_B                     ; NONE                 ; Untyped                                     ;
; OUTDATA_ACLR_B                     ; NONE                 ; Untyped                                     ;
; RDCONTROL_ACLR_B                   ; NONE                 ; Untyped                                     ;
; BYTEENA_ACLR_B                     ; NONE                 ; Untyped                                     ;
; WIDTH_BYTEENA_A                    ; 1                    ; Untyped                                     ;
; WIDTH_BYTEENA_B                    ; 1                    ; Untyped                                     ;
; RAM_BLOCK_TYPE                     ; AUTO                 ; Untyped                                     ;
; BYTE_SIZE                          ; 8                    ; Untyped                                     ;
; READ_DURING_WRITE_MODE_MIXED_PORTS ; DONT_CARE            ; Untyped                                     ;
; READ_DURING_WRITE_MODE_PORT_A      ; OLD_DATA             ; Untyped                                     ;
; READ_DURING_WRITE_MODE_PORT_B      ; NEW_DATA_NO_NBE_READ ; Untyped                                     ;
; INIT_FILE                          ; UNUSED               ; Untyped                                     ;
; INIT_FILE_LAYOUT                   ; PORT_A               ; Untyped                                     ;
; MAXIMUM_DEPTH                      ; 0                    ; Untyped                                     ;
; CLOCK_ENABLE_INPUT_A               ; NORMAL               ; Untyped                                     ;
; CLOCK_ENABLE_INPUT_B               ; NORMAL               ; Untyped                                     ;
; CLOCK_ENABLE_OUTPUT_A              ; NORMAL               ; Untyped                                     ;
; CLOCK_ENABLE_OUTPUT_B              ; NORMAL               ; Untyped                                     ;
; CLOCK_ENABLE_CORE_A                ; USE_INPUT_CLKEN      ; Untyped                                     ;
; CLOCK_ENABLE_CORE_B                ; USE_INPUT_CLKEN      ; Untyped                                     ;
; ENABLE_ECC                         ; FALSE                ; Untyped                                     ;
; ECC_PIPELINE_STAGE_ENABLED         ; FALSE                ; Untyped                                     ;
; WIDTH_ECCSTATUS                    ; 3                    ; Untyped                                     ;
; DEVICE_FAMILY                      ; Cyclone IV E         ; Untyped                                     ;
; CBXI_PARAMETER                     ; altsyncram_1f81      ; Untyped                                     ;
+------------------------------------+----------------------+---------------------------------------------+
Note: In order to hide this table in the UI and the text report file, please set the "Show Parameter Settings in Synthesis Report" option in "Analysis and Synthesis Settings -> More Settings" to "Off".


+---------------------------------------------------------------------------------------------------------+
; Parameter Settings for User Entity Instance: CPU_FPGA:U_CPU|Data_Memory:U_DMEM|altsyncram:ram[0][15]__3 ;
+------------------------------------+----------------------+---------------------------------------------+
; Parameter Name                     ; Value                ; Type                                        ;
+------------------------------------+----------------------+---------------------------------------------+
; BYTE_SIZE_BLOCK                    ; 8                    ; Untyped                                     ;
; AUTO_CARRY_CHAINS                  ; ON                   ; AUTO_CARRY                                  ;
; IGNORE_CARRY_BUFFERS               ; OFF                  ; IGNORE_CARRY                                ;
; AUTO_CASCADE_CHAINS                ; ON                   ; AUTO_CASCADE                                ;
; IGNORE_CASCADE_BUFFERS             ; OFF                  ; IGNORE_CASCADE                              ;
; WIDTH_BYTEENA                      ; 1                    ; Untyped                                     ;
; OPERATION_MODE                     ; SINGLE_PORT          ; Untyped                                     ;
; WIDTH_A                            ; 8                    ; Untyped                                     ;
; WIDTHAD_A                          ; 10                   ; Untyped                                     ;
; NUMWORDS_A                         ; 1024                 ; Untyped                                     ;
; OUTDATA_REG_A                      ; UNREGISTERED         ; Untyped                                     ;
; ADDRESS_ACLR_A                     ; NONE                 ; Untyped                                     ;
; OUTDATA_ACLR_A                     ; NONE                 ; Untyped                                     ;
; WRCONTROL_ACLR_A                   ; NONE                 ; Untyped                                     ;
; INDATA_ACLR_A                      ; NONE                 ; Untyped                                     ;
; BYTEENA_ACLR_A                     ; NONE                 ; Untyped                                     ;
; WIDTH_B                            ; 1                    ; Untyped                                     ;
; WIDTHAD_B                          ; 1                    ; Untyped                                     ;
; NUMWORDS_B                         ; 1                    ; Untyped                                     ;
; INDATA_REG_B                       ; CLOCK1               ; Untyped                                     ;
; WRCONTROL_WRADDRESS_REG_B          ; CLOCK1               ; Untyped                                     ;
; RDCONTROL_REG_B                    ; CLOCK1               ; Untyped                                     ;
; ADDRESS_REG_B                      ; CLOCK1               ; Untyped                                     ;
; OUTDATA_REG_B                      ; UNREGISTERED         ; Untyped                                     ;
; BYTEENA_REG_B                      ; CLOCK1               ; Untyped                                     ;
; INDATA_ACLR_B                      ; NONE                 ; Untyped                                     ;
; WRCONTROL_ACLR_B                   ; NONE                 ; Untyped                                     ;
; ADDRESS_ACLR_B                     ; NONE                 ; Untyped                                     ;
; OUTDATA_ACLR_B                     ; NONE                 ; Untyped                                     ;
; RDCONTROL_ACLR_B                   ; NONE                 ; Untyped                                     ;
; BYTEENA_ACLR_B                     ; NONE                 ; Untyped                                     ;
; WIDTH_BYTEENA_A                    ; 1                    ; Untyped                                     ;
; WIDTH_BYTEENA_B                    ; 1                    ; Untyped                                     ;
; RAM_BLOCK_TYPE                     ; AUTO                 ; Untyped                                     ;
; BYTE_SIZE                          ; 8                    ; Untyped                                     ;
; READ_DURING_WRITE_MODE_MIXED_PORTS ; DONT_CARE            ; Untyped                                     ;
; READ_DURING_WRITE_MODE_PORT_A      ; OLD_DATA             ; Untyped                                     ;
; READ_DURING_WRITE_MODE_PORT_B      ; NEW_DATA_NO_NBE_READ ; Untyped                                     ;
; INIT_FILE                          ; UNUSED               ; Untyped                                     ;
; INIT_FILE_LAYOUT                   ; PORT_A               ; Untyped                                     ;
; MAXIMUM_DEPTH                      ; 0                    ; Untyped                                     ;
; CLOCK_ENABLE_INPUT_A               ; NORMAL               ; Untyped                                     ;
; CLOCK_ENABLE_INPUT_B               ; NORMAL               ; Untyped                                     ;
; CLOCK_ENABLE_OUTPUT_A              ; NORMAL               ; Untyped                                     ;
; CLOCK_ENABLE_OUTPUT_B              ; NORMAL               ; Untyped                                     ;
; CLOCK_ENABLE_CORE_A                ; USE_INPUT_CLKEN      ; Untyped                                     ;
; CLOCK_ENABLE_CORE_B                ; USE_INPUT_CLKEN      ; Untyped                                     ;
; ENABLE_ECC                         ; FALSE                ; Untyped                                     ;
; ECC_PIPELINE_STAGE_ENABLED         ; FALSE                ; Untyped                                     ;
; WIDTH_ECCSTATUS                    ; 3                    ; Untyped                                     ;
; DEVICE_FAMILY                      ; Cyclone IV E         ; Untyped                                     ;
; CBXI_PARAMETER                     ; altsyncram_1f81      ; Untyped                                     ;
+------------------------------------+----------------------+---------------------------------------------+
Note: In order to hide this table in the UI and the text report file, please set the "Show Parameter Settings in Synthesis Report" option in "Analysis and Synthesis Settings -> More Settings" to "Off".


+--------------------------------------------------------------------------------------------------------+
; Parameter Settings for User Entity Instance: CPU_FPGA:U_CPU|Data_Memory:U_DMEM|altsyncram:ram[0][7]__4 ;
+------------------------------------+----------------------+--------------------------------------------+
; Parameter Name                     ; Value                ; Type                                       ;
+------------------------------------+----------------------+--------------------------------------------+
; BYTE_SIZE_BLOCK                    ; 8                    ; Untyped                                    ;
; AUTO_CARRY_CHAINS                  ; ON                   ; AUTO_CARRY                                 ;
; IGNORE_CARRY_BUFFERS               ; OFF                  ; IGNORE_CARRY                               ;
; AUTO_CASCADE_CHAINS                ; ON                   ; AUTO_CASCADE                               ;
; IGNORE_CASCADE_BUFFERS             ; OFF                  ; IGNORE_CASCADE                             ;
; WIDTH_BYTEENA                      ; 1                    ; Untyped                                    ;
; OPERATION_MODE                     ; SINGLE_PORT          ; Untyped                                    ;
; WIDTH_A                            ; 8                    ; Untyped                                    ;
; WIDTHAD_A                          ; 10                   ; Untyped                                    ;
; NUMWORDS_A                         ; 1024                 ; Untyped                                    ;
; OUTDATA_REG_A                      ; UNREGISTERED         ; Untyped                                    ;
; ADDRESS_ACLR_A                     ; NONE                 ; Untyped                                    ;
; OUTDATA_ACLR_A                     ; NONE                 ; Untyped                                    ;
; WRCONTROL_ACLR_A                   ; NONE                 ; Untyped                                    ;
; INDATA_ACLR_A                      ; NONE                 ; Untyped                                    ;
; BYTEENA_ACLR_A                     ; NONE                 ; Untyped                                    ;
; WIDTH_B                            ; 1                    ; Untyped                                    ;
; WIDTHAD_B                          ; 1                    ; Untyped                                    ;
; NUMWORDS_B                         ; 1                    ; Untyped                                    ;
; INDATA_REG_B                       ; CLOCK1               ; Untyped                                    ;
; WRCONTROL_WRADDRESS_REG_B          ; CLOCK1               ; Untyped                                    ;
; RDCONTROL_REG_B                    ; CLOCK1               ; Untyped                                    ;
; ADDRESS_REG_B                      ; CLOCK1               ; Untyped                                    ;
; OUTDATA_REG_B                      ; UNREGISTERED         ; Untyped                                    ;
; BYTEENA_REG_B                      ; CLOCK1               ; Untyped                                    ;
; INDATA_ACLR_B                      ; NONE                 ; Untyped                                    ;
; WRCONTROL_ACLR_B                   ; NONE                 ; Untyped                                    ;
; ADDRESS_ACLR_B                     ; NONE                 ; Untyped                                    ;
; OUTDATA_ACLR_B                     ; NONE                 ; Untyped                                    ;
; RDCONTROL_ACLR_B                   ; NONE                 ; Untyped                                    ;
; BYTEENA_ACLR_B                     ; NONE                 ; Untyped                                    ;
; WIDTH_BYTEENA_A                    ; 1                    ; Untyped                                    ;
; WIDTH_BYTEENA_B                    ; 1                    ; Untyped                                    ;
; RAM_BLOCK_TYPE                     ; AUTO                 ; Untyped                                    ;
; BYTE_SIZE                          ; 8                    ; Untyped                                    ;
; READ_DURING_WRITE_MODE_MIXED_PORTS ; DONT_CARE            ; Untyped                                    ;
; READ_DURING_WRITE_MODE_PORT_A      ; OLD_DATA             ; Untyped                                    ;
; READ_DURING_WRITE_MODE_PORT_B      ; NEW_DATA_NO_NBE_READ ; Untyped                                    ;
; INIT_FILE                          ; UNUSED               ; Untyped                                    ;
; INIT_FILE_LAYOUT                   ; PORT_A               ; Untyped                                    ;
; MAXIMUM_DEPTH                      ; 0                    ; Untyped                                    ;
; CLOCK_ENABLE_INPUT_A               ; NORMAL               ; Untyped                                    ;
; CLOCK_ENABLE_INPUT_B               ; NORMAL               ; Untyped                                    ;
; CLOCK_ENABLE_OUTPUT_A              ; NORMAL               ; Untyped                                    ;
; CLOCK_ENABLE_OUTPUT_B              ; NORMAL               ; Untyped                                    ;
; CLOCK_ENABLE_CORE_A                ; USE_INPUT_CLKEN      ; Untyped                                    ;
; CLOCK_ENABLE_CORE_B                ; USE_INPUT_CLKEN      ; Untyped                                    ;
; ENABLE_ECC                         ; FALSE                ; Untyped                                    ;
; ECC_PIPELINE_STAGE_ENABLED         ; FALSE                ; Untyped                                    ;
; WIDTH_ECCSTATUS                    ; 3                    ; Untyped                                    ;
; DEVICE_FAMILY                      ; Cyclone IV E         ; Untyped                                    ;
; CBXI_PARAMETER                     ; altsyncram_1f81      ; Untyped                                    ;
+------------------------------------+----------------------+--------------------------------------------+
Note: In order to hide this table in the UI and the text report file, please set the "Show Parameter Settings in Synthesis Report" option in "Analysis and Synthesis Settings -> More Settings" to "Off".


+----------------------------------------------------------------------------------------------------------------+
; Parameter Settings for Inferred Entity Instance: CPU_FPGA:U_CPU|Instruction_Memory:U_IMEM|altsyncram:ram_rtl_0 ;
+------------------------------------+------------------------------------------------------+--------------------+
; Parameter Name                     ; Value                                                ; Type               ;
+------------------------------------+------------------------------------------------------+--------------------+
; BYTE_SIZE_BLOCK                    ; 8                                                    ; Untyped            ;
; AUTO_CARRY_CHAINS                  ; ON                                                   ; AUTO_CARRY         ;
; IGNORE_CARRY_BUFFERS               ; OFF                                                  ; IGNORE_CARRY       ;
; AUTO_CASCADE_CHAINS                ; ON                                                   ; AUTO_CASCADE       ;
; IGNORE_CASCADE_BUFFERS             ; OFF                                                  ; IGNORE_CASCADE     ;
; WIDTH_BYTEENA                      ; 1                                                    ; Untyped            ;
; OPERATION_MODE                     ; ROM                                                  ; Untyped            ;
; WIDTH_A                            ; 32                                                   ; Untyped            ;
; WIDTHAD_A                          ; 10                                                   ; Untyped            ;
; NUMWORDS_A                         ; 1024                                                 ; Untyped            ;
; OUTDATA_REG_A                      ; UNREGISTERED                                         ; Untyped            ;
; ADDRESS_ACLR_A                     ; NONE                                                 ; Untyped            ;
; OUTDATA_ACLR_A                     ; NONE                                                 ; Untyped            ;
; WRCONTROL_ACLR_A                   ; NONE                                                 ; Untyped            ;
; INDATA_ACLR_A                      ; NONE                                                 ; Untyped            ;
; BYTEENA_ACLR_A                     ; NONE                                                 ; Untyped            ;
; WIDTH_B                            ; 1                                                    ; Untyped            ;
; WIDTHAD_B                          ; 1                                                    ; Untyped            ;
; NUMWORDS_B                         ; 1                                                    ; Untyped            ;
; INDATA_REG_B                       ; CLOCK1                                               ; Untyped            ;
; WRCONTROL_WRADDRESS_REG_B          ; CLOCK1                                               ; Untyped            ;
; RDCONTROL_REG_B                    ; CLOCK1                                               ; Untyped            ;
; ADDRESS_REG_B                      ; CLOCK1                                               ; Untyped            ;
; OUTDATA_REG_B                      ; UNREGISTERED                                         ; Untyped            ;
; BYTEENA_REG_B                      ; CLOCK1                                               ; Untyped            ;
; INDATA_ACLR_B                      ; NONE                                                 ; Untyped            ;
; WRCONTROL_ACLR_B                   ; NONE                                                 ; Untyped            ;
; ADDRESS_ACLR_B                     ; NONE                                                 ; Untyped            ;
; OUTDATA_ACLR_B                     ; NONE                                                 ; Untyped            ;
; RDCONTROL_ACLR_B                   ; NONE                                                 ; Untyped            ;
; BYTEENA_ACLR_B                     ; NONE                                                 ; Untyped            ;
; WIDTH_BYTEENA_A                    ; 1                                                    ; Untyped            ;
; WIDTH_BYTEENA_B                    ; 1                                                    ; Untyped            ;
; RAM_BLOCK_TYPE                     ; AUTO                                                 ; Untyped            ;
; BYTE_SIZE                          ; 8                                                    ; Untyped            ;
; READ_DURING_WRITE_MODE_MIXED_PORTS ; DONT_CARE                                            ; Untyped            ;
; READ_DURING_WRITE_MODE_PORT_A      ; NEW_DATA_NO_NBE_READ                                 ; Untyped            ;
; READ_DURING_WRITE_MODE_PORT_B      ; NEW_DATA_NO_NBE_READ                                 ; Untyped            ;
; INIT_FILE                          ; db/CPU_FPGA.ram0_Instruction_Memory_6c21a04c.hdl.mif ; Untyped            ;
; INIT_FILE_LAYOUT                   ; PORT_A                                               ; Untyped            ;
; MAXIMUM_DEPTH                      ; 0                                                    ; Untyped            ;
; CLOCK_ENABLE_INPUT_A               ; NORMAL                                               ; Untyped            ;
; CLOCK_ENABLE_INPUT_B               ; NORMAL                                               ; Untyped            ;
; CLOCK_ENABLE_OUTPUT_A              ; NORMAL                                               ; Untyped            ;
; CLOCK_ENABLE_OUTPUT_B              ; NORMAL                                               ; Untyped            ;
; CLOCK_ENABLE_CORE_A                ; USE_INPUT_CLKEN                                      ; Untyped            ;
; CLOCK_ENABLE_CORE_B                ; USE_INPUT_CLKEN                                      ; Untyped            ;
; ENABLE_ECC                         ; FALSE                                                ; Untyped            ;
; ECC_PIPELINE_STAGE_ENABLED         ; FALSE                                                ; Untyped            ;
; WIDTH_ECCSTATUS                    ; 3                                                    ; Untyped            ;
; DEVICE_FAMILY                      ; Cyclone IV E                                         ; Untyped            ;
; CBXI_PARAMETER                     ; altsyncram_9b81                                      ; Untyped            ;
+------------------------------------+------------------------------------------------------+--------------------+
Note: In order to hide this table in the UI and the text report file, please set the "Show Parameter Settings in Synthesis Report" option in "Analysis and Synthesis Settings -> More Settings" to "Off".


+-----------------------------------------------------------------------------------------------------------+
; altsyncram Parameter Settings by Entity Instance                                                          ;
+-------------------------------------------+---------------------------------------------------------------+
; Name                                      ; Value                                                         ;
+-------------------------------------------+---------------------------------------------------------------+
; Number of entity instances                ; 5                                                             ;
; Entity Instance                           ; CPU_FPGA:U_CPU|Data_Memory:U_DMEM|altsyncram:ram[0][31]__1    ;
;     -- OPERATION_MODE                     ; SINGLE_PORT                                                   ;
;     -- WIDTH_A                            ; 8                                                             ;
;     -- NUMWORDS_A                         ; 1024                                                          ;
;     -- OUTDATA_REG_A                      ; UNREGISTERED                                                  ;
;     -- WIDTH_B                            ; 1                                                             ;
;     -- NUMWORDS_B                         ; 1                                                             ;
;     -- ADDRESS_REG_B                      ; CLOCK1                                                        ;
;     -- OUTDATA_REG_B                      ; UNREGISTERED                                                  ;
;     -- RAM_BLOCK_TYPE                     ; AUTO                                                          ;
;     -- READ_DURING_WRITE_MODE_MIXED_PORTS ; DONT_CARE                                                     ;
; Entity Instance                           ; CPU_FPGA:U_CPU|Data_Memory:U_DMEM|altsyncram:ram[0][23]__2    ;
;     -- OPERATION_MODE                     ; SINGLE_PORT                                                   ;
;     -- WIDTH_A                            ; 8                                                             ;
;     -- NUMWORDS_A                         ; 1024                                                          ;
;     -- OUTDATA_REG_A                      ; UNREGISTERED                                                  ;
;     -- WIDTH_B                            ; 1                                                             ;
;     -- NUMWORDS_B                         ; 1                                                             ;
;     -- ADDRESS_REG_B                      ; CLOCK1                                                        ;
;     -- OUTDATA_REG_B                      ; UNREGISTERED                                                  ;
;     -- RAM_BLOCK_TYPE                     ; AUTO                                                          ;
;     -- READ_DURING_WRITE_MODE_MIXED_PORTS ; DONT_CARE                                                     ;
; Entity Instance                           ; CPU_FPGA:U_CPU|Data_Memory:U_DMEM|altsyncram:ram[0][15]__3    ;
;     -- OPERATION_MODE                     ; SINGLE_PORT                                                   ;
;     -- WIDTH_A                            ; 8                                                             ;
;     -- NUMWORDS_A                         ; 1024                                                          ;
;     -- OUTDATA_REG_A                      ; UNREGISTERED                                                  ;
;     -- WIDTH_B                            ; 1                                                             ;
;     -- NUMWORDS_B                         ; 1                                                             ;
;     -- ADDRESS_REG_B                      ; CLOCK1                                                        ;
;     -- OUTDATA_REG_B                      ; UNREGISTERED                                                  ;
;     -- RAM_BLOCK_TYPE                     ; AUTO                                                          ;
;     -- READ_DURING_WRITE_MODE_MIXED_PORTS ; DONT_CARE                                                     ;
; Entity Instance                           ; CPU_FPGA:U_CPU|Data_Memory:U_DMEM|altsyncram:ram[0][7]__4     ;
;     -- OPERATION_MODE                     ; SINGLE_PORT                                                   ;
;     -- WIDTH_A                            ; 8                                                             ;
;     -- NUMWORDS_A                         ; 1024                                                          ;
;     -- OUTDATA_REG_A                      ; UNREGISTERED                                                  ;
;     -- WIDTH_B                            ; 1                                                             ;
;     -- NUMWORDS_B                         ; 1                                                             ;
;     -- ADDRESS_REG_B                      ; CLOCK1                                                        ;
;     -- OUTDATA_REG_B                      ; UNREGISTERED                                                  ;
;     -- RAM_BLOCK_TYPE                     ; AUTO                                                          ;
;     -- READ_DURING_WRITE_MODE_MIXED_PORTS ; DONT_CARE                                                     ;
; Entity Instance                           ; CPU_FPGA:U_CPU|Instruction_Memory:U_IMEM|altsyncram:ram_rtl_0 ;
;     -- OPERATION_MODE                     ; ROM                                                           ;
;     -- WIDTH_A                            ; 32                                                            ;
;     -- NUMWORDS_A                         ; 1024                                                          ;
;     -- OUTDATA_REG_A                      ; UNREGISTERED                                                  ;
;     -- WIDTH_B                            ; 1                                                             ;
;     -- NUMWORDS_B                         ; 1                                                             ;
;     -- ADDRESS_REG_B                      ; CLOCK1                                                        ;
;     -- OUTDATA_REG_B                      ; UNREGISTERED                                                  ;
;     -- RAM_BLOCK_TYPE                     ; AUTO                                                          ;
;     -- READ_DURING_WRITE_MODE_MIXED_PORTS ; DONT_CARE                                                     ;
+-------------------------------------------+---------------------------------------------------------------+


+---------------------------------------------------------------------+
; Port Connectivity Checks: "CPU_FPGA:U_CPU|MEM_WB_Register:U_MEM_WB" ;
+--------------+-------+----------+-----------------------------------+
; Port         ; Type  ; Severity ; Details                           ;
+--------------+-------+----------+-----------------------------------+
; stall        ; Input ; Info     ; Stuck at GND                      ;
; flush        ; Input ; Info     ; Stuck at GND                      ;
; wb_sel_in[1] ; Input ; Info     ; Stuck at GND                      ;
+--------------+-------+----------+-----------------------------------+


+-----------------------------------------------------------------+
; Port Connectivity Checks: "CPU_FPGA:U_CPU|Hazard_Unit:U_HAZARD" ;
+-------------+-------+----------+--------------------------------+
; Port        ; Type  ; Severity ; Details                        ;
+-------------+-------+----------+--------------------------------+
; take_branch ; Input ; Info     ; Stuck at GND                   ;
+-------------+-------+----------+--------------------------------+


+---------------------------------------------------------------------+
; Port Connectivity Checks: "CPU_FPGA:U_CPU|EX_MEM_Register:U_EX_MEM" ;
+-------+-------+----------+------------------------------------------+
; Port  ; Type  ; Severity ; Details                                  ;
+-------+-------+----------+------------------------------------------+
; flush ; Input ; Info     ; Stuck at GND                             ;
+-------+-------+----------+------------------------------------------+


+---------------------------------------------------------------------------------------------------------------------+
; Port Connectivity Checks: "CPU_FPGA:U_CPU|ALU:U_ALU"                                                                ;
+-----------+--------+----------+-------------------------------------------------------------------------------------+
; Port      ; Type   ; Severity ; Details                                                                             ;
+-----------+--------+----------+-------------------------------------------------------------------------------------+
; zero_flag ; Output ; Info     ; Connected to dangling logic. Logic that only feeds a dangling port will be removed. ;
+-----------+--------+----------+-------------------------------------------------------------------------------------+


+-------------------------------------------------------------------------------------------------------------------------+
; Port Connectivity Checks: "CPU_FPGA:U_CPU|ID_EX_Register:U_ID_EX"                                                       ;
+---------------+--------+----------+-------------------------------------------------------------------------------------+
; Port          ; Type   ; Severity ; Details                                                                             ;
+---------------+--------+----------+-------------------------------------------------------------------------------------+
; pc_out        ; Output ; Info     ; Connected to dangling logic. Logic that only feeds a dangling port will be removed. ;
; branch_out    ; Output ; Info     ; Connected to dangling logic. Logic that only feeds a dangling port will be removed. ;
; jump_out      ; Output ; Info     ; Connected to dangling logic. Logic that only feeds a dangling port will be removed. ;
; wb_sel_out[1] ; Output ; Info     ; Connected to dangling logic. Logic that only feeds a dangling port will be removed. ;
+---------------+--------+----------+-------------------------------------------------------------------------------------+


+-----------------------------------------------------------------+
; Port Connectivity Checks: "CPU_FPGA:U_CPU|Program_Counter:U_PC" ;
+-----------+-------+----------+----------------------------------+
; Port      ; Type  ; Severity ; Details                          ;
+-----------+-------+----------+----------------------------------+
; pc_src    ; Input ; Info     ; Stuck at GND                     ;
; target_pc ; Input ; Info     ; Stuck at GND                     ;
+-----------+-------+----------+----------------------------------+


+-----------------------------------------------------------------------------------------------------------------------+
; Port Connectivity Checks: "CPU_FPGA:U_CPU"                                                                            ;
+-------------+--------+----------+-------------------------------------------------------------------------------------+
; Port        ; Type   ; Severity ; Details                                                                             ;
+-------------+--------+----------+-------------------------------------------------------------------------------------+
; pc_debug    ; Output ; Info     ; Connected to dangling logic. Logic that only feeds a dangling port will be removed. ;
; instr_debug ; Output ; Info     ; Connected to dangling logic. Logic that only feeds a dangling port will be removed. ;
; rs1_debug   ; Output ; Info     ; Connected to dangling logic. Logic that only feeds a dangling port will be removed. ;
; rs2_debug   ; Output ; Info     ; Connected to dangling logic. Logic that only feeds a dangling port will be removed. ;
+-------------+--------+----------+-------------------------------------------------------------------------------------+


+-------------------------------+
; Elapsed Time Per Partition    ;
+----------------+--------------+
; Partition Name ; Elapsed Time ;
+----------------+--------------+
; Top            ; 00:00:00     ;
+----------------+--------------+


+-------------------------------+
; Analysis & Synthesis Messages ;
+-------------------------------+
Info: *******************************************************************
Info: Running Quartus II 64-Bit Analysis & Synthesis
    Info: Version 13.0.1 Build 232 06/12/2013 Service Pack 1 SJ Web Edition
    Info: Processing started: Thu Aug 06 15:45:21 2026
Info: Command: quartus_map --read_settings_files=on --write_settings_files=off CPU_FPGA -c CPU_FPGA
Warning (20028): Parallel compilation is not licensed and has been disabled
Info (12021): Found 2 design units, including 1 entities, in source file program_counter.vhd
    Info (12022): Found design unit 1: Program_Counter-Behavioral
    Info (12023): Found entity 1: Program_Counter
Info (12021): Found 2 design units, including 1 entities, in source file cpu_fpga.vhd
    Info (12022): Found design unit 1: CPU_FPGA-Structural
    Info (12023): Found entity 1: CPU_FPGA
Info (12021): Found 2 design units, including 1 entities, in source file instruction_memory.vhd
    Info (12022): Found design unit 1: Instruction_Memory-Behavioral
    Info (12023): Found entity 1: Instruction_Memory
Info (12021): Found 2 design units, including 1 entities, in source file tb_cpu_fpga.vhd
    Info (12022): Found design unit 1: tb_CPU_FPGA-Behavior
    Info (12023): Found entity 1: tb_CPU_FPGA
Info (12021): Found 2 design units, including 1 entities, in source file if_id_register.vhd
    Info (12022): Found design unit 1: IF_ID_Register-Behavioral
    Info (12023): Found entity 1: IF_ID_Register
Info (12021): Found 2 design units, including 1 entities, in source file regfile.vhd
    Info (12022): Found design unit 1: RegFile-Behavioral
    Info (12023): Found entity 1: RegFile
Info (12021): Found 2 design units, including 1 entities, in source file immgen.vhd
    Info (12022): Found design unit 1: ImmGen-Behavioral
    Info (12023): Found entity 1: ImmGen
Info (12021): Found 2 design units, including 1 entities, in source file immgen_tb.vhd
    Info (12022): Found design unit 1: ImmGen_tb-Behavior
    Info (12023): Found entity 1: ImmGen_tb
Info (12021): Found 2 design units, including 1 entities, in source file id_ex_register.vhd
    Info (12022): Found design unit 1: ID_EX_Register-Behavioral
    Info (12023): Found entity 1: ID_EX_Register
Info (12021): Found 2 design units, including 1 entities, in source file control_unit.vhd
    Info (12022): Found design unit 1: Control_Unit-Behavioral
    Info (12023): Found entity 1: Control_Unit
Info (12021): Found 2 design units, including 1 entities, in source file alu.vhd
    Info (12022): Found design unit 1: ALU-Behavioral
    Info (12023): Found entity 1: ALU
Info (12021): Found 2 design units, including 1 entities, in source file alu_tb.vhd
    Info (12022): Found design unit 1: ALU_tb-Behavior
    Info (12023): Found entity 1: ALU_tb
Info (12021): Found 2 design units, including 1 entities, in source file m_extension_unit.vhd
    Info (12022): Found design unit 1: M_Extension_Unit-Behavioral
    Info (12023): Found entity 1: M_Extension_Unit
Info (12021): Found 2 design units, including 1 entities, in source file m_extension_unit_tb.vhd
    Info (12022): Found design unit 1: M_Extension_Unit_tb-Testbench
    Info (12023): Found entity 1: M_Extension_Unit_tb
Info (12021): Found 2 design units, including 1 entities, in source file hazard_unit.vhd
    Info (12022): Found design unit 1: Hazard_Unit-Behavioral
    Info (12023): Found entity 1: Hazard_Unit
Info (12021): Found 2 design units, including 1 entities, in source file forwarding_unit.vhd
    Info (12022): Found design unit 1: Forwarding_Unit-Behavioral
    Info (12023): Found entity 1: Forwarding_Unit
Info (12021): Found 2 design units, including 1 entities, in source file ex_mem_register.vhd
    Info (12022): Found design unit 1: EX_MEM_Register-Behavioral
    Info (12023): Found entity 1: EX_MEM_Register
Info (12021): Found 2 design units, including 1 entities, in source file data_memory.vhd
    Info (12022): Found design unit 1: Data_Memory-Behavioral
    Info (12023): Found entity 1: Data_Memory
Info (12021): Found 2 design units, including 1 entities, in source file board_top.vhd
    Info (12022): Found design unit 1: Board_Top-Structural
    Info (12023): Found entity 1: Board_Top
Info (12021): Found 2 design units, including 1 entities, in source file mem_wb_register.vhd
    Info (12022): Found design unit 1: MEM_WB_Register-Behavioral
    Info (12023): Found entity 1: MEM_WB_Register
Info (12127): Elaborating entity "Board_Top" for the top level hierarchy
Warning (10036): Verilog HDL or VHDL warning at Board_Top.vhd(28): object "pc_debug_int" assigned a value but never read
Warning (10036): Verilog HDL or VHDL warning at Board_Top.vhd(29): object "instr_debug_int" assigned a value but never read
Warning (10036): Verilog HDL or VHDL warning at Board_Top.vhd(30): object "rs1_debug_int" assigned a value but never read
Warning (10036): Verilog HDL or VHDL warning at Board_Top.vhd(31): object "rs2_debug_int" assigned a value but never read
Info (12128): Elaborating entity "CPU_FPGA" for hierarchy "CPU_FPGA:U_CPU"
Warning (10540): VHDL Signal Declaration warning at CPU_FPGA.vhd(281): used explicit default value for signal "pc_src_select" because signal was never assigned a value
Warning (10540): VHDL Signal Declaration warning at CPU_FPGA.vhd(282): used explicit default value for signal "pc_target_addr" because signal was never assigned a value
Warning (10036): Verilog HDL or VHDL warning at CPU_FPGA.vhd(312): object "ex_pc" assigned a value but never read
Warning (10036): Verilog HDL or VHDL warning at CPU_FPGA.vhd(326): object "ex_branch" assigned a value but never read
Warning (10036): Verilog HDL or VHDL warning at CPU_FPGA.vhd(327): object "ex_jump" assigned a value but never read
Warning (10036): Verilog HDL or VHDL warning at CPU_FPGA.vhd(334): object "ex_zero_flag" assigned a value but never read
Warning (10540): VHDL Signal Declaration warning at CPU_FPGA.vhd(340): used explicit default value for signal "take_branch_wire" because signal was never assigned a value
Info (12128): Elaborating entity "Program_Counter" for hierarchy "CPU_FPGA:U_CPU|Program_Counter:U_PC"
Info (12128): Elaborating entity "Instruction_Memory" for hierarchy "CPU_FPGA:U_CPU|Instruction_Memory:U_IMEM"
Info (12128): Elaborating entity "IF_ID_Register" for hierarchy "CPU_FPGA:U_CPU|IF_ID_Register:U_IF_ID"
Info (12128): Elaborating entity "RegFile" for hierarchy "CPU_FPGA:U_CPU|RegFile:U_REGFILE"
Info (12128): Elaborating entity "Control_Unit" for hierarchy "CPU_FPGA:U_CPU|Control_Unit:U_CONTROL"
Warning (10631): VHDL Process Statement warning at Control_Unit.vhd(36): inferring latch(es) for signal or variable "alu_op", which holds its previous value in one or more paths through the process
Info (10041): Inferred latch for "alu_op[0]" at Control_Unit.vhd(36)
Info (10041): Inferred latch for "alu_op[1]" at Control_Unit.vhd(36)
Info (12128): Elaborating entity "ImmGen" for hierarchy "CPU_FPGA:U_CPU|ImmGen:U_IMMGEN"
Info (12128): Elaborating entity "ID_EX_Register" for hierarchy "CPU_FPGA:U_CPU|ID_EX_Register:U_ID_EX"
Info (12128): Elaborating entity "ALU" for hierarchy "CPU_FPGA:U_CPU|ALU:U_ALU"
Info (12128): Elaborating entity "M_Extension_Unit" for hierarchy "CPU_FPGA:U_CPU|M_Extension_Unit:U_M_EXT"
Info (12128): Elaborating entity "Forwarding_Unit" for hierarchy "CPU_FPGA:U_CPU|Forwarding_Unit:U_FWD"
Info (12128): Elaborating entity "EX_MEM_Register" for hierarchy "CPU_FPGA:U_CPU|EX_MEM_Register:U_EX_MEM"
Info (12128): Elaborating entity "Hazard_Unit" for hierarchy "CPU_FPGA:U_CPU|Hazard_Unit:U_HAZARD"
Info (12128): Elaborating entity "Data_Memory" for hierarchy "CPU_FPGA:U_CPU|Data_Memory:U_DMEM"
Info (19000): Inferred 4 megafunctions from design logic
    Info (276029): Inferred altsyncram megafunction from the following design logic: "CPU_FPGA:U_CPU|Data_Memory:U_DMEM|altsyncram:ram[0][31]__1" 
        Info (286033): Parameter OPERATION_MODE set to SINGLE_PORT
        Info (286033): Parameter WIDTH_A set to 8
        Info (286033): Parameter WIDTHAD_A set to 10
        Info (286033): Parameter NUMWORDS_A set to 1024
        Info (286033): Parameter OUTDATA_REG_A set to UNREGISTERED
        Info (286033): Parameter ADDRESS_ACLR_A set to NONE
        Info (286033): Parameter OUTDATA_ACLR_A set to NONE
        Info (286033): Parameter READ_DURING_WRITE_MODE_PORT_A set to OLD_DATA
        Info (286033): Parameter INDATA_ACLR_A set to NONE
        Info (286033): Parameter WRCONTROL_ACLR_A set to NONE
    Info (276029): Inferred altsyncram megafunction from the following design logic: "CPU_FPGA:U_CPU|Data_Memory:U_DMEM|altsyncram:ram[0][23]__2" 
        Info (286033): Parameter OPERATION_MODE set to SINGLE_PORT
        Info (286033): Parameter WIDTH_A set to 8
        Info (286033): Parameter WIDTHAD_A set to 10
        Info (286033): Parameter NUMWORDS_A set to 1024
        Info (286033): Parameter OUTDATA_REG_A set to UNREGISTERED
        Info (286033): Parameter ADDRESS_ACLR_A set to NONE
        Info (286033): Parameter OUTDATA_ACLR_A set to NONE
        Info (286033): Parameter READ_DURING_WRITE_MODE_PORT_A set to OLD_DATA
        Info (286033): Parameter INDATA_ACLR_A set to NONE
        Info (286033): Parameter WRCONTROL_ACLR_A set to NONE
    Info (276029): Inferred altsyncram megafunction from the following design logic: "CPU_FPGA:U_CPU|Data_Memory:U_DMEM|altsyncram:ram[0][15]__3" 
        Info (286033): Parameter OPERATION_MODE set to SINGLE_PORT
        Info (286033): Parameter WIDTH_A set to 8
        Info (286033): Parameter WIDTHAD_A set to 10
        Info (286033): Parameter NUMWORDS_A set to 1024
        Info (286033): Parameter OUTDATA_REG_A set to UNREGISTERED
        Info (286033): Parameter ADDRESS_ACLR_A set to NONE
        Info (286033): Parameter OUTDATA_ACLR_A set to NONE
        Info (286033): Parameter READ_DURING_WRITE_MODE_PORT_A set to OLD_DATA
        Info (286033): Parameter INDATA_ACLR_A set to NONE
        Info (286033): Parameter WRCONTROL_ACLR_A set to NONE
    Info (276029): Inferred altsyncram megafunction from the following design logic: "CPU_FPGA:U_CPU|Data_Memory:U_DMEM|altsyncram:ram[0][7]__4" 
        Info (286033): Parameter OPERATION_MODE set to SINGLE_PORT
        Info (286033): Parameter WIDTH_A set to 8
        Info (286033): Parameter WIDTHAD_A set to 10
        Info (286033): Parameter NUMWORDS_A set to 1024
        Info (286033): Parameter OUTDATA_REG_A set to UNREGISTERED
        Info (286033): Parameter ADDRESS_ACLR_A set to NONE
        Info (286033): Parameter OUTDATA_ACLR_A set to NONE
        Info (286033): Parameter READ_DURING_WRITE_MODE_PORT_A set to OLD_DATA
        Info (286033): Parameter INDATA_ACLR_A set to NONE
        Info (286033): Parameter WRCONTROL_ACLR_A set to NONE
Info (12128): Elaborating entity "altsyncram" for hierarchy "CPU_FPGA:U_CPU|Data_Memory:U_DMEM|altsyncram:ram[0][31]__1"
Info (12130): Elaborated megafunction instantiation "CPU_FPGA:U_CPU|Data_Memory:U_DMEM|altsyncram:ram[0][31]__1"
Info (12133): Instantiated megafunction "CPU_FPGA:U_CPU|Data_Memory:U_DMEM|altsyncram:ram[0][31]__1" with the following parameter:
    Info (12134): Parameter "OPERATION_MODE" = "SINGLE_PORT"
    Info (12134): Parameter "WIDTH_A" = "8"
    Info (12134): Parameter "WIDTHAD_A" = "10"
    Info (12134): Parameter "NUMWORDS_A" = "1024"
    Info (12134): Parameter "OUTDATA_REG_A" = "UNREGISTERED"
    Info (12134): Parameter "ADDRESS_ACLR_A" = "NONE"
    Info (12134): Parameter "OUTDATA_ACLR_A" = "NONE"
    Info (12134): Parameter "READ_DURING_WRITE_MODE_PORT_A" = "OLD_DATA"
    Info (12134): Parameter "INDATA_ACLR_A" = "NONE"
    Info (12134): Parameter "WRCONTROL_ACLR_A" = "NONE"
Info (12021): Found 1 design units, including 1 entities, in source file db/altsyncram_1f81.tdf
    Info (12023): Found entity 1: altsyncram_1f81
Info (12128): Elaborating entity "altsyncram_1f81" for hierarchy "CPU_FPGA:U_CPU|Data_Memory:U_DMEM|altsyncram:ram[0][31]__1|altsyncram_1f81:auto_generated"
Info (12128): Elaborating entity "MEM_WB_Register" for hierarchy "CPU_FPGA:U_CPU|MEM_WB_Register:U_MEM_WB"
Warning (14284): Synthesized away the following node(s):
    Warning (14285): Synthesized away the following RAM node(s):
        Warning (14320): Synthesized away node "CPU_FPGA:U_CPU|Data_Memory:U_DMEM|altsyncram:ram[0][7]__4|altsyncram_1f81:auto_generated|q_a[0]"
        Warning (14320): Synthesized away node "CPU_FPGA:U_CPU|Data_Memory:U_DMEM|altsyncram:ram[0][7]__4|altsyncram_1f81:auto_generated|q_a[1]"
        Warning (14320): Synthesized away node "CPU_FPGA:U_CPU|Data_Memory:U_DMEM|altsyncram:ram[0][7]__4|altsyncram_1f81:auto_generated|q_a[2]"
        Warning (14320): Synthesized away node "CPU_FPGA:U_CPU|Data_Memory:U_DMEM|altsyncram:ram[0][7]__4|altsyncram_1f81:auto_generated|q_a[3]"
        Warning (14320): Synthesized away node "CPU_FPGA:U_CPU|Data_Memory:U_DMEM|altsyncram:ram[0][7]__4|altsyncram_1f81:auto_generated|q_a[4]"
        Warning (14320): Synthesized away node "CPU_FPGA:U_CPU|Data_Memory:U_DMEM|altsyncram:ram[0][7]__4|altsyncram_1f81:auto_generated|q_a[5]"
        Warning (14320): Synthesized away node "CPU_FPGA:U_CPU|Data_Memory:U_DMEM|altsyncram:ram[0][7]__4|altsyncram_1f81:auto_generated|q_a[6]"
        Warning (14320): Synthesized away node "CPU_FPGA:U_CPU|Data_Memory:U_DMEM|altsyncram:ram[0][7]__4|altsyncram_1f81:auto_generated|q_a[7]"
        Warning (14320): Synthesized away node "CPU_FPGA:U_CPU|Data_Memory:U_DMEM|altsyncram:ram[0][15]__3|altsyncram_1f81:auto_generated|q_a[0]"
        Warning (14320): Synthesized away node "CPU_FPGA:U_CPU|Data_Memory:U_DMEM|altsyncram:ram[0][15]__3|altsyncram_1f81:auto_generated|q_a[1]"
        Warning (14320): Synthesized away node "CPU_FPGA:U_CPU|Data_Memory:U_DMEM|altsyncram:ram[0][15]__3|altsyncram_1f81:auto_generated|q_a[2]"
        Warning (14320): Synthesized away node "CPU_FPGA:U_CPU|Data_Memory:U_DMEM|altsyncram:ram[0][15]__3|altsyncram_1f81:auto_generated|q_a[3]"
        Warning (14320): Synthesized away node "CPU_FPGA:U_CPU|Data_Memory:U_DMEM|altsyncram:ram[0][15]__3|altsyncram_1f81:auto_generated|q_a[4]"
        Warning (14320): Synthesized away node "CPU_FPGA:U_CPU|Data_Memory:U_DMEM|altsyncram:ram[0][15]__3|altsyncram_1f81:auto_generated|q_a[5]"
        Warning (14320): Synthesized away node "CPU_FPGA:U_CPU|Data_Memory:U_DMEM|altsyncram:ram[0][15]__3|altsyncram_1f81:auto_generated|q_a[6]"
        Warning (14320): Synthesized away node "CPU_FPGA:U_CPU|Data_Memory:U_DMEM|altsyncram:ram[0][15]__3|altsyncram_1f81:auto_generated|q_a[7]"
        Warning (14320): Synthesized away node "CPU_FPGA:U_CPU|Data_Memory:U_DMEM|altsyncram:ram[0][23]__2|altsyncram_1f81:auto_generated|q_a[0]"
        Warning (14320): Synthesized away node "CPU_FPGA:U_CPU|Data_Memory:U_DMEM|altsyncram:ram[0][23]__2|altsyncram_1f81:auto_generated|q_a[1]"
        Warning (14320): Synthesized away node "CPU_FPGA:U_CPU|Data_Memory:U_DMEM|altsyncram:ram[0][23]__2|altsyncram_1f81:auto_generated|q_a[2]"
        Warning (14320): Synthesized away node "CPU_FPGA:U_CPU|Data_Memory:U_DMEM|altsyncram:ram[0][23]__2|altsyncram_1f81:auto_generated|q_a[3]"
        Warning (14320): Synthesized away node "CPU_FPGA:U_CPU|Data_Memory:U_DMEM|altsyncram:ram[0][23]__2|altsyncram_1f81:auto_generated|q_a[4]"
        Warning (14320): Synthesized away node "CPU_FPGA:U_CPU|Data_Memory:U_DMEM|altsyncram:ram[0][23]__2|altsyncram_1f81:auto_generated|q_a[5]"
        Warning (14320): Synthesized away node "CPU_FPGA:U_CPU|Data_Memory:U_DMEM|altsyncram:ram[0][23]__2|altsyncram_1f81:auto_generated|q_a[6]"
        Warning (14320): Synthesized away node "CPU_FPGA:U_CPU|Data_Memory:U_DMEM|altsyncram:ram[0][23]__2|altsyncram_1f81:auto_generated|q_a[7]"
        Warning (14320): Synthesized away node "CPU_FPGA:U_CPU|Data_Memory:U_DMEM|altsyncram:ram[0][31]__1|altsyncram_1f81:auto_generated|q_a[0]"
        Warning (14320): Synthesized away node "CPU_FPGA:U_CPU|Data_Memory:U_DMEM|altsyncram:ram[0][31]__1|altsyncram_1f81:auto_generated|q_a[1]"
        Warning (14320): Synthesized away node "CPU_FPGA:U_CPU|Data_Memory:U_DMEM|altsyncram:ram[0][31]__1|altsyncram_1f81:auto_generated|q_a[2]"
        Warning (14320): Synthesized away node "CPU_FPGA:U_CPU|Data_Memory:U_DMEM|altsyncram:ram[0][31]__1|altsyncram_1f81:auto_generated|q_a[3]"
        Warning (14320): Synthesized away node "CPU_FPGA:U_CPU|Data_Memory:U_DMEM|altsyncram:ram[0][31]__1|altsyncram_1f81:auto_generated|q_a[4]"
        Warning (14320): Synthesized away node "CPU_FPGA:U_CPU|Data_Memory:U_DMEM|altsyncram:ram[0][31]__1|altsyncram_1f81:auto_generated|q_a[5]"
        Warning (14320): Synthesized away node "CPU_FPGA:U_CPU|Data_Memory:U_DMEM|altsyncram:ram[0][31]__1|altsyncram_1f81:auto_generated|q_a[6]"
        Warning (14320): Synthesized away node "CPU_FPGA:U_CPU|Data_Memory:U_DMEM|altsyncram:ram[0][31]__1|altsyncram_1f81:auto_generated|q_a[7]"
Info (19000): Inferred 1 megafunctions from design logic
    Info (276029): Inferred altsyncram megafunction from the following design logic: "CPU_FPGA:U_CPU|Instruction_Memory:U_IMEM|ram_rtl_0" 
        Info (286033): Parameter OPERATION_MODE set to ROM
        Info (286033): Parameter WIDTH_A set to 32
        Info (286033): Parameter WIDTHAD_A set to 10
        Info (286033): Parameter NUMWORDS_A set to 1024
        Info (286033): Parameter OUTDATA_REG_A set to UNREGISTERED
        Info (286033): Parameter ADDRESS_ACLR_A set to NONE
        Info (286033): Parameter OUTDATA_ACLR_A set to NONE
        Info (286033): Parameter INDATA_ACLR_A set to NONE
        Info (286033): Parameter WRCONTROL_ACLR_A set to NONE
        Info (286033): Parameter INIT_FILE set to db/CPU_FPGA.ram0_Instruction_Memory_6c21a04c.hdl.mif
Info (12130): Elaborated megafunction instantiation "CPU_FPGA:U_CPU|Instruction_Memory:U_IMEM|altsyncram:ram_rtl_0"
Info (12133): Instantiated megafunction "CPU_FPGA:U_CPU|Instruction_Memory:U_IMEM|altsyncram:ram_rtl_0" with the following parameter:
    Info (12134): Parameter "OPERATION_MODE" = "ROM"
    Info (12134): Parameter "WIDTH_A" = "32"
    Info (12134): Parameter "WIDTHAD_A" = "10"
    Info (12134): Parameter "NUMWORDS_A" = "1024"
    Info (12134): Parameter "OUTDATA_REG_A" = "UNREGISTERED"
    Info (12134): Parameter "ADDRESS_ACLR_A" = "NONE"
    Info (12134): Parameter "OUTDATA_ACLR_A" = "NONE"
    Info (12134): Parameter "INDATA_ACLR_A" = "NONE"
    Info (12134): Parameter "WRCONTROL_ACLR_A" = "NONE"
    Info (12134): Parameter "INIT_FILE" = "db/CPU_FPGA.ram0_Instruction_Memory_6c21a04c.hdl.mif"
Info (12021): Found 1 design units, including 1 entities, in source file db/altsyncram_9b81.tdf
    Info (12023): Found entity 1: altsyncram_9b81
Warning (14284): Synthesized away the following node(s):
    Warning (14285): Synthesized away the following RAM node(s):
        Warning (14320): Synthesized away node "CPU_FPGA:U_CPU|Instruction_Memory:U_IMEM|altsyncram:ram_rtl_0|altsyncram_9b81:auto_generated|ram_block1a0"
        Warning (14320): Synthesized away node "CPU_FPGA:U_CPU|Instruction_Memory:U_IMEM|altsyncram:ram_rtl_0|altsyncram_9b81:auto_generated|ram_block1a1"
        Warning (14320): Synthesized away node "CPU_FPGA:U_CPU|Instruction_Memory:U_IMEM|altsyncram:ram_rtl_0|altsyncram_9b81:auto_generated|ram_block1a2"
        Warning (14320): Synthesized away node "CPU_FPGA:U_CPU|Instruction_Memory:U_IMEM|altsyncram:ram_rtl_0|altsyncram_9b81:auto_generated|ram_block1a3"
        Warning (14320): Synthesized away node "CPU_FPGA:U_CPU|Instruction_Memory:U_IMEM|altsyncram:ram_rtl_0|altsyncram_9b81:auto_generated|ram_block1a4"
        Warning (14320): Synthesized away node "CPU_FPGA:U_CPU|Instruction_Memory:U_IMEM|altsyncram:ram_rtl_0|altsyncram_9b81:auto_generated|ram_block1a5"
        Warning (14320): Synthesized away node "CPU_FPGA:U_CPU|Instruction_Memory:U_IMEM|altsyncram:ram_rtl_0|altsyncram_9b81:auto_generated|ram_block1a6"
        Warning (14320): Synthesized away node "CPU_FPGA:U_CPU|Instruction_Memory:U_IMEM|altsyncram:ram_rtl_0|altsyncram_9b81:auto_generated|ram_block1a7"
        Warning (14320): Synthesized away node "CPU_FPGA:U_CPU|Instruction_Memory:U_IMEM|altsyncram:ram_rtl_0|altsyncram_9b81:auto_generated|ram_block1a8"
        Warning (14320): Synthesized away node "CPU_FPGA:U_CPU|Instruction_Memory:U_IMEM|altsyncram:ram_rtl_0|altsyncram_9b81:auto_generated|ram_block1a9"
        Warning (14320): Synthesized away node "CPU_FPGA:U_CPU|Instruction_Memory:U_IMEM|altsyncram:ram_rtl_0|altsyncram_9b81:auto_generated|ram_block1a10"
        Warning (14320): Synthesized away node "CPU_FPGA:U_CPU|Instruction_Memory:U_IMEM|altsyncram:ram_rtl_0|altsyncram_9b81:auto_generated|ram_block1a11"
        Warning (14320): Synthesized away node "CPU_FPGA:U_CPU|Instruction_Memory:U_IMEM|altsyncram:ram_rtl_0|altsyncram_9b81:auto_generated|ram_block1a14"
        Warning (14320): Synthesized away node "CPU_FPGA:U_CPU|Instruction_Memory:U_IMEM|altsyncram:ram_rtl_0|altsyncram_9b81:auto_generated|ram_block1a15"
        Warning (14320): Synthesized away node "CPU_FPGA:U_CPU|Instruction_Memory:U_IMEM|altsyncram:ram_rtl_0|altsyncram_9b81:auto_generated|ram_block1a16"
        Warning (14320): Synthesized away node "CPU_FPGA:U_CPU|Instruction_Memory:U_IMEM|altsyncram:ram_rtl_0|altsyncram_9b81:auto_generated|ram_block1a17"
        Warning (14320): Synthesized away node "CPU_FPGA:U_CPU|Instruction_Memory:U_IMEM|altsyncram:ram_rtl_0|altsyncram_9b81:auto_generated|ram_block1a18"
        Warning (14320): Synthesized away node "CPU_FPGA:U_CPU|Instruction_Memory:U_IMEM|altsyncram:ram_rtl_0|altsyncram_9b81:auto_generated|ram_block1a19"
        Warning (14320): Synthesized away node "CPU_FPGA:U_CPU|Instruction_Memory:U_IMEM|altsyncram:ram_rtl_0|altsyncram_9b81:auto_generated|ram_block1a20"
        Warning (14320): Synthesized away node "CPU_FPGA:U_CPU|Instruction_Memory:U_IMEM|altsyncram:ram_rtl_0|altsyncram_9b81:auto_generated|ram_block1a21"
        Warning (14320): Synthesized away node "CPU_FPGA:U_CPU|Instruction_Memory:U_IMEM|altsyncram:ram_rtl_0|altsyncram_9b81:auto_generated|ram_block1a22"
        Warning (14320): Synthesized away node "CPU_FPGA:U_CPU|Instruction_Memory:U_IMEM|altsyncram:ram_rtl_0|altsyncram_9b81:auto_generated|ram_block1a23"
        Warning (14320): Synthesized away node "CPU_FPGA:U_CPU|Instruction_Memory:U_IMEM|altsyncram:ram_rtl_0|altsyncram_9b81:auto_generated|ram_block1a24"
        Warning (14320): Synthesized away node "CPU_FPGA:U_CPU|Instruction_Memory:U_IMEM|altsyncram:ram_rtl_0|altsyncram_9b81:auto_generated|ram_block1a25"
        Warning (14320): Synthesized away node "CPU_FPGA:U_CPU|Instruction_Memory:U_IMEM|altsyncram:ram_rtl_0|altsyncram_9b81:auto_generated|ram_block1a26"
        Warning (14320): Synthesized away node "CPU_FPGA:U_CPU|Instruction_Memory:U_IMEM|altsyncram:ram_rtl_0|altsyncram_9b81:auto_generated|ram_block1a27"
        Warning (14320): Synthesized away node "CPU_FPGA:U_CPU|Instruction_Memory:U_IMEM|altsyncram:ram_rtl_0|altsyncram_9b81:auto_generated|ram_block1a28"
        Warning (14320): Synthesized away node "CPU_FPGA:U_CPU|Instruction_Memory:U_IMEM|altsyncram:ram_rtl_0|altsyncram_9b81:auto_generated|ram_block1a29"
        Warning (14320): Synthesized away node "CPU_FPGA:U_CPU|Instruction_Memory:U_IMEM|altsyncram:ram_rtl_0|altsyncram_9b81:auto_generated|ram_block1a30"
        Warning (14320): Synthesized away node "CPU_FPGA:U_CPU|Instruction_Memory:U_IMEM|altsyncram:ram_rtl_0|altsyncram_9b81:auto_generated|ram_block1a31"
Warning (14284): Synthesized away the following node(s):
    Warning (14285): Synthesized away the following RAM node(s):
        Warning (14320): Synthesized away node "CPU_FPGA:U_CPU|Instruction_Memory:U_IMEM|altsyncram:ram_rtl_0|altsyncram_9b81:auto_generated|ram_block1a12"
        Warning (14320): Synthesized away node "CPU_FPGA:U_CPU|Instruction_Memory:U_IMEM|altsyncram:ram_rtl_0|altsyncram_9b81:auto_generated|ram_block1a13"
Info (17049): 1503 registers lost all their fanouts during netlist optimizations.
Info (16010): Generating hard_block partition "hard_block:auto_generated_inst"
    Info (16011): Adding 0 node(s), including 0 DDIO, 0 PLL, 0 transceiver and 0 LCELL
Warning (15752): Ignored 5 Virtual Pin logic option assignments
    Warning (15751): Ignored Virtual Pin assignment to "instr_debug".
    Warning (15751): Ignored Virtual Pin assignment to "*_debug*".
    Warning (15751): Ignored Virtual Pin assignment to "rs2_debug".
    Warning (15751): Ignored Virtual Pin assignment to "rs1_debug".
    Warning (15751): Ignored Virtual Pin assignment to "pc_debug".
Warning (21074): Design contains 2 input pin(s) that do not drive logic
    Warning (15610): No output dependent on input pin "clk"
    Warning (15610): No output dependent on input pin "rst"
Info (21057): Implemented 2 device resources after synthesis - the final resource count might be different
    Info (21058): Implemented 2 input pins
    Info (21059): Implemented 0 output pins
Info: Quartus II 64-Bit Analysis & Synthesis was successful. 0 errors, 92 warnings
    Info: Peak virtual memory: 4853 megabytes
    Info: Processing ended: Thu Aug 06 15:45:28 2026
    Info: Elapsed time: 00:00:07
    Info: Total CPU time (on all processors): 00:00:06


