TimeQuest Timing Analyzer report for CPU_FPGA
Thu Aug 06 02:19:14 2026
Quartus II 64-Bit Version 13.0.1 Build 232 06/12/2013 Service Pack 1 SJ Web Edition


---------------------
; Table of Contents ;
---------------------
  1. Legal Notice
  2. TimeQuest Timing Analyzer Summary
  3. Parallel Compilation
  4. Clocks
  5. Slow 1200mV 85C Model Fmax Summary
  6. Timing Closure Recommendations
  7. Slow 1200mV 85C Model Setup Summary
  8. Slow 1200mV 85C Model Hold Summary
  9. Slow 1200mV 85C Model Recovery Summary
 10. Slow 1200mV 85C Model Removal Summary
 11. Slow 1200mV 85C Model Minimum Pulse Width Summary
 12. Slow 1200mV 85C Model Setup: 'clk'
 13. Slow 1200mV 85C Model Hold: 'clk'
 14. Slow 1200mV 85C Model Minimum Pulse Width: 'clk'
 15. Setup Times
 16. Hold Times
 17. Clock to Output Times
 18. Minimum Clock to Output Times
 19. Slow 1200mV 85C Model Metastability Report
 20. Slow 1200mV 0C Model Fmax Summary
 21. Slow 1200mV 0C Model Setup Summary
 22. Slow 1200mV 0C Model Hold Summary
 23. Slow 1200mV 0C Model Recovery Summary
 24. Slow 1200mV 0C Model Removal Summary
 25. Slow 1200mV 0C Model Minimum Pulse Width Summary
 26. Slow 1200mV 0C Model Setup: 'clk'
 27. Slow 1200mV 0C Model Hold: 'clk'
 28. Slow 1200mV 0C Model Minimum Pulse Width: 'clk'
 29. Setup Times
 30. Hold Times
 31. Clock to Output Times
 32. Minimum Clock to Output Times
 33. Slow 1200mV 0C Model Metastability Report
 34. Fast 1200mV 0C Model Setup Summary
 35. Fast 1200mV 0C Model Hold Summary
 36. Fast 1200mV 0C Model Recovery Summary
 37. Fast 1200mV 0C Model Removal Summary
 38. Fast 1200mV 0C Model Minimum Pulse Width Summary
 39. Fast 1200mV 0C Model Setup: 'clk'
 40. Fast 1200mV 0C Model Hold: 'clk'
 41. Fast 1200mV 0C Model Minimum Pulse Width: 'clk'
 42. Setup Times
 43. Hold Times
 44. Clock to Output Times
 45. Minimum Clock to Output Times
 46. Fast 1200mV 0C Model Metastability Report
 47. Multicorner Timing Analysis Summary
 48. Setup Times
 49. Hold Times
 50. Clock to Output Times
 51. Minimum Clock to Output Times
 52. Board Trace Model Assignments
 53. Input Transition Times
 54. Signal Integrity Metrics (Slow 1200mv 0c Model)
 55. Signal Integrity Metrics (Slow 1200mv 85c Model)
 56. Signal Integrity Metrics (Fast 1200mv 0c Model)
 57. Setup Transfers
 58. Hold Transfers
 59. Report TCCS
 60. Report RSKM
 61. Unconstrained Paths
 62. TimeQuest Timing Analyzer Messages



----------------
; Legal Notice ;
----------------
Copyright (C) 1991-2013 Altera Corporation
Your use of Altera Corporation's design tools, logic functions 
and other software and tools, and its AMPP partner logic 
functions, and any output files from any of the foregoing 
(including device programming or simulation files), and any 
associated documentation or information are expressly subject 
to the terms and conditions of the Altera Program License 
Subscription Agreement, Altera MegaCore Function License 
Agreement, or other applicable license agreement, including, 
without limitation, that your use is for the sole purpose of 
programming logic devices manufactured by Altera and sold by 
Altera or its authorized distributors.  Please refer to the 
applicable agreement for further details.



+----------------------------------------------------------------------------------------+
; TimeQuest Timing Analyzer Summary                                                      ;
+--------------------+-------------------------------------------------------------------+
; Quartus II Version ; Version 13.0.1 Build 232 06/12/2013 Service Pack 1 SJ Web Edition ;
; Revision Name      ; CPU_FPGA                                                          ;
; Device Family      ; Cyclone IV GX                                                     ;
; Device Name        ; EP4CGX30CF23C6                                                    ;
; Timing Models      ; Final                                                             ;
; Delay Model        ; Combined                                                          ;
; Rise/Fall Delays   ; Enabled                                                           ;
+--------------------+-------------------------------------------------------------------+


Parallel compilation was disabled, but you have multiple processors available. Enable parallel compilation to reduce compilation time.
+-------------------------------------+
; Parallel Compilation                ;
+----------------------------+--------+
; Processors                 ; Number ;
+----------------------------+--------+
; Number detected on machine ; 16     ;
; Maximum allowed            ; 1      ;
+----------------------------+--------+


+---------------------------------------------------------------------------------------------------------------------------------------------------------------------------------+
; Clocks                                                                                                                                                                          ;
+------------+------+--------+------------+-------+-------+------------+-----------+-------------+-------+--------+-----------+------------+----------+--------+--------+---------+
; Clock Name ; Type ; Period ; Frequency  ; Rise  ; Fall  ; Duty Cycle ; Divide by ; Multiply by ; Phase ; Offset ; Edge List ; Edge Shift ; Inverted ; Master ; Source ; Targets ;
+------------+------+--------+------------+-------+-------+------------+-----------+-------------+-------+--------+-----------+------------+----------+--------+--------+---------+
; clk        ; Base ; 1.000  ; 1000.0 MHz ; 0.000 ; 0.500 ;            ;           ;             ;       ;        ;           ;            ;          ;        ;        ; { clk } ;
+------------+------+--------+------------+-------+-------+------------+-----------+-------------+-------+--------+-----------+------------+----------+--------+--------+---------+


+-----------------------------------------------------------------------------------------------------------+
; Slow 1200mV 85C Model Fmax Summary                                                                        ;
+------------+-----------------+------------+---------------------------------------------------------------+
; Fmax       ; Restricted Fmax ; Clock Name ; Note                                                          ;
+------------+-----------------+------------+---------------------------------------------------------------+
; 274.65 MHz ; 250.0 MHz       ; clk        ; limit due to minimum period restriction (max I/O toggle rate) ;
+------------+-----------------+------------+---------------------------------------------------------------+
This panel reports FMAX for every clock in the design, regardless of the user-specified clock periods.  FMAX is only computed for paths where the source and destination registers or ports are driven by the same clock.  Paths of different clocks, including generated clocks, are ignored.  For paths between a clock and its inversion, FMAX is computed as if the rising and falling edges are scaled along with FMAX, such that the duty cycle (in terms of a percentage) is maintained. Altera recommends that you always use clock constraints and other slack reports for sign-off analysis.


----------------------------------
; Timing Closure Recommendations ;
----------------------------------
HTML report is unavailable in plain text report export.


+-------------------------------------+
; Slow 1200mV 85C Model Setup Summary ;
+-------+--------+--------------------+
; Clock ; Slack  ; End Point TNS      ;
+-------+--------+--------------------+
; clk   ; -2.641 ; -120.706           ;
+-------+--------+--------------------+


+------------------------------------+
; Slow 1200mV 85C Model Hold Summary ;
+-------+-------+--------------------+
; Clock ; Slack ; End Point TNS      ;
+-------+-------+--------------------+
; clk   ; 0.374 ; 0.000              ;
+-------+-------+--------------------+


------------------------------------------
; Slow 1200mV 85C Model Recovery Summary ;
------------------------------------------
No paths to report.


-----------------------------------------
; Slow 1200mV 85C Model Removal Summary ;
-----------------------------------------
No paths to report.


+---------------------------------------------------+
; Slow 1200mV 85C Model Minimum Pulse Width Summary ;
+-------+--------+----------------------------------+
; Clock ; Slack  ; End Point TNS                    ;
+-------+--------+----------------------------------+
; clk   ; -3.000 ; -73.696                          ;
+-------+--------+----------------------------------+


+--------------------------------------------------------------------------------------------------------------------------------------------------------------------------------------------------------------------------------------------+
; Slow 1200mV 85C Model Setup: 'clk'                                                                                                                                                                                                         ;
+--------+----------------------------------------------------------------------------------------------------------------+--------------------------------------------+--------------+-------------+--------------+------------+------------+
; Slack  ; From Node                                                                                                      ; To Node                                    ; Launch Clock ; Latch Clock ; Relationship ; Clock Skew ; Data Delay ;
+--------+----------------------------------------------------------------------------------------------------------------+--------------------------------------------+--------------+-------------+--------------+------------+------------+
; -2.641 ; Instruction_Memory:U_IMEM|altsyncram:ram_rtl_0|altsyncram_3f81:auto_generated|ram_block1a9~porta_address_reg0  ; IF_ID_Register:U_IF_ID|instruction_out[13] ; clk          ; clk         ; 1.000        ; -0.009     ; 3.627      ;
; -2.641 ; Instruction_Memory:U_IMEM|altsyncram:ram_rtl_0|altsyncram_3f81:auto_generated|ram_block1a18~porta_address_reg0 ; IF_ID_Register:U_IF_ID|instruction_out[22] ; clk          ; clk         ; 1.000        ; -0.009     ; 3.627      ;
; -2.588 ; Instruction_Memory:U_IMEM|altsyncram:ram_rtl_0|altsyncram_3f81:auto_generated|ram_block1a27~porta_address_reg0 ; IF_ID_Register:U_IF_ID|instruction_out[29] ; clk          ; clk         ; 1.000        ; -0.034     ; 3.549      ;
; -2.572 ; Instruction_Memory:U_IMEM|altsyncram:ram_rtl_0|altsyncram_3f81:auto_generated|ram_block1a27~porta_address_reg0 ; IF_ID_Register:U_IF_ID|instruction_out[30] ; clk          ; clk         ; 1.000        ; -0.034     ; 3.533      ;
; -2.571 ; Instruction_Memory:U_IMEM|altsyncram:ram_rtl_0|altsyncram_3f81:auto_generated|ram_block1a27~porta_address_reg0 ; IF_ID_Register:U_IF_ID|instruction_out[27] ; clk          ; clk         ; 1.000        ; -0.034     ; 3.532      ;
; -2.568 ; Instruction_Memory:U_IMEM|altsyncram:ram_rtl_0|altsyncram_3f81:auto_generated|ram_block1a0~porta_address_reg0  ; IF_ID_Register:U_IF_ID|instruction_out[8]  ; clk          ; clk         ; 1.000        ; -0.039     ; 3.524      ;
; -2.566 ; Instruction_Memory:U_IMEM|altsyncram:ram_rtl_0|altsyncram_3f81:auto_generated|ram_block1a9~porta_address_reg0  ; IF_ID_Register:U_IF_ID|instruction_out[10] ; clk          ; clk         ; 1.000        ; -0.009     ; 3.552      ;
; -2.566 ; Instruction_Memory:U_IMEM|altsyncram:ram_rtl_0|altsyncram_3f81:auto_generated|ram_block1a18~porta_address_reg0 ; IF_ID_Register:U_IF_ID|instruction_out[19] ; clk          ; clk         ; 1.000        ; -0.009     ; 3.552      ;
; -2.554 ; Instruction_Memory:U_IMEM|altsyncram:ram_rtl_0|altsyncram_3f81:auto_generated|ram_block1a9~porta_address_reg0  ; IF_ID_Register:U_IF_ID|instruction_out[14] ; clk          ; clk         ; 1.000        ; -0.009     ; 3.540      ;
; -2.554 ; Instruction_Memory:U_IMEM|altsyncram:ram_rtl_0|altsyncram_3f81:auto_generated|ram_block1a18~porta_address_reg0 ; IF_ID_Register:U_IF_ID|instruction_out[23] ; clk          ; clk         ; 1.000        ; -0.009     ; 3.540      ;
; -2.550 ; Instruction_Memory:U_IMEM|altsyncram:ram_rtl_0|altsyncram_3f81:auto_generated|ram_block1a27~porta_address_reg0 ; IF_ID_Register:U_IF_ID|instruction_out[31] ; clk          ; clk         ; 1.000        ; -0.034     ; 3.511      ;
; -2.546 ; Instruction_Memory:U_IMEM|altsyncram:ram_rtl_0|altsyncram_3f81:auto_generated|ram_block1a18~porta_address_reg0 ; IF_ID_Register:U_IF_ID|instruction_out[24] ; clk          ; clk         ; 1.000        ; -0.009     ; 3.532      ;
; -2.543 ; Instruction_Memory:U_IMEM|altsyncram:ram_rtl_0|altsyncram_3f81:auto_generated|ram_block1a9~porta_address_reg0  ; IF_ID_Register:U_IF_ID|instruction_out[15] ; clk          ; clk         ; 1.000        ; -0.009     ; 3.529      ;
; -2.542 ; Instruction_Memory:U_IMEM|altsyncram:ram_rtl_0|altsyncram_3f81:auto_generated|ram_block1a18~porta_address_reg0 ; IF_ID_Register:U_IF_ID|instruction_out[18] ; clk          ; clk         ; 1.000        ; -0.009     ; 3.528      ;
; -2.542 ; Instruction_Memory:U_IMEM|altsyncram:ram_rtl_0|altsyncram_3f81:auto_generated|ram_block1a27~porta_address_reg0 ; IF_ID_Register:U_IF_ID|instruction_out[28] ; clk          ; clk         ; 1.000        ; -0.034     ; 3.503      ;
; -2.540 ; Instruction_Memory:U_IMEM|altsyncram:ram_rtl_0|altsyncram_3f81:auto_generated|ram_block1a9~porta_address_reg0  ; IF_ID_Register:U_IF_ID|instruction_out[9]  ; clk          ; clk         ; 1.000        ; -0.009     ; 3.526      ;
; -2.533 ; Instruction_Memory:U_IMEM|altsyncram:ram_rtl_0|altsyncram_3f81:auto_generated|ram_block1a9~porta_address_reg0  ; IF_ID_Register:U_IF_ID|instruction_out[12] ; clk          ; clk         ; 1.000        ; -0.009     ; 3.519      ;
; -2.532 ; Instruction_Memory:U_IMEM|altsyncram:ram_rtl_0|altsyncram_3f81:auto_generated|ram_block1a18~porta_address_reg0 ; IF_ID_Register:U_IF_ID|instruction_out[21] ; clk          ; clk         ; 1.000        ; -0.009     ; 3.518      ;
; -2.517 ; Instruction_Memory:U_IMEM|altsyncram:ram_rtl_0|altsyncram_3f81:auto_generated|ram_block1a9~porta_address_reg0  ; IF_ID_Register:U_IF_ID|instruction_out[16] ; clk          ; clk         ; 1.000        ; -0.009     ; 3.503      ;
; -2.517 ; Instruction_Memory:U_IMEM|altsyncram:ram_rtl_0|altsyncram_3f81:auto_generated|ram_block1a18~porta_address_reg0 ; IF_ID_Register:U_IF_ID|instruction_out[25] ; clk          ; clk         ; 1.000        ; -0.009     ; 3.503      ;
; -2.510 ; Instruction_Memory:U_IMEM|altsyncram:ram_rtl_0|altsyncram_3f81:auto_generated|ram_block1a18~porta_address_reg0 ; IF_ID_Register:U_IF_ID|instruction_out[20] ; clk          ; clk         ; 1.000        ; -0.009     ; 3.496      ;
; -2.509 ; Instruction_Memory:U_IMEM|altsyncram:ram_rtl_0|altsyncram_3f81:auto_generated|ram_block1a9~porta_address_reg0  ; IF_ID_Register:U_IF_ID|instruction_out[11] ; clk          ; clk         ; 1.000        ; -0.009     ; 3.495      ;
; -2.448 ; Instruction_Memory:U_IMEM|altsyncram:ram_rtl_0|altsyncram_3f81:auto_generated|ram_block1a0~porta_address_reg0  ; IF_ID_Register:U_IF_ID|instruction_out[6]  ; clk          ; clk         ; 1.000        ; -0.039     ; 3.404      ;
; -2.448 ; Instruction_Memory:U_IMEM|altsyncram:ram_rtl_0|altsyncram_3f81:auto_generated|ram_block1a0~porta_address_reg0  ; IF_ID_Register:U_IF_ID|instruction_out[7]  ; clk          ; clk         ; 1.000        ; -0.039     ; 3.404      ;
; -2.422 ; Instruction_Memory:U_IMEM|altsyncram:ram_rtl_0|altsyncram_3f81:auto_generated|ram_block1a0~porta_address_reg0  ; IF_ID_Register:U_IF_ID|instruction_out[2]  ; clk          ; clk         ; 1.000        ; -0.039     ; 3.378      ;
; -2.308 ; Instruction_Memory:U_IMEM|altsyncram:ram_rtl_0|altsyncram_3f81:auto_generated|ram_block1a0~porta_address_reg0  ; IF_ID_Register:U_IF_ID|instruction_out[1]  ; clk          ; clk         ; 1.000        ; -0.039     ; 3.264      ;
; -2.308 ; Instruction_Memory:U_IMEM|altsyncram:ram_rtl_0|altsyncram_3f81:auto_generated|ram_block1a0~porta_address_reg0  ; IF_ID_Register:U_IF_ID|instruction_out[3]  ; clk          ; clk         ; 1.000        ; -0.039     ; 3.264      ;
; -2.305 ; Instruction_Memory:U_IMEM|altsyncram:ram_rtl_0|altsyncram_3f81:auto_generated|ram_block1a0~porta_address_reg0  ; IF_ID_Register:U_IF_ID|instruction_out[5]  ; clk          ; clk         ; 1.000        ; -0.039     ; 3.261      ;
; -2.283 ; Instruction_Memory:U_IMEM|altsyncram:ram_rtl_0|altsyncram_3f81:auto_generated|ram_block1a0~porta_address_reg0  ; IF_ID_Register:U_IF_ID|instruction_out[0]  ; clk          ; clk         ; 1.000        ; -0.039     ; 3.239      ;
; -2.283 ; Instruction_Memory:U_IMEM|altsyncram:ram_rtl_0|altsyncram_3f81:auto_generated|ram_block1a0~porta_address_reg0  ; IF_ID_Register:U_IF_ID|instruction_out[4]  ; clk          ; clk         ; 1.000        ; -0.039     ; 3.239      ;
; -2.246 ; Instruction_Memory:U_IMEM|altsyncram:ram_rtl_0|altsyncram_3f81:auto_generated|ram_block1a9~porta_address_reg0  ; IF_ID_Register:U_IF_ID|instruction_out[17] ; clk          ; clk         ; 1.000        ; -0.009     ; 3.232      ;
; -2.244 ; Instruction_Memory:U_IMEM|altsyncram:ram_rtl_0|altsyncram_3f81:auto_generated|ram_block1a18~porta_address_reg0 ; IF_ID_Register:U_IF_ID|instruction_out[26] ; clk          ; clk         ; 1.000        ; -0.009     ; 3.230      ;
; -2.106 ; Program_Counter:U_PC|pc_reg[2]                                                                                 ; Program_Counter:U_PC|pc_reg[31]            ; clk          ; clk         ; 1.000        ; -0.074     ; 3.027      ;
; -2.101 ; Program_Counter:U_PC|pc_reg[3]                                                                                 ; Program_Counter:U_PC|pc_reg[30]            ; clk          ; clk         ; 1.000        ; -0.074     ; 3.022      ;
; -2.095 ; Program_Counter:U_PC|pc_reg[3]                                                                                 ; Program_Counter:U_PC|pc_reg[31]            ; clk          ; clk         ; 1.000        ; -0.074     ; 3.016      ;
; -2.017 ; Program_Counter:U_PC|pc_reg[2]                                                                                 ; Program_Counter:U_PC|pc_reg[30]            ; clk          ; clk         ; 1.000        ; -0.074     ; 2.938      ;
; -2.009 ; Program_Counter:U_PC|pc_reg[4]                                                                                 ; Program_Counter:U_PC|pc_reg[31]            ; clk          ; clk         ; 1.000        ; -0.074     ; 2.930      ;
; -1.990 ; Program_Counter:U_PC|pc_reg[2]                                                                                 ; Program_Counter:U_PC|pc_reg[29]            ; clk          ; clk         ; 1.000        ; -0.074     ; 2.911      ;
; -1.985 ; Program_Counter:U_PC|pc_reg[3]                                                                                 ; Program_Counter:U_PC|pc_reg[28]            ; clk          ; clk         ; 1.000        ; -0.074     ; 2.906      ;
; -1.985 ; Program_Counter:U_PC|pc_reg[5]                                                                                 ; Program_Counter:U_PC|pc_reg[30]            ; clk          ; clk         ; 1.000        ; -0.074     ; 2.906      ;
; -1.979 ; Program_Counter:U_PC|pc_reg[5]                                                                                 ; Program_Counter:U_PC|pc_reg[31]            ; clk          ; clk         ; 1.000        ; -0.074     ; 2.900      ;
; -1.979 ; Program_Counter:U_PC|pc_reg[3]                                                                                 ; Program_Counter:U_PC|pc_reg[29]            ; clk          ; clk         ; 1.000        ; -0.074     ; 2.900      ;
; -1.923 ; Program_Counter:U_PC|pc_reg[4]                                                                                 ; Program_Counter:U_PC|pc_reg[30]            ; clk          ; clk         ; 1.000        ; -0.074     ; 2.844      ;
; -1.901 ; Program_Counter:U_PC|pc_reg[2]                                                                                 ; Program_Counter:U_PC|pc_reg[28]            ; clk          ; clk         ; 1.000        ; -0.074     ; 2.822      ;
; -1.893 ; Program_Counter:U_PC|pc_reg[4]                                                                                 ; Program_Counter:U_PC|pc_reg[29]            ; clk          ; clk         ; 1.000        ; -0.074     ; 2.814      ;
; -1.874 ; Program_Counter:U_PC|pc_reg[2]                                                                                 ; Program_Counter:U_PC|pc_reg[27]            ; clk          ; clk         ; 1.000        ; -0.074     ; 2.795      ;
; -1.874 ; Program_Counter:U_PC|pc_reg[6]                                                                                 ; Program_Counter:U_PC|pc_reg[31]            ; clk          ; clk         ; 1.000        ; -0.074     ; 2.795      ;
; -1.869 ; Program_Counter:U_PC|pc_reg[3]                                                                                 ; Program_Counter:U_PC|pc_reg[26]            ; clk          ; clk         ; 1.000        ; -0.074     ; 2.790      ;
; -1.869 ; Program_Counter:U_PC|pc_reg[5]                                                                                 ; Program_Counter:U_PC|pc_reg[28]            ; clk          ; clk         ; 1.000        ; -0.074     ; 2.790      ;
; -1.865 ; Program_Counter:U_PC|pc_reg[7]                                                                                 ; Program_Counter:U_PC|pc_reg[30]            ; clk          ; clk         ; 1.000        ; -0.074     ; 2.786      ;
; -1.863 ; Program_Counter:U_PC|pc_reg[5]                                                                                 ; Program_Counter:U_PC|pc_reg[29]            ; clk          ; clk         ; 1.000        ; -0.074     ; 2.784      ;
; -1.863 ; Program_Counter:U_PC|pc_reg[3]                                                                                 ; Program_Counter:U_PC|pc_reg[27]            ; clk          ; clk         ; 1.000        ; -0.074     ; 2.784      ;
; -1.859 ; Program_Counter:U_PC|pc_reg[7]                                                                                 ; Program_Counter:U_PC|pc_reg[31]            ; clk          ; clk         ; 1.000        ; -0.074     ; 2.780      ;
; -1.807 ; Program_Counter:U_PC|pc_reg[4]                                                                                 ; Program_Counter:U_PC|pc_reg[28]            ; clk          ; clk         ; 1.000        ; -0.074     ; 2.728      ;
; -1.788 ; Program_Counter:U_PC|pc_reg[6]                                                                                 ; Program_Counter:U_PC|pc_reg[30]            ; clk          ; clk         ; 1.000        ; -0.074     ; 2.709      ;
; -1.785 ; Program_Counter:U_PC|pc_reg[2]                                                                                 ; Program_Counter:U_PC|pc_reg[26]            ; clk          ; clk         ; 1.000        ; -0.074     ; 2.706      ;
; -1.777 ; Program_Counter:U_PC|pc_reg[4]                                                                                 ; Program_Counter:U_PC|pc_reg[27]            ; clk          ; clk         ; 1.000        ; -0.074     ; 2.698      ;
; -1.760 ; Program_Counter:U_PC|pc_reg[8]                                                                                 ; Program_Counter:U_PC|pc_reg[31]            ; clk          ; clk         ; 1.000        ; -0.074     ; 2.681      ;
; -1.758 ; Program_Counter:U_PC|pc_reg[2]                                                                                 ; Program_Counter:U_PC|pc_reg[25]            ; clk          ; clk         ; 1.000        ; -0.074     ; 2.679      ;
; -1.758 ; Program_Counter:U_PC|pc_reg[6]                                                                                 ; Program_Counter:U_PC|pc_reg[29]            ; clk          ; clk         ; 1.000        ; -0.074     ; 2.679      ;
; -1.753 ; Program_Counter:U_PC|pc_reg[3]                                                                                 ; Program_Counter:U_PC|pc_reg[24]            ; clk          ; clk         ; 1.000        ; -0.074     ; 2.674      ;
; -1.753 ; Program_Counter:U_PC|pc_reg[9]                                                                                 ; Program_Counter:U_PC|pc_reg[30]            ; clk          ; clk         ; 1.000        ; -0.074     ; 2.674      ;
; -1.753 ; Program_Counter:U_PC|pc_reg[5]                                                                                 ; Program_Counter:U_PC|pc_reg[26]            ; clk          ; clk         ; 1.000        ; -0.074     ; 2.674      ;
; -1.749 ; Program_Counter:U_PC|pc_reg[7]                                                                                 ; Program_Counter:U_PC|pc_reg[28]            ; clk          ; clk         ; 1.000        ; -0.074     ; 2.670      ;
; -1.747 ; Program_Counter:U_PC|pc_reg[9]                                                                                 ; Program_Counter:U_PC|pc_reg[31]            ; clk          ; clk         ; 1.000        ; -0.074     ; 2.668      ;
; -1.747 ; Program_Counter:U_PC|pc_reg[5]                                                                                 ; Program_Counter:U_PC|pc_reg[27]            ; clk          ; clk         ; 1.000        ; -0.074     ; 2.668      ;
; -1.747 ; Program_Counter:U_PC|pc_reg[3]                                                                                 ; Program_Counter:U_PC|pc_reg[25]            ; clk          ; clk         ; 1.000        ; -0.074     ; 2.668      ;
; -1.743 ; Program_Counter:U_PC|pc_reg[7]                                                                                 ; Program_Counter:U_PC|pc_reg[29]            ; clk          ; clk         ; 1.000        ; -0.074     ; 2.664      ;
; -1.691 ; Program_Counter:U_PC|pc_reg[4]                                                                                 ; Program_Counter:U_PC|pc_reg[26]            ; clk          ; clk         ; 1.000        ; -0.074     ; 2.612      ;
; -1.672 ; Program_Counter:U_PC|pc_reg[6]                                                                                 ; Program_Counter:U_PC|pc_reg[28]            ; clk          ; clk         ; 1.000        ; -0.074     ; 2.593      ;
; -1.670 ; Program_Counter:U_PC|pc_reg[8]                                                                                 ; Program_Counter:U_PC|pc_reg[30]            ; clk          ; clk         ; 1.000        ; -0.074     ; 2.591      ;
; -1.669 ; Program_Counter:U_PC|pc_reg[2]                                                                                 ; Program_Counter:U_PC|pc_reg[24]            ; clk          ; clk         ; 1.000        ; -0.074     ; 2.590      ;
; -1.661 ; Program_Counter:U_PC|pc_reg[4]                                                                                 ; Program_Counter:U_PC|pc_reg[25]            ; clk          ; clk         ; 1.000        ; -0.074     ; 2.582      ;
; -1.644 ; Program_Counter:U_PC|pc_reg[10]                                                                                ; Program_Counter:U_PC|pc_reg[31]            ; clk          ; clk         ; 1.000        ; -0.074     ; 2.565      ;
; -1.644 ; Program_Counter:U_PC|pc_reg[8]                                                                                 ; Program_Counter:U_PC|pc_reg[29]            ; clk          ; clk         ; 1.000        ; -0.074     ; 2.565      ;
; -1.642 ; Program_Counter:U_PC|pc_reg[2]                                                                                 ; Program_Counter:U_PC|pc_reg[23]            ; clk          ; clk         ; 1.000        ; -0.074     ; 2.563      ;
; -1.642 ; Program_Counter:U_PC|pc_reg[6]                                                                                 ; Program_Counter:U_PC|pc_reg[27]            ; clk          ; clk         ; 1.000        ; -0.074     ; 2.563      ;
; -1.638 ; Program_Counter:U_PC|pc_reg[11]                                                                                ; Program_Counter:U_PC|pc_reg[30]            ; clk          ; clk         ; 1.000        ; -0.074     ; 2.559      ;
; -1.637 ; Program_Counter:U_PC|pc_reg[3]                                                                                 ; Program_Counter:U_PC|pc_reg[22]            ; clk          ; clk         ; 1.000        ; -0.074     ; 2.558      ;
; -1.637 ; Program_Counter:U_PC|pc_reg[9]                                                                                 ; Program_Counter:U_PC|pc_reg[28]            ; clk          ; clk         ; 1.000        ; -0.074     ; 2.558      ;
; -1.637 ; Program_Counter:U_PC|pc_reg[5]                                                                                 ; Program_Counter:U_PC|pc_reg[24]            ; clk          ; clk         ; 1.000        ; -0.074     ; 2.558      ;
; -1.633 ; Program_Counter:U_PC|pc_reg[7]                                                                                 ; Program_Counter:U_PC|pc_reg[26]            ; clk          ; clk         ; 1.000        ; -0.074     ; 2.554      ;
; -1.632 ; Program_Counter:U_PC|pc_reg[11]                                                                                ; Program_Counter:U_PC|pc_reg[31]            ; clk          ; clk         ; 1.000        ; -0.074     ; 2.553      ;
; -1.631 ; Program_Counter:U_PC|pc_reg[9]                                                                                 ; Program_Counter:U_PC|pc_reg[29]            ; clk          ; clk         ; 1.000        ; -0.074     ; 2.552      ;
; -1.631 ; Program_Counter:U_PC|pc_reg[5]                                                                                 ; Program_Counter:U_PC|pc_reg[25]            ; clk          ; clk         ; 1.000        ; -0.074     ; 2.552      ;
; -1.631 ; Program_Counter:U_PC|pc_reg[3]                                                                                 ; Program_Counter:U_PC|pc_reg[23]            ; clk          ; clk         ; 1.000        ; -0.074     ; 2.552      ;
; -1.627 ; Program_Counter:U_PC|pc_reg[7]                                                                                 ; Program_Counter:U_PC|pc_reg[27]            ; clk          ; clk         ; 1.000        ; -0.074     ; 2.548      ;
; -1.575 ; Program_Counter:U_PC|pc_reg[4]                                                                                 ; Program_Counter:U_PC|pc_reg[24]            ; clk          ; clk         ; 1.000        ; -0.074     ; 2.496      ;
; -1.556 ; Program_Counter:U_PC|pc_reg[6]                                                                                 ; Program_Counter:U_PC|pc_reg[26]            ; clk          ; clk         ; 1.000        ; -0.074     ; 2.477      ;
; -1.555 ; Program_Counter:U_PC|pc_reg[10]                                                                                ; Program_Counter:U_PC|pc_reg[30]            ; clk          ; clk         ; 1.000        ; -0.074     ; 2.476      ;
; -1.554 ; Program_Counter:U_PC|pc_reg[8]                                                                                 ; Program_Counter:U_PC|pc_reg[28]            ; clk          ; clk         ; 1.000        ; -0.074     ; 2.475      ;
; -1.553 ; Program_Counter:U_PC|pc_reg[2]                                                                                 ; Program_Counter:U_PC|pc_reg[22]            ; clk          ; clk         ; 1.000        ; -0.074     ; 2.474      ;
; -1.545 ; Program_Counter:U_PC|pc_reg[4]                                                                                 ; Program_Counter:U_PC|pc_reg[23]            ; clk          ; clk         ; 1.000        ; -0.074     ; 2.466      ;
; -1.528 ; Program_Counter:U_PC|pc_reg[10]                                                                                ; Program_Counter:U_PC|pc_reg[29]            ; clk          ; clk         ; 1.000        ; -0.074     ; 2.449      ;
; -1.528 ; Program_Counter:U_PC|pc_reg[8]                                                                                 ; Program_Counter:U_PC|pc_reg[27]            ; clk          ; clk         ; 1.000        ; -0.074     ; 2.449      ;
; -1.526 ; Program_Counter:U_PC|pc_reg[2]                                                                                 ; Program_Counter:U_PC|pc_reg[21]            ; clk          ; clk         ; 1.000        ; -0.074     ; 2.447      ;
; -1.526 ; Program_Counter:U_PC|pc_reg[12]                                                                                ; Program_Counter:U_PC|pc_reg[31]            ; clk          ; clk         ; 1.000        ; -0.074     ; 2.447      ;
; -1.526 ; Program_Counter:U_PC|pc_reg[6]                                                                                 ; Program_Counter:U_PC|pc_reg[25]            ; clk          ; clk         ; 1.000        ; -0.074     ; 2.447      ;
; -1.522 ; Program_Counter:U_PC|pc_reg[13]                                                                                ; Program_Counter:U_PC|pc_reg[30]            ; clk          ; clk         ; 1.000        ; -0.074     ; 2.443      ;
; -1.522 ; Program_Counter:U_PC|pc_reg[11]                                                                                ; Program_Counter:U_PC|pc_reg[28]            ; clk          ; clk         ; 1.000        ; -0.074     ; 2.443      ;
+--------+----------------------------------------------------------------------------------------------------------------+--------------------------------------------+--------------+-------------+--------------+------------+------------+


+--------------------------------------------------------------------------------------------------------------------------------------------------------------------------------------------------------------------------------+
; Slow 1200mV 85C Model Hold: 'clk'                                                                                                                                                                                              ;
+-------+---------------------------------+----------------------------------------------------------------------------------------------------------------+--------------+-------------+--------------+------------+------------+
; Slack ; From Node                       ; To Node                                                                                                        ; Launch Clock ; Latch Clock ; Relationship ; Clock Skew ; Data Delay ;
+-------+---------------------------------+----------------------------------------------------------------------------------------------------------------+--------------+-------------+--------------+------------+------------+
; 0.374 ; Program_Counter:U_PC|pc_reg[31] ; Program_Counter:U_PC|pc_reg[31]                                                                                ; clk          ; clk         ; 0.000        ; 0.076      ; 0.607      ;
; 0.485 ; Program_Counter:U_PC|pc_reg[6]  ; Instruction_Memory:U_IMEM|altsyncram:ram_rtl_0|altsyncram_3f81:auto_generated|ram_block1a0~porta_address_reg0  ; clk          ; clk         ; 0.000        ; 0.390      ; 1.062      ;
; 0.507 ; Program_Counter:U_PC|pc_reg[2]  ; Instruction_Memory:U_IMEM|altsyncram:ram_rtl_0|altsyncram_3f81:auto_generated|ram_block1a0~porta_address_reg0  ; clk          ; clk         ; 0.000        ; 0.390      ; 1.084      ;
; 0.522 ; Program_Counter:U_PC|pc_reg[5]  ; Instruction_Memory:U_IMEM|altsyncram:ram_rtl_0|altsyncram_3f81:auto_generated|ram_block1a0~porta_address_reg0  ; clk          ; clk         ; 0.000        ; 0.390      ; 1.099      ;
; 0.526 ; Program_Counter:U_PC|pc_reg[3]  ; Instruction_Memory:U_IMEM|altsyncram:ram_rtl_0|altsyncram_3f81:auto_generated|ram_block1a0~porta_address_reg0  ; clk          ; clk         ; 0.000        ; 0.390      ; 1.103      ;
; 0.535 ; Program_Counter:U_PC|pc_reg[11] ; Instruction_Memory:U_IMEM|altsyncram:ram_rtl_0|altsyncram_3f81:auto_generated|ram_block1a0~porta_address_reg0  ; clk          ; clk         ; 0.000        ; 0.390      ; 1.112      ;
; 0.541 ; Program_Counter:U_PC|pc_reg[8]  ; Instruction_Memory:U_IMEM|altsyncram:ram_rtl_0|altsyncram_3f81:auto_generated|ram_block1a0~porta_address_reg0  ; clk          ; clk         ; 0.000        ; 0.390      ; 1.118      ;
; 0.545 ; Program_Counter:U_PC|pc_reg[10] ; Instruction_Memory:U_IMEM|altsyncram:ram_rtl_0|altsyncram_3f81:auto_generated|ram_block1a0~porta_address_reg0  ; clk          ; clk         ; 0.000        ; 0.390      ; 1.122      ;
; 0.560 ; Program_Counter:U_PC|pc_reg[3]  ; Program_Counter:U_PC|pc_reg[3]                                                                                 ; clk          ; clk         ; 0.000        ; 0.076      ; 0.793      ;
; 0.560 ; Program_Counter:U_PC|pc_reg[15] ; Program_Counter:U_PC|pc_reg[15]                                                                                ; clk          ; clk         ; 0.000        ; 0.076      ; 0.793      ;
; 0.560 ; Program_Counter:U_PC|pc_reg[16] ; Program_Counter:U_PC|pc_reg[16]                                                                                ; clk          ; clk         ; 0.000        ; 0.076      ; 0.793      ;
; 0.560 ; Program_Counter:U_PC|pc_reg[17] ; Program_Counter:U_PC|pc_reg[17]                                                                                ; clk          ; clk         ; 0.000        ; 0.076      ; 0.793      ;
; 0.561 ; Program_Counter:U_PC|pc_reg[5]  ; Program_Counter:U_PC|pc_reg[5]                                                                                 ; clk          ; clk         ; 0.000        ; 0.076      ; 0.794      ;
; 0.561 ; Program_Counter:U_PC|pc_reg[6]  ; Program_Counter:U_PC|pc_reg[6]                                                                                 ; clk          ; clk         ; 0.000        ; 0.076      ; 0.794      ;
; 0.561 ; Program_Counter:U_PC|pc_reg[7]  ; Program_Counter:U_PC|pc_reg[7]                                                                                 ; clk          ; clk         ; 0.000        ; 0.076      ; 0.794      ;
; 0.561 ; Program_Counter:U_PC|pc_reg[9]  ; Program_Counter:U_PC|pc_reg[9]                                                                                 ; clk          ; clk         ; 0.000        ; 0.076      ; 0.794      ;
; 0.561 ; Program_Counter:U_PC|pc_reg[11] ; Program_Counter:U_PC|pc_reg[11]                                                                                ; clk          ; clk         ; 0.000        ; 0.076      ; 0.794      ;
; 0.561 ; Program_Counter:U_PC|pc_reg[13] ; Program_Counter:U_PC|pc_reg[13]                                                                                ; clk          ; clk         ; 0.000        ; 0.076      ; 0.794      ;
; 0.561 ; Program_Counter:U_PC|pc_reg[14] ; Program_Counter:U_PC|pc_reg[14]                                                                                ; clk          ; clk         ; 0.000        ; 0.076      ; 0.794      ;
; 0.561 ; Program_Counter:U_PC|pc_reg[19] ; Program_Counter:U_PC|pc_reg[19]                                                                                ; clk          ; clk         ; 0.000        ; 0.076      ; 0.794      ;
; 0.561 ; Program_Counter:U_PC|pc_reg[23] ; Program_Counter:U_PC|pc_reg[23]                                                                                ; clk          ; clk         ; 0.000        ; 0.076      ; 0.794      ;
; 0.562 ; Program_Counter:U_PC|pc_reg[12] ; Program_Counter:U_PC|pc_reg[12]                                                                                ; clk          ; clk         ; 0.000        ; 0.076      ; 0.795      ;
; 0.562 ; Program_Counter:U_PC|pc_reg[18] ; Program_Counter:U_PC|pc_reg[18]                                                                                ; clk          ; clk         ; 0.000        ; 0.076      ; 0.795      ;
; 0.562 ; Program_Counter:U_PC|pc_reg[20] ; Program_Counter:U_PC|pc_reg[20]                                                                                ; clk          ; clk         ; 0.000        ; 0.076      ; 0.795      ;
; 0.562 ; Program_Counter:U_PC|pc_reg[21] ; Program_Counter:U_PC|pc_reg[21]                                                                                ; clk          ; clk         ; 0.000        ; 0.076      ; 0.795      ;
; 0.562 ; Program_Counter:U_PC|pc_reg[22] ; Program_Counter:U_PC|pc_reg[22]                                                                                ; clk          ; clk         ; 0.000        ; 0.076      ; 0.795      ;
; 0.562 ; Program_Counter:U_PC|pc_reg[25] ; Program_Counter:U_PC|pc_reg[25]                                                                                ; clk          ; clk         ; 0.000        ; 0.076      ; 0.795      ;
; 0.562 ; Program_Counter:U_PC|pc_reg[27] ; Program_Counter:U_PC|pc_reg[27]                                                                                ; clk          ; clk         ; 0.000        ; 0.076      ; 0.795      ;
; 0.562 ; Program_Counter:U_PC|pc_reg[29] ; Program_Counter:U_PC|pc_reg[29]                                                                                ; clk          ; clk         ; 0.000        ; 0.076      ; 0.795      ;
; 0.562 ; Program_Counter:U_PC|pc_reg[30] ; Program_Counter:U_PC|pc_reg[30]                                                                                ; clk          ; clk         ; 0.000        ; 0.076      ; 0.795      ;
; 0.563 ; Program_Counter:U_PC|pc_reg[8]  ; Program_Counter:U_PC|pc_reg[8]                                                                                 ; clk          ; clk         ; 0.000        ; 0.076      ; 0.796      ;
; 0.563 ; Program_Counter:U_PC|pc_reg[10] ; Program_Counter:U_PC|pc_reg[10]                                                                                ; clk          ; clk         ; 0.000        ; 0.076      ; 0.796      ;
; 0.563 ; Program_Counter:U_PC|pc_reg[28] ; Program_Counter:U_PC|pc_reg[28]                                                                                ; clk          ; clk         ; 0.000        ; 0.076      ; 0.796      ;
; 0.564 ; Program_Counter:U_PC|pc_reg[24] ; Program_Counter:U_PC|pc_reg[24]                                                                                ; clk          ; clk         ; 0.000        ; 0.076      ; 0.797      ;
; 0.564 ; Program_Counter:U_PC|pc_reg[26] ; Program_Counter:U_PC|pc_reg[26]                                                                                ; clk          ; clk         ; 0.000        ; 0.076      ; 0.797      ;
; 0.579 ; Program_Counter:U_PC|pc_reg[4]  ; Program_Counter:U_PC|pc_reg[4]                                                                                 ; clk          ; clk         ; 0.000        ; 0.076      ; 0.812      ;
; 0.582 ; Program_Counter:U_PC|pc_reg[2]  ; Program_Counter:U_PC|pc_reg[2]                                                                                 ; clk          ; clk         ; 0.000        ; 0.076      ; 0.815      ;
; 0.683 ; Program_Counter:U_PC|pc_reg[7]  ; Instruction_Memory:U_IMEM|altsyncram:ram_rtl_0|altsyncram_3f81:auto_generated|ram_block1a9~porta_address_reg0  ; clk          ; clk         ; 0.000        ; 0.386      ; 1.256      ;
; 0.694 ; Program_Counter:U_PC|pc_reg[8]  ; Instruction_Memory:U_IMEM|altsyncram:ram_rtl_0|altsyncram_3f81:auto_generated|ram_block1a9~porta_address_reg0  ; clk          ; clk         ; 0.000        ; 0.386      ; 1.267      ;
; 0.736 ; Program_Counter:U_PC|pc_reg[2]  ; Instruction_Memory:U_IMEM|altsyncram:ram_rtl_0|altsyncram_3f81:auto_generated|ram_block1a9~porta_address_reg0  ; clk          ; clk         ; 0.000        ; 0.386      ; 1.309      ;
; 0.750 ; Program_Counter:U_PC|pc_reg[6]  ; Instruction_Memory:U_IMEM|altsyncram:ram_rtl_0|altsyncram_3f81:auto_generated|ram_block1a9~porta_address_reg0  ; clk          ; clk         ; 0.000        ; 0.386      ; 1.323      ;
; 0.758 ; Program_Counter:U_PC|pc_reg[8]  ; Instruction_Memory:U_IMEM|altsyncram:ram_rtl_0|altsyncram_3f81:auto_generated|ram_block1a27~porta_address_reg0 ; clk          ; clk         ; 0.000        ; 0.372      ; 1.317      ;
; 0.762 ; Program_Counter:U_PC|pc_reg[3]  ; Instruction_Memory:U_IMEM|altsyncram:ram_rtl_0|altsyncram_3f81:auto_generated|ram_block1a9~porta_address_reg0  ; clk          ; clk         ; 0.000        ; 0.386      ; 1.335      ;
; 0.776 ; Program_Counter:U_PC|pc_reg[9]  ; Instruction_Memory:U_IMEM|altsyncram:ram_rtl_0|altsyncram_3f81:auto_generated|ram_block1a27~porta_address_reg0 ; clk          ; clk         ; 0.000        ; 0.372      ; 1.335      ;
; 0.780 ; Program_Counter:U_PC|pc_reg[5]  ; Instruction_Memory:U_IMEM|altsyncram:ram_rtl_0|altsyncram_3f81:auto_generated|ram_block1a9~porta_address_reg0  ; clk          ; clk         ; 0.000        ; 0.386      ; 1.353      ;
; 0.785 ; Program_Counter:U_PC|pc_reg[9]  ; Instruction_Memory:U_IMEM|altsyncram:ram_rtl_0|altsyncram_3f81:auto_generated|ram_block1a9~porta_address_reg0  ; clk          ; clk         ; 0.000        ; 0.386      ; 1.358      ;
; 0.792 ; Program_Counter:U_PC|pc_reg[4]  ; Instruction_Memory:U_IMEM|altsyncram:ram_rtl_0|altsyncram_3f81:auto_generated|ram_block1a9~porta_address_reg0  ; clk          ; clk         ; 0.000        ; 0.386      ; 1.365      ;
; 0.800 ; Program_Counter:U_PC|pc_reg[2]  ; Instruction_Memory:U_IMEM|altsyncram:ram_rtl_0|altsyncram_3f81:auto_generated|ram_block1a27~porta_address_reg0 ; clk          ; clk         ; 0.000        ; 0.372      ; 1.359      ;
; 0.802 ; Program_Counter:U_PC|pc_reg[6]  ; Instruction_Memory:U_IMEM|altsyncram:ram_rtl_0|altsyncram_3f81:auto_generated|ram_block1a27~porta_address_reg0 ; clk          ; clk         ; 0.000        ; 0.372      ; 1.361      ;
; 0.834 ; Program_Counter:U_PC|pc_reg[15] ; Program_Counter:U_PC|pc_reg[16]                                                                                ; clk          ; clk         ; 0.000        ; 0.076      ; 1.067      ;
; 0.834 ; Program_Counter:U_PC|pc_reg[17] ; Program_Counter:U_PC|pc_reg[18]                                                                                ; clk          ; clk         ; 0.000        ; 0.076      ; 1.067      ;
; 0.834 ; Program_Counter:U_PC|pc_reg[3]  ; Program_Counter:U_PC|pc_reg[4]                                                                                 ; clk          ; clk         ; 0.000        ; 0.076      ; 1.067      ;
; 0.835 ; Program_Counter:U_PC|pc_reg[5]  ; Program_Counter:U_PC|pc_reg[6]                                                                                 ; clk          ; clk         ; 0.000        ; 0.076      ; 1.068      ;
; 0.835 ; Program_Counter:U_PC|pc_reg[13] ; Program_Counter:U_PC|pc_reg[14]                                                                                ; clk          ; clk         ; 0.000        ; 0.076      ; 1.068      ;
; 0.835 ; Program_Counter:U_PC|pc_reg[11] ; Program_Counter:U_PC|pc_reg[12]                                                                                ; clk          ; clk         ; 0.000        ; 0.076      ; 1.068      ;
; 0.835 ; Program_Counter:U_PC|pc_reg[19] ; Program_Counter:U_PC|pc_reg[20]                                                                                ; clk          ; clk         ; 0.000        ; 0.076      ; 1.068      ;
; 0.835 ; Program_Counter:U_PC|pc_reg[9]  ; Program_Counter:U_PC|pc_reg[10]                                                                                ; clk          ; clk         ; 0.000        ; 0.076      ; 1.068      ;
; 0.836 ; Program_Counter:U_PC|pc_reg[21] ; Program_Counter:U_PC|pc_reg[22]                                                                                ; clk          ; clk         ; 0.000        ; 0.076      ; 1.069      ;
; 0.836 ; Program_Counter:U_PC|pc_reg[29] ; Program_Counter:U_PC|pc_reg[30]                                                                                ; clk          ; clk         ; 0.000        ; 0.076      ; 1.069      ;
; 0.836 ; Program_Counter:U_PC|pc_reg[7]  ; Program_Counter:U_PC|pc_reg[8]                                                                                 ; clk          ; clk         ; 0.000        ; 0.076      ; 1.069      ;
; 0.836 ; Program_Counter:U_PC|pc_reg[27] ; Program_Counter:U_PC|pc_reg[28]                                                                                ; clk          ; clk         ; 0.000        ; 0.076      ; 1.069      ;
; 0.836 ; Program_Counter:U_PC|pc_reg[23] ; Program_Counter:U_PC|pc_reg[24]                                                                                ; clk          ; clk         ; 0.000        ; 0.076      ; 1.069      ;
; 0.836 ; Program_Counter:U_PC|pc_reg[25] ; Program_Counter:U_PC|pc_reg[26]                                                                                ; clk          ; clk         ; 0.000        ; 0.076      ; 1.069      ;
; 0.846 ; Program_Counter:U_PC|pc_reg[16] ; Program_Counter:U_PC|pc_reg[17]                                                                                ; clk          ; clk         ; 0.000        ; 0.078      ; 1.081      ;
; 0.848 ; Program_Counter:U_PC|pc_reg[16] ; Program_Counter:U_PC|pc_reg[18]                                                                                ; clk          ; clk         ; 0.000        ; 0.078      ; 1.083      ;
; 0.849 ; Program_Counter:U_PC|pc_reg[6]  ; Program_Counter:U_PC|pc_reg[7]                                                                                 ; clk          ; clk         ; 0.000        ; 0.076      ; 1.082      ;
; 0.849 ; Program_Counter:U_PC|pc_reg[2]  ; Program_Counter:U_PC|pc_reg[3]                                                                                 ; clk          ; clk         ; 0.000        ; 0.076      ; 1.082      ;
; 0.849 ; Program_Counter:U_PC|pc_reg[14] ; Program_Counter:U_PC|pc_reg[15]                                                                                ; clk          ; clk         ; 0.000        ; 0.076      ; 1.082      ;
; 0.849 ; Program_Counter:U_PC|pc_reg[18] ; Program_Counter:U_PC|pc_reg[19]                                                                                ; clk          ; clk         ; 0.000        ; 0.076      ; 1.082      ;
; 0.850 ; Program_Counter:U_PC|pc_reg[30] ; Program_Counter:U_PC|pc_reg[31]                                                                                ; clk          ; clk         ; 0.000        ; 0.076      ; 1.083      ;
; 0.850 ; Program_Counter:U_PC|pc_reg[22] ; Program_Counter:U_PC|pc_reg[23]                                                                                ; clk          ; clk         ; 0.000        ; 0.076      ; 1.083      ;
; 0.850 ; Program_Counter:U_PC|pc_reg[8]  ; Program_Counter:U_PC|pc_reg[9]                                                                                 ; clk          ; clk         ; 0.000        ; 0.076      ; 1.083      ;
; 0.850 ; Program_Counter:U_PC|pc_reg[10] ; Program_Counter:U_PC|pc_reg[11]                                                                                ; clk          ; clk         ; 0.000        ; 0.076      ; 1.083      ;
; 0.850 ; Program_Counter:U_PC|pc_reg[12] ; Program_Counter:U_PC|pc_reg[13]                                                                                ; clk          ; clk         ; 0.000        ; 0.076      ; 1.083      ;
; 0.850 ; Program_Counter:U_PC|pc_reg[20] ; Program_Counter:U_PC|pc_reg[21]                                                                                ; clk          ; clk         ; 0.000        ; 0.076      ; 1.083      ;
; 0.851 ; Program_Counter:U_PC|pc_reg[24] ; Program_Counter:U_PC|pc_reg[25]                                                                                ; clk          ; clk         ; 0.000        ; 0.076      ; 1.084      ;
; 0.851 ; Program_Counter:U_PC|pc_reg[26] ; Program_Counter:U_PC|pc_reg[27]                                                                                ; clk          ; clk         ; 0.000        ; 0.076      ; 1.084      ;
; 0.851 ; Program_Counter:U_PC|pc_reg[28] ; Program_Counter:U_PC|pc_reg[29]                                                                                ; clk          ; clk         ; 0.000        ; 0.076      ; 1.084      ;
; 0.851 ; Program_Counter:U_PC|pc_reg[14] ; Program_Counter:U_PC|pc_reg[16]                                                                                ; clk          ; clk         ; 0.000        ; 0.076      ; 1.084      ;
; 0.851 ; Program_Counter:U_PC|pc_reg[2]  ; Program_Counter:U_PC|pc_reg[4]                                                                                 ; clk          ; clk         ; 0.000        ; 0.076      ; 1.084      ;
; 0.851 ; Program_Counter:U_PC|pc_reg[18] ; Program_Counter:U_PC|pc_reg[20]                                                                                ; clk          ; clk         ; 0.000        ; 0.076      ; 1.084      ;
; 0.851 ; Program_Counter:U_PC|pc_reg[6]  ; Program_Counter:U_PC|pc_reg[8]                                                                                 ; clk          ; clk         ; 0.000        ; 0.076      ; 1.084      ;
; 0.852 ; Program_Counter:U_PC|pc_reg[12] ; Program_Counter:U_PC|pc_reg[14]                                                                                ; clk          ; clk         ; 0.000        ; 0.076      ; 1.085      ;
; 0.852 ; Program_Counter:U_PC|pc_reg[10] ; Program_Counter:U_PC|pc_reg[12]                                                                                ; clk          ; clk         ; 0.000        ; 0.076      ; 1.085      ;
; 0.852 ; Program_Counter:U_PC|pc_reg[8]  ; Program_Counter:U_PC|pc_reg[10]                                                                                ; clk          ; clk         ; 0.000        ; 0.076      ; 1.085      ;
; 0.852 ; Program_Counter:U_PC|pc_reg[20] ; Program_Counter:U_PC|pc_reg[22]                                                                                ; clk          ; clk         ; 0.000        ; 0.076      ; 1.085      ;
; 0.852 ; Program_Counter:U_PC|pc_reg[22] ; Program_Counter:U_PC|pc_reg[24]                                                                                ; clk          ; clk         ; 0.000        ; 0.076      ; 1.085      ;
; 0.853 ; Program_Counter:U_PC|pc_reg[28] ; Program_Counter:U_PC|pc_reg[30]                                                                                ; clk          ; clk         ; 0.000        ; 0.076      ; 1.086      ;
; 0.853 ; Program_Counter:U_PC|pc_reg[26] ; Program_Counter:U_PC|pc_reg[28]                                                                                ; clk          ; clk         ; 0.000        ; 0.076      ; 1.086      ;
; 0.853 ; Program_Counter:U_PC|pc_reg[24] ; Program_Counter:U_PC|pc_reg[26]                                                                                ; clk          ; clk         ; 0.000        ; 0.076      ; 1.086      ;
; 0.867 ; Program_Counter:U_PC|pc_reg[4]  ; Program_Counter:U_PC|pc_reg[5]                                                                                 ; clk          ; clk         ; 0.000        ; 0.076      ; 1.100      ;
; 0.869 ; Program_Counter:U_PC|pc_reg[4]  ; Program_Counter:U_PC|pc_reg[6]                                                                                 ; clk          ; clk         ; 0.000        ; 0.076      ; 1.102      ;
; 0.939 ; Program_Counter:U_PC|pc_reg[5]  ; Instruction_Memory:U_IMEM|altsyncram:ram_rtl_0|altsyncram_3f81:auto_generated|ram_block1a27~porta_address_reg0 ; clk          ; clk         ; 0.000        ; 0.372      ; 1.498      ;
; 0.942 ; Program_Counter:U_PC|pc_reg[15] ; Program_Counter:U_PC|pc_reg[17]                                                                                ; clk          ; clk         ; 0.000        ; 0.078      ; 1.177      ;
; 0.944 ; Program_Counter:U_PC|pc_reg[15] ; Program_Counter:U_PC|pc_reg[18]                                                                                ; clk          ; clk         ; 0.000        ; 0.078      ; 1.179      ;
; 0.944 ; Program_Counter:U_PC|pc_reg[17] ; Program_Counter:U_PC|pc_reg[19]                                                                                ; clk          ; clk         ; 0.000        ; 0.076      ; 1.177      ;
; 0.944 ; Program_Counter:U_PC|pc_reg[3]  ; Program_Counter:U_PC|pc_reg[5]                                                                                 ; clk          ; clk         ; 0.000        ; 0.076      ; 1.177      ;
; 0.945 ; Program_Counter:U_PC|pc_reg[5]  ; Program_Counter:U_PC|pc_reg[7]                                                                                 ; clk          ; clk         ; 0.000        ; 0.076      ; 1.178      ;
; 0.945 ; Program_Counter:U_PC|pc_reg[13] ; Program_Counter:U_PC|pc_reg[15]                                                                                ; clk          ; clk         ; 0.000        ; 0.076      ; 1.178      ;
; 0.945 ; Program_Counter:U_PC|pc_reg[9]  ; Program_Counter:U_PC|pc_reg[11]                                                                                ; clk          ; clk         ; 0.000        ; 0.076      ; 1.178      ;
+-------+---------------------------------+----------------------------------------------------------------------------------------------------------------+--------------+-------------+--------------+------------+------------+


+------------------------------------------------------------------------------------------------------------------------------------------------------------------------------------------------+
; Slow 1200mV 85C Model Minimum Pulse Width: 'clk'                                                                                                                                               ;
+--------+--------------+----------------+-----------------+-------+------------+----------------------------------------------------------------------------------------------------------------+
; Slack  ; Actual Width ; Required Width ; Type            ; Clock ; Clock Edge ; Target                                                                                                         ;
+--------+--------------+----------------+-----------------+-------+------------+----------------------------------------------------------------------------------------------------------------+
; -3.000 ; 1.000        ; 4.000          ; Port Rate       ; clk   ; Rise       ; clk                                                                                                            ;
; -2.174 ; 1.000        ; 3.174          ; Min Period      ; clk   ; Rise       ; Instruction_Memory:U_IMEM|altsyncram:ram_rtl_0|altsyncram_3f81:auto_generated|ram_block1a0~porta_address_reg0  ;
; -2.174 ; 1.000        ; 3.174          ; Min Period      ; clk   ; Rise       ; Instruction_Memory:U_IMEM|altsyncram:ram_rtl_0|altsyncram_3f81:auto_generated|ram_block1a18~porta_address_reg0 ;
; -2.174 ; 1.000        ; 3.174          ; Min Period      ; clk   ; Rise       ; Instruction_Memory:U_IMEM|altsyncram:ram_rtl_0|altsyncram_3f81:auto_generated|ram_block1a27~porta_address_reg0 ;
; -2.174 ; 1.000        ; 3.174          ; Min Period      ; clk   ; Rise       ; Instruction_Memory:U_IMEM|altsyncram:ram_rtl_0|altsyncram_3f81:auto_generated|ram_block1a9~porta_address_reg0  ;
; -1.000 ; 1.000        ; 2.000          ; Min Period      ; clk   ; Rise       ; IF_ID_Register:U_IF_ID|instruction_out[0]                                                                      ;
; -1.000 ; 1.000        ; 2.000          ; Min Period      ; clk   ; Rise       ; IF_ID_Register:U_IF_ID|instruction_out[10]                                                                     ;
; -1.000 ; 1.000        ; 2.000          ; Min Period      ; clk   ; Rise       ; IF_ID_Register:U_IF_ID|instruction_out[11]                                                                     ;
; -1.000 ; 1.000        ; 2.000          ; Min Period      ; clk   ; Rise       ; IF_ID_Register:U_IF_ID|instruction_out[12]                                                                     ;
; -1.000 ; 1.000        ; 2.000          ; Min Period      ; clk   ; Rise       ; IF_ID_Register:U_IF_ID|instruction_out[13]                                                                     ;
; -1.000 ; 1.000        ; 2.000          ; Min Period      ; clk   ; Rise       ; IF_ID_Register:U_IF_ID|instruction_out[14]                                                                     ;
; -1.000 ; 1.000        ; 2.000          ; Min Period      ; clk   ; Rise       ; IF_ID_Register:U_IF_ID|instruction_out[15]                                                                     ;
; -1.000 ; 1.000        ; 2.000          ; Min Period      ; clk   ; Rise       ; IF_ID_Register:U_IF_ID|instruction_out[16]                                                                     ;
; -1.000 ; 1.000        ; 2.000          ; Min Period      ; clk   ; Rise       ; IF_ID_Register:U_IF_ID|instruction_out[17]                                                                     ;
; -1.000 ; 1.000        ; 2.000          ; Min Period      ; clk   ; Rise       ; IF_ID_Register:U_IF_ID|instruction_out[18]                                                                     ;
; -1.000 ; 1.000        ; 2.000          ; Min Period      ; clk   ; Rise       ; IF_ID_Register:U_IF_ID|instruction_out[19]                                                                     ;
; -1.000 ; 1.000        ; 2.000          ; Min Period      ; clk   ; Rise       ; IF_ID_Register:U_IF_ID|instruction_out[1]                                                                      ;
; -1.000 ; 1.000        ; 2.000          ; Min Period      ; clk   ; Rise       ; IF_ID_Register:U_IF_ID|instruction_out[20]                                                                     ;
; -1.000 ; 1.000        ; 2.000          ; Min Period      ; clk   ; Rise       ; IF_ID_Register:U_IF_ID|instruction_out[21]                                                                     ;
; -1.000 ; 1.000        ; 2.000          ; Min Period      ; clk   ; Rise       ; IF_ID_Register:U_IF_ID|instruction_out[22]                                                                     ;
; -1.000 ; 1.000        ; 2.000          ; Min Period      ; clk   ; Rise       ; IF_ID_Register:U_IF_ID|instruction_out[23]                                                                     ;
; -1.000 ; 1.000        ; 2.000          ; Min Period      ; clk   ; Rise       ; IF_ID_Register:U_IF_ID|instruction_out[24]                                                                     ;
; -1.000 ; 1.000        ; 2.000          ; Min Period      ; clk   ; Rise       ; IF_ID_Register:U_IF_ID|instruction_out[25]                                                                     ;
; -1.000 ; 1.000        ; 2.000          ; Min Period      ; clk   ; Rise       ; IF_ID_Register:U_IF_ID|instruction_out[26]                                                                     ;
; -1.000 ; 1.000        ; 2.000          ; Min Period      ; clk   ; Rise       ; IF_ID_Register:U_IF_ID|instruction_out[27]                                                                     ;
; -1.000 ; 1.000        ; 2.000          ; Min Period      ; clk   ; Rise       ; IF_ID_Register:U_IF_ID|instruction_out[28]                                                                     ;
; -1.000 ; 1.000        ; 2.000          ; Min Period      ; clk   ; Rise       ; IF_ID_Register:U_IF_ID|instruction_out[29]                                                                     ;
; -1.000 ; 1.000        ; 2.000          ; Min Period      ; clk   ; Rise       ; IF_ID_Register:U_IF_ID|instruction_out[2]                                                                      ;
; -1.000 ; 1.000        ; 2.000          ; Min Period      ; clk   ; Rise       ; IF_ID_Register:U_IF_ID|instruction_out[30]                                                                     ;
; -1.000 ; 1.000        ; 2.000          ; Min Period      ; clk   ; Rise       ; IF_ID_Register:U_IF_ID|instruction_out[31]                                                                     ;
; -1.000 ; 1.000        ; 2.000          ; Min Period      ; clk   ; Rise       ; IF_ID_Register:U_IF_ID|instruction_out[3]                                                                      ;
; -1.000 ; 1.000        ; 2.000          ; Min Period      ; clk   ; Rise       ; IF_ID_Register:U_IF_ID|instruction_out[4]                                                                      ;
; -1.000 ; 1.000        ; 2.000          ; Min Period      ; clk   ; Rise       ; IF_ID_Register:U_IF_ID|instruction_out[5]                                                                      ;
; -1.000 ; 1.000        ; 2.000          ; Min Period      ; clk   ; Rise       ; IF_ID_Register:U_IF_ID|instruction_out[6]                                                                      ;
; -1.000 ; 1.000        ; 2.000          ; Min Period      ; clk   ; Rise       ; IF_ID_Register:U_IF_ID|instruction_out[7]                                                                      ;
; -1.000 ; 1.000        ; 2.000          ; Min Period      ; clk   ; Rise       ; IF_ID_Register:U_IF_ID|instruction_out[8]                                                                      ;
; -1.000 ; 1.000        ; 2.000          ; Min Period      ; clk   ; Rise       ; IF_ID_Register:U_IF_ID|instruction_out[9]                                                                      ;
; -1.000 ; 1.000        ; 2.000          ; Min Period      ; clk   ; Rise       ; Program_Counter:U_PC|pc_reg[10]                                                                                ;
; -1.000 ; 1.000        ; 2.000          ; Min Period      ; clk   ; Rise       ; Program_Counter:U_PC|pc_reg[11]                                                                                ;
; -1.000 ; 1.000        ; 2.000          ; Min Period      ; clk   ; Rise       ; Program_Counter:U_PC|pc_reg[12]                                                                                ;
; -1.000 ; 1.000        ; 2.000          ; Min Period      ; clk   ; Rise       ; Program_Counter:U_PC|pc_reg[13]                                                                                ;
; -1.000 ; 1.000        ; 2.000          ; Min Period      ; clk   ; Rise       ; Program_Counter:U_PC|pc_reg[14]                                                                                ;
; -1.000 ; 1.000        ; 2.000          ; Min Period      ; clk   ; Rise       ; Program_Counter:U_PC|pc_reg[15]                                                                                ;
; -1.000 ; 1.000        ; 2.000          ; Min Period      ; clk   ; Rise       ; Program_Counter:U_PC|pc_reg[16]                                                                                ;
; -1.000 ; 1.000        ; 2.000          ; Min Period      ; clk   ; Rise       ; Program_Counter:U_PC|pc_reg[17]                                                                                ;
; -1.000 ; 1.000        ; 2.000          ; Min Period      ; clk   ; Rise       ; Program_Counter:U_PC|pc_reg[18]                                                                                ;
; -1.000 ; 1.000        ; 2.000          ; Min Period      ; clk   ; Rise       ; Program_Counter:U_PC|pc_reg[19]                                                                                ;
; -1.000 ; 1.000        ; 2.000          ; Min Period      ; clk   ; Rise       ; Program_Counter:U_PC|pc_reg[20]                                                                                ;
; -1.000 ; 1.000        ; 2.000          ; Min Period      ; clk   ; Rise       ; Program_Counter:U_PC|pc_reg[21]                                                                                ;
; -1.000 ; 1.000        ; 2.000          ; Min Period      ; clk   ; Rise       ; Program_Counter:U_PC|pc_reg[22]                                                                                ;
; -1.000 ; 1.000        ; 2.000          ; Min Period      ; clk   ; Rise       ; Program_Counter:U_PC|pc_reg[23]                                                                                ;
; -1.000 ; 1.000        ; 2.000          ; Min Period      ; clk   ; Rise       ; Program_Counter:U_PC|pc_reg[24]                                                                                ;
; -1.000 ; 1.000        ; 2.000          ; Min Period      ; clk   ; Rise       ; Program_Counter:U_PC|pc_reg[25]                                                                                ;
; -1.000 ; 1.000        ; 2.000          ; Min Period      ; clk   ; Rise       ; Program_Counter:U_PC|pc_reg[26]                                                                                ;
; -1.000 ; 1.000        ; 2.000          ; Min Period      ; clk   ; Rise       ; Program_Counter:U_PC|pc_reg[27]                                                                                ;
; -1.000 ; 1.000        ; 2.000          ; Min Period      ; clk   ; Rise       ; Program_Counter:U_PC|pc_reg[28]                                                                                ;
; -1.000 ; 1.000        ; 2.000          ; Min Period      ; clk   ; Rise       ; Program_Counter:U_PC|pc_reg[29]                                                                                ;
; -1.000 ; 1.000        ; 2.000          ; Min Period      ; clk   ; Rise       ; Program_Counter:U_PC|pc_reg[2]                                                                                 ;
; -1.000 ; 1.000        ; 2.000          ; Min Period      ; clk   ; Rise       ; Program_Counter:U_PC|pc_reg[30]                                                                                ;
; -1.000 ; 1.000        ; 2.000          ; Min Period      ; clk   ; Rise       ; Program_Counter:U_PC|pc_reg[31]                                                                                ;
; -1.000 ; 1.000        ; 2.000          ; Min Period      ; clk   ; Rise       ; Program_Counter:U_PC|pc_reg[3]                                                                                 ;
; -1.000 ; 1.000        ; 2.000          ; Min Period      ; clk   ; Rise       ; Program_Counter:U_PC|pc_reg[4]                                                                                 ;
; -1.000 ; 1.000        ; 2.000          ; Min Period      ; clk   ; Rise       ; Program_Counter:U_PC|pc_reg[5]                                                                                 ;
; -1.000 ; 1.000        ; 2.000          ; Min Period      ; clk   ; Rise       ; Program_Counter:U_PC|pc_reg[6]                                                                                 ;
; -1.000 ; 1.000        ; 2.000          ; Min Period      ; clk   ; Rise       ; Program_Counter:U_PC|pc_reg[7]                                                                                 ;
; -1.000 ; 1.000        ; 2.000          ; Min Period      ; clk   ; Rise       ; Program_Counter:U_PC|pc_reg[8]                                                                                 ;
; -1.000 ; 1.000        ; 2.000          ; Min Period      ; clk   ; Rise       ; Program_Counter:U_PC|pc_reg[9]                                                                                 ;
; 0.158  ; 0.388        ; 0.230          ; Low Pulse Width ; clk   ; Rise       ; Instruction_Memory:U_IMEM|altsyncram:ram_rtl_0|altsyncram_3f81:auto_generated|ram_block1a0~porta_address_reg0  ;
; 0.158  ; 0.388        ; 0.230          ; Low Pulse Width ; clk   ; Rise       ; Instruction_Memory:U_IMEM|altsyncram:ram_rtl_0|altsyncram_3f81:auto_generated|ram_block1a27~porta_address_reg0 ;
; 0.158  ; 0.388        ; 0.230          ; Low Pulse Width ; clk   ; Rise       ; Instruction_Memory:U_IMEM|altsyncram:ram_rtl_0|altsyncram_3f81:auto_generated|ram_block1a9~porta_address_reg0  ;
; 0.159  ; 0.389        ; 0.230          ; Low Pulse Width ; clk   ; Rise       ; Instruction_Memory:U_IMEM|altsyncram:ram_rtl_0|altsyncram_3f81:auto_generated|ram_block1a18~porta_address_reg0 ;
; 0.246  ; 0.430        ; 0.184          ; Low Pulse Width ; clk   ; Rise       ; IF_ID_Register:U_IF_ID|instruction_out[10]                                                                     ;
; 0.246  ; 0.430        ; 0.184          ; Low Pulse Width ; clk   ; Rise       ; IF_ID_Register:U_IF_ID|instruction_out[11]                                                                     ;
; 0.246  ; 0.430        ; 0.184          ; Low Pulse Width ; clk   ; Rise       ; IF_ID_Register:U_IF_ID|instruction_out[12]                                                                     ;
; 0.246  ; 0.430        ; 0.184          ; Low Pulse Width ; clk   ; Rise       ; IF_ID_Register:U_IF_ID|instruction_out[13]                                                                     ;
; 0.246  ; 0.430        ; 0.184          ; Low Pulse Width ; clk   ; Rise       ; IF_ID_Register:U_IF_ID|instruction_out[14]                                                                     ;
; 0.246  ; 0.430        ; 0.184          ; Low Pulse Width ; clk   ; Rise       ; IF_ID_Register:U_IF_ID|instruction_out[15]                                                                     ;
; 0.246  ; 0.430        ; 0.184          ; Low Pulse Width ; clk   ; Rise       ; IF_ID_Register:U_IF_ID|instruction_out[16]                                                                     ;
; 0.246  ; 0.430        ; 0.184          ; Low Pulse Width ; clk   ; Rise       ; IF_ID_Register:U_IF_ID|instruction_out[17]                                                                     ;
; 0.246  ; 0.430        ; 0.184          ; Low Pulse Width ; clk   ; Rise       ; IF_ID_Register:U_IF_ID|instruction_out[18]                                                                     ;
; 0.246  ; 0.430        ; 0.184          ; Low Pulse Width ; clk   ; Rise       ; IF_ID_Register:U_IF_ID|instruction_out[19]                                                                     ;
; 0.246  ; 0.430        ; 0.184          ; Low Pulse Width ; clk   ; Rise       ; IF_ID_Register:U_IF_ID|instruction_out[20]                                                                     ;
; 0.246  ; 0.430        ; 0.184          ; Low Pulse Width ; clk   ; Rise       ; IF_ID_Register:U_IF_ID|instruction_out[21]                                                                     ;
; 0.246  ; 0.430        ; 0.184          ; Low Pulse Width ; clk   ; Rise       ; IF_ID_Register:U_IF_ID|instruction_out[22]                                                                     ;
; 0.246  ; 0.430        ; 0.184          ; Low Pulse Width ; clk   ; Rise       ; IF_ID_Register:U_IF_ID|instruction_out[23]                                                                     ;
; 0.246  ; 0.430        ; 0.184          ; Low Pulse Width ; clk   ; Rise       ; IF_ID_Register:U_IF_ID|instruction_out[24]                                                                     ;
; 0.246  ; 0.430        ; 0.184          ; Low Pulse Width ; clk   ; Rise       ; IF_ID_Register:U_IF_ID|instruction_out[25]                                                                     ;
; 0.246  ; 0.430        ; 0.184          ; Low Pulse Width ; clk   ; Rise       ; IF_ID_Register:U_IF_ID|instruction_out[26]                                                                     ;
; 0.246  ; 0.430        ; 0.184          ; Low Pulse Width ; clk   ; Rise       ; IF_ID_Register:U_IF_ID|instruction_out[9]                                                                      ;
; 0.249  ; 0.433        ; 0.184          ; Low Pulse Width ; clk   ; Rise       ; IF_ID_Register:U_IF_ID|instruction_out[0]                                                                      ;
; 0.249  ; 0.433        ; 0.184          ; Low Pulse Width ; clk   ; Rise       ; IF_ID_Register:U_IF_ID|instruction_out[1]                                                                      ;
; 0.249  ; 0.433        ; 0.184          ; Low Pulse Width ; clk   ; Rise       ; IF_ID_Register:U_IF_ID|instruction_out[27]                                                                     ;
; 0.249  ; 0.433        ; 0.184          ; Low Pulse Width ; clk   ; Rise       ; IF_ID_Register:U_IF_ID|instruction_out[28]                                                                     ;
; 0.249  ; 0.433        ; 0.184          ; Low Pulse Width ; clk   ; Rise       ; IF_ID_Register:U_IF_ID|instruction_out[29]                                                                     ;
; 0.249  ; 0.433        ; 0.184          ; Low Pulse Width ; clk   ; Rise       ; IF_ID_Register:U_IF_ID|instruction_out[2]                                                                      ;
; 0.249  ; 0.433        ; 0.184          ; Low Pulse Width ; clk   ; Rise       ; IF_ID_Register:U_IF_ID|instruction_out[30]                                                                     ;
; 0.249  ; 0.433        ; 0.184          ; Low Pulse Width ; clk   ; Rise       ; IF_ID_Register:U_IF_ID|instruction_out[31]                                                                     ;
; 0.249  ; 0.433        ; 0.184          ; Low Pulse Width ; clk   ; Rise       ; IF_ID_Register:U_IF_ID|instruction_out[3]                                                                      ;
; 0.249  ; 0.433        ; 0.184          ; Low Pulse Width ; clk   ; Rise       ; IF_ID_Register:U_IF_ID|instruction_out[4]                                                                      ;
; 0.249  ; 0.433        ; 0.184          ; Low Pulse Width ; clk   ; Rise       ; IF_ID_Register:U_IF_ID|instruction_out[5]                                                                      ;
+--------+--------------+----------------+-----------------+-------+------------+----------------------------------------------------------------------------------------------------------------+


+-----------------------------------------------------------------------+
; Setup Times                                                           ;
+-----------+------------+-------+-------+------------+-----------------+
; Data Port ; Clock Port ; Rise  ; Fall  ; Clock Edge ; Clock Reference ;
+-----------+------------+-------+-------+------------+-----------------+
; rst       ; clk        ; 0.157 ; 0.171 ; Rise       ; clk             ;
+-----------+------------+-------+-------+------------+-----------------+


+-----------------------------------------------------------------------+
; Hold Times                                                            ;
+-----------+------------+-------+-------+------------+-----------------+
; Data Port ; Clock Port ; Rise  ; Fall  ; Clock Edge ; Clock Reference ;
+-----------+------------+-------+-------+------------+-----------------+
; rst       ; clk        ; 0.809 ; 0.802 ; Rise       ; clk             ;
+-----------+------------+-------+-------+------------+-----------------+


+-------------------------------------------------------------------------------+
; Clock to Output Times                                                         ;
+------------------+------------+-------+--------+------------+-----------------+
; Data Port        ; Clock Port ; Rise  ; Fall   ; Clock Edge ; Clock Reference ;
+------------------+------------+-------+--------+------------+-----------------+
; instr_debug[*]   ; clk        ; 9.911 ; 10.066 ; Rise       ; clk             ;
;  instr_debug[0]  ; clk        ; 7.553 ; 7.577  ; Rise       ; clk             ;
;  instr_debug[1]  ; clk        ; 7.268 ; 7.291  ; Rise       ; clk             ;
;  instr_debug[2]  ; clk        ; 7.786 ; 7.810  ; Rise       ; clk             ;
;  instr_debug[3]  ; clk        ; 7.289 ; 7.289  ; Rise       ; clk             ;
;  instr_debug[4]  ; clk        ; 7.742 ; 7.751  ; Rise       ; clk             ;
;  instr_debug[5]  ; clk        ; 7.748 ; 7.763  ; Rise       ; clk             ;
;  instr_debug[6]  ; clk        ; 7.492 ; 7.516  ; Rise       ; clk             ;
;  instr_debug[7]  ; clk        ; 7.599 ; 7.646  ; Rise       ; clk             ;
;  instr_debug[8]  ; clk        ; 8.502 ; 8.598  ; Rise       ; clk             ;
;  instr_debug[9]  ; clk        ; 7.542 ; 7.541  ; Rise       ; clk             ;
;  instr_debug[10] ; clk        ; 7.873 ; 7.880  ; Rise       ; clk             ;
;  instr_debug[11] ; clk        ; 8.070 ; 8.126  ; Rise       ; clk             ;
;  instr_debug[12] ; clk        ; 8.338 ; 8.399  ; Rise       ; clk             ;
;  instr_debug[13] ; clk        ; 7.224 ; 7.214  ; Rise       ; clk             ;
;  instr_debug[14] ; clk        ; 7.526 ; 7.528  ; Rise       ; clk             ;
;  instr_debug[15] ; clk        ; 7.233 ; 7.222  ; Rise       ; clk             ;
;  instr_debug[16] ; clk        ; 7.652 ; 7.693  ; Rise       ; clk             ;
;  instr_debug[17] ; clk        ; 7.593 ; 7.605  ; Rise       ; clk             ;
;  instr_debug[18] ; clk        ; 7.970 ; 8.043  ; Rise       ; clk             ;
;  instr_debug[19] ; clk        ; 8.358 ; 8.401  ; Rise       ; clk             ;
;  instr_debug[20] ; clk        ; 9.911 ; 10.066 ; Rise       ; clk             ;
;  instr_debug[21] ; clk        ; 7.714 ; 7.715  ; Rise       ; clk             ;
;  instr_debug[22] ; clk        ; 7.478 ; 7.475  ; Rise       ; clk             ;
;  instr_debug[23] ; clk        ; 7.337 ; 7.356  ; Rise       ; clk             ;
;  instr_debug[24] ; clk        ; 7.822 ; 7.865  ; Rise       ; clk             ;
;  instr_debug[25] ; clk        ; 7.906 ; 7.933  ; Rise       ; clk             ;
;  instr_debug[26] ; clk        ; 8.133 ; 8.180  ; Rise       ; clk             ;
;  instr_debug[27] ; clk        ; 8.995 ; 9.124  ; Rise       ; clk             ;
;  instr_debug[28] ; clk        ; 7.530 ; 7.559  ; Rise       ; clk             ;
;  instr_debug[29] ; clk        ; 7.705 ; 7.727  ; Rise       ; clk             ;
;  instr_debug[30] ; clk        ; 7.466 ; 7.462  ; Rise       ; clk             ;
;  instr_debug[31] ; clk        ; 8.729 ; 8.790  ; Rise       ; clk             ;
; pc_debug[*]      ; clk        ; 8.557 ; 8.642  ; Rise       ; clk             ;
;  pc_debug[2]     ; clk        ; 7.028 ; 7.041  ; Rise       ; clk             ;
;  pc_debug[3]     ; clk        ; 7.230 ; 7.240  ; Rise       ; clk             ;
;  pc_debug[4]     ; clk        ; 7.123 ; 7.157  ; Rise       ; clk             ;
;  pc_debug[5]     ; clk        ; 7.039 ; 7.054  ; Rise       ; clk             ;
;  pc_debug[6]     ; clk        ; 7.106 ; 7.121  ; Rise       ; clk             ;
;  pc_debug[7]     ; clk        ; 7.421 ; 7.429  ; Rise       ; clk             ;
;  pc_debug[8]     ; clk        ; 7.702 ; 7.708  ; Rise       ; clk             ;
;  pc_debug[9]     ; clk        ; 6.829 ; 6.837  ; Rise       ; clk             ;
;  pc_debug[10]    ; clk        ; 7.229 ; 7.235  ; Rise       ; clk             ;
;  pc_debug[11]    ; clk        ; 7.745 ; 7.749  ; Rise       ; clk             ;
;  pc_debug[12]    ; clk        ; 6.789 ; 6.807  ; Rise       ; clk             ;
;  pc_debug[13]    ; clk        ; 7.070 ; 7.094  ; Rise       ; clk             ;
;  pc_debug[14]    ; clk        ; 6.795 ; 6.800  ; Rise       ; clk             ;
;  pc_debug[15]    ; clk        ; 7.068 ; 7.089  ; Rise       ; clk             ;
;  pc_debug[16]    ; clk        ; 6.961 ; 6.971  ; Rise       ; clk             ;
;  pc_debug[17]    ; clk        ; 6.794 ; 6.812  ; Rise       ; clk             ;
;  pc_debug[18]    ; clk        ; 7.266 ; 7.280  ; Rise       ; clk             ;
;  pc_debug[19]    ; clk        ; 6.497 ; 6.508  ; Rise       ; clk             ;
;  pc_debug[20]    ; clk        ; 7.063 ; 7.085  ; Rise       ; clk             ;
;  pc_debug[21]    ; clk        ; 6.507 ; 6.518  ; Rise       ; clk             ;
;  pc_debug[22]    ; clk        ; 6.807 ; 6.825  ; Rise       ; clk             ;
;  pc_debug[23]    ; clk        ; 6.783 ; 6.789  ; Rise       ; clk             ;
;  pc_debug[24]    ; clk        ; 7.077 ; 7.091  ; Rise       ; clk             ;
;  pc_debug[25]    ; clk        ; 6.797 ; 6.805  ; Rise       ; clk             ;
;  pc_debug[26]    ; clk        ; 6.961 ; 6.979  ; Rise       ; clk             ;
;  pc_debug[27]    ; clk        ; 7.002 ; 7.037  ; Rise       ; clk             ;
;  pc_debug[28]    ; clk        ; 8.557 ; 8.642  ; Rise       ; clk             ;
;  pc_debug[29]    ; clk        ; 7.123 ; 7.152  ; Rise       ; clk             ;
;  pc_debug[30]    ; clk        ; 6.774 ; 6.790  ; Rise       ; clk             ;
;  pc_debug[31]    ; clk        ; 6.493 ; 6.500  ; Rise       ; clk             ;
+------------------+------------+-------+--------+------------+-----------------+


+------------------------------------------------------------------------------+
; Minimum Clock to Output Times                                                ;
+------------------+------------+-------+-------+------------+-----------------+
; Data Port        ; Clock Port ; Rise  ; Fall  ; Clock Edge ; Clock Reference ;
+------------------+------------+-------+-------+------------+-----------------+
; instr_debug[*]   ; clk        ; 6.984 ; 6.974 ; Rise       ; clk             ;
;  instr_debug[0]  ; clk        ; 7.304 ; 7.325 ; Rise       ; clk             ;
;  instr_debug[1]  ; clk        ; 7.029 ; 7.050 ; Rise       ; clk             ;
;  instr_debug[2]  ; clk        ; 7.528 ; 7.549 ; Rise       ; clk             ;
;  instr_debug[3]  ; clk        ; 7.045 ; 7.044 ; Rise       ; clk             ;
;  instr_debug[4]  ; clk        ; 7.485 ; 7.493 ; Rise       ; clk             ;
;  instr_debug[5]  ; clk        ; 7.489 ; 7.503 ; Rise       ; clk             ;
;  instr_debug[6]  ; clk        ; 7.244 ; 7.265 ; Rise       ; clk             ;
;  instr_debug[7]  ; clk        ; 7.347 ; 7.391 ; Rise       ; clk             ;
;  instr_debug[8]  ; clk        ; 8.257 ; 8.352 ; Rise       ; clk             ;
;  instr_debug[9]  ; clk        ; 7.288 ; 7.286 ; Rise       ; clk             ;
;  instr_debug[10] ; clk        ; 7.609 ; 7.614 ; Rise       ; clk             ;
;  instr_debug[11] ; clk        ; 7.795 ; 7.848 ; Rise       ; clk             ;
;  instr_debug[12] ; clk        ; 8.053 ; 8.111 ; Rise       ; clk             ;
;  instr_debug[13] ; clk        ; 6.984 ; 6.974 ; Rise       ; clk             ;
;  instr_debug[14] ; clk        ; 7.274 ; 7.274 ; Rise       ; clk             ;
;  instr_debug[15] ; clk        ; 6.992 ; 6.980 ; Rise       ; clk             ;
;  instr_debug[16] ; clk        ; 7.397 ; 7.436 ; Rise       ; clk             ;
;  instr_debug[17] ; clk        ; 7.339 ; 7.349 ; Rise       ; clk             ;
;  instr_debug[18] ; clk        ; 7.700 ; 7.769 ; Rise       ; clk             ;
;  instr_debug[19] ; clk        ; 8.072 ; 8.112 ; Rise       ; clk             ;
;  instr_debug[20] ; clk        ; 9.611 ; 9.762 ; Rise       ; clk             ;
;  instr_debug[21] ; clk        ; 7.454 ; 7.454 ; Rise       ; clk             ;
;  instr_debug[22] ; clk        ; 7.228 ; 7.224 ; Rise       ; clk             ;
;  instr_debug[23] ; clk        ; 7.091 ; 7.109 ; Rise       ; clk             ;
;  instr_debug[24] ; clk        ; 7.557 ; 7.598 ; Rise       ; clk             ;
;  instr_debug[25] ; clk        ; 7.639 ; 7.664 ; Rise       ; clk             ;
;  instr_debug[26] ; clk        ; 7.856 ; 7.900 ; Rise       ; clk             ;
;  instr_debug[27] ; clk        ; 8.730 ; 8.857 ; Rise       ; clk             ;
;  instr_debug[28] ; clk        ; 7.277 ; 7.304 ; Rise       ; clk             ;
;  instr_debug[29] ; clk        ; 7.445 ; 7.465 ; Rise       ; clk             ;
;  instr_debug[30] ; clk        ; 7.216 ; 7.212 ; Rise       ; clk             ;
;  instr_debug[31] ; clk        ; 8.428 ; 8.485 ; Rise       ; clk             ;
; pc_debug[*]      ; clk        ; 6.280 ; 6.286 ; Rise       ; clk             ;
;  pc_debug[2]     ; clk        ; 6.794 ; 6.806 ; Rise       ; clk             ;
;  pc_debug[3]     ; clk        ; 6.989 ; 6.998 ; Rise       ; clk             ;
;  pc_debug[4]     ; clk        ; 6.886 ; 6.917 ; Rise       ; clk             ;
;  pc_debug[5]     ; clk        ; 6.805 ; 6.818 ; Rise       ; clk             ;
;  pc_debug[6]     ; clk        ; 6.870 ; 6.884 ; Rise       ; clk             ;
;  pc_debug[7]     ; clk        ; 7.171 ; 7.178 ; Rise       ; clk             ;
;  pc_debug[8]     ; clk        ; 7.441 ; 7.447 ; Rise       ; clk             ;
;  pc_debug[9]     ; clk        ; 6.604 ; 6.611 ; Rise       ; clk             ;
;  pc_debug[10]    ; clk        ; 6.989 ; 6.993 ; Rise       ; clk             ;
;  pc_debug[11]    ; clk        ; 7.482 ; 7.485 ; Rise       ; clk             ;
;  pc_debug[12]    ; clk        ; 6.565 ; 6.581 ; Rise       ; clk             ;
;  pc_debug[13]    ; clk        ; 6.835 ; 6.857 ; Rise       ; clk             ;
;  pc_debug[14]    ; clk        ; 6.571 ; 6.575 ; Rise       ; clk             ;
;  pc_debug[15]    ; clk        ; 6.833 ; 6.853 ; Rise       ; clk             ;
;  pc_debug[16]    ; clk        ; 6.730 ; 6.738 ; Rise       ; clk             ;
;  pc_debug[17]    ; clk        ; 6.571 ; 6.587 ; Rise       ; clk             ;
;  pc_debug[18]    ; clk        ; 7.024 ; 7.036 ; Rise       ; clk             ;
;  pc_debug[19]    ; clk        ; 6.284 ; 6.294 ; Rise       ; clk             ;
;  pc_debug[20]    ; clk        ; 6.828 ; 6.849 ; Rise       ; clk             ;
;  pc_debug[21]    ; clk        ; 6.294 ; 6.304 ; Rise       ; clk             ;
;  pc_debug[22]    ; clk        ; 6.582 ; 6.599 ; Rise       ; clk             ;
;  pc_debug[23]    ; clk        ; 6.560 ; 6.565 ; Rise       ; clk             ;
;  pc_debug[24]    ; clk        ; 6.842 ; 6.855 ; Rise       ; clk             ;
;  pc_debug[25]    ; clk        ; 6.572 ; 6.580 ; Rise       ; clk             ;
;  pc_debug[26]    ; clk        ; 6.726 ; 6.743 ; Rise       ; clk             ;
;  pc_debug[27]    ; clk        ; 6.765 ; 6.799 ; Rise       ; clk             ;
;  pc_debug[28]    ; clk        ; 8.309 ; 8.393 ; Rise       ; clk             ;
;  pc_debug[29]    ; clk        ; 6.886 ; 6.913 ; Rise       ; clk             ;
;  pc_debug[30]    ; clk        ; 6.551 ; 6.565 ; Rise       ; clk             ;
;  pc_debug[31]    ; clk        ; 6.280 ; 6.286 ; Rise       ; clk             ;
+------------------+------------+-------+-------+------------+-----------------+


----------------------------------------------
; Slow 1200mV 85C Model Metastability Report ;
----------------------------------------------
No synchronizer chains to report.


+-----------------------------------------------------------------------------------------------------------+
; Slow 1200mV 0C Model Fmax Summary                                                                         ;
+------------+-----------------+------------+---------------------------------------------------------------+
; Fmax       ; Restricted Fmax ; Clock Name ; Note                                                          ;
+------------+-----------------+------------+---------------------------------------------------------------+
; 306.28 MHz ; 250.0 MHz       ; clk        ; limit due to minimum period restriction (max I/O toggle rate) ;
+------------+-----------------+------------+---------------------------------------------------------------+
This panel reports FMAX for every clock in the design, regardless of the user-specified clock periods.  FMAX is only computed for paths where the source and destination registers or ports are driven by the same clock.  Paths of different clocks, including generated clocks, are ignored.  For paths between a clock and its inversion, FMAX is computed as if the rising and falling edges are scaled along with FMAX, such that the duty cycle (in terms of a percentage) is maintained. Altera recommends that you always use clock constraints and other slack reports for sign-off analysis.


+------------------------------------+
; Slow 1200mV 0C Model Setup Summary ;
+-------+--------+-------------------+
; Clock ; Slack  ; End Point TNS     ;
+-------+--------+-------------------+
; clk   ; -2.265 ; -100.409          ;
+-------+--------+-------------------+


+-----------------------------------+
; Slow 1200mV 0C Model Hold Summary ;
+-------+-------+-------------------+
; Clock ; Slack ; End Point TNS     ;
+-------+-------+-------------------+
; clk   ; 0.331 ; 0.000             ;
+-------+-------+-------------------+


-----------------------------------------
; Slow 1200mV 0C Model Recovery Summary ;
-----------------------------------------
No paths to report.


----------------------------------------
; Slow 1200mV 0C Model Removal Summary ;
----------------------------------------
No paths to report.


+--------------------------------------------------+
; Slow 1200mV 0C Model Minimum Pulse Width Summary ;
+-------+--------+---------------------------------+
; Clock ; Slack  ; End Point TNS                   ;
+-------+--------+---------------------------------+
; clk   ; -3.000 ; -73.696                         ;
+-------+--------+---------------------------------+


+--------------------------------------------------------------------------------------------------------------------------------------------------------------------------------------------------------------------------------------------+
; Slow 1200mV 0C Model Setup: 'clk'                                                                                                                                                                                                          ;
+--------+----------------------------------------------------------------------------------------------------------------+--------------------------------------------+--------------+-------------+--------------+------------+------------+
; Slack  ; From Node                                                                                                      ; To Node                                    ; Launch Clock ; Latch Clock ; Relationship ; Clock Skew ; Data Delay ;
+--------+----------------------------------------------------------------------------------------------------------------+--------------------------------------------+--------------+-------------+--------------+------------+------------+
; -2.265 ; Instruction_Memory:U_IMEM|altsyncram:ram_rtl_0|altsyncram_3f81:auto_generated|ram_block1a9~porta_address_reg0  ; IF_ID_Register:U_IF_ID|instruction_out[13] ; clk          ; clk         ; 1.000        ; -0.002     ; 3.258      ;
; -2.263 ; Instruction_Memory:U_IMEM|altsyncram:ram_rtl_0|altsyncram_3f81:auto_generated|ram_block1a18~porta_address_reg0 ; IF_ID_Register:U_IF_ID|instruction_out[22] ; clk          ; clk         ; 1.000        ; 0.000      ; 3.258      ;
; -2.218 ; Instruction_Memory:U_IMEM|altsyncram:ram_rtl_0|altsyncram_3f81:auto_generated|ram_block1a27~porta_address_reg0 ; IF_ID_Register:U_IF_ID|instruction_out[29] ; clk          ; clk         ; 1.000        ; -0.025     ; 3.188      ;
; -2.207 ; Instruction_Memory:U_IMEM|altsyncram:ram_rtl_0|altsyncram_3f81:auto_generated|ram_block1a27~porta_address_reg0 ; IF_ID_Register:U_IF_ID|instruction_out[30] ; clk          ; clk         ; 1.000        ; -0.025     ; 3.177      ;
; -2.203 ; Instruction_Memory:U_IMEM|altsyncram:ram_rtl_0|altsyncram_3f81:auto_generated|ram_block1a27~porta_address_reg0 ; IF_ID_Register:U_IF_ID|instruction_out[27] ; clk          ; clk         ; 1.000        ; -0.025     ; 3.173      ;
; -2.202 ; Instruction_Memory:U_IMEM|altsyncram:ram_rtl_0|altsyncram_3f81:auto_generated|ram_block1a0~porta_address_reg0  ; IF_ID_Register:U_IF_ID|instruction_out[8]  ; clk          ; clk         ; 1.000        ; -0.028     ; 3.169      ;
; -2.197 ; Instruction_Memory:U_IMEM|altsyncram:ram_rtl_0|altsyncram_3f81:auto_generated|ram_block1a9~porta_address_reg0  ; IF_ID_Register:U_IF_ID|instruction_out[10] ; clk          ; clk         ; 1.000        ; -0.002     ; 3.190      ;
; -2.196 ; Instruction_Memory:U_IMEM|altsyncram:ram_rtl_0|altsyncram_3f81:auto_generated|ram_block1a18~porta_address_reg0 ; IF_ID_Register:U_IF_ID|instruction_out[19] ; clk          ; clk         ; 1.000        ; 0.000      ; 3.191      ;
; -2.189 ; Instruction_Memory:U_IMEM|altsyncram:ram_rtl_0|altsyncram_3f81:auto_generated|ram_block1a9~porta_address_reg0  ; IF_ID_Register:U_IF_ID|instruction_out[14] ; clk          ; clk         ; 1.000        ; -0.002     ; 3.182      ;
; -2.187 ; Instruction_Memory:U_IMEM|altsyncram:ram_rtl_0|altsyncram_3f81:auto_generated|ram_block1a18~porta_address_reg0 ; IF_ID_Register:U_IF_ID|instruction_out[23] ; clk          ; clk         ; 1.000        ; 0.000      ; 3.182      ;
; -2.187 ; Instruction_Memory:U_IMEM|altsyncram:ram_rtl_0|altsyncram_3f81:auto_generated|ram_block1a27~porta_address_reg0 ; IF_ID_Register:U_IF_ID|instruction_out[31] ; clk          ; clk         ; 1.000        ; -0.025     ; 3.157      ;
; -2.180 ; Instruction_Memory:U_IMEM|altsyncram:ram_rtl_0|altsyncram_3f81:auto_generated|ram_block1a27~porta_address_reg0 ; IF_ID_Register:U_IF_ID|instruction_out[28] ; clk          ; clk         ; 1.000        ; -0.025     ; 3.150      ;
; -2.179 ; Instruction_Memory:U_IMEM|altsyncram:ram_rtl_0|altsyncram_3f81:auto_generated|ram_block1a18~porta_address_reg0 ; IF_ID_Register:U_IF_ID|instruction_out[24] ; clk          ; clk         ; 1.000        ; 0.000      ; 3.174      ;
; -2.178 ; Instruction_Memory:U_IMEM|altsyncram:ram_rtl_0|altsyncram_3f81:auto_generated|ram_block1a9~porta_address_reg0  ; IF_ID_Register:U_IF_ID|instruction_out[15] ; clk          ; clk         ; 1.000        ; -0.002     ; 3.171      ;
; -2.176 ; Instruction_Memory:U_IMEM|altsyncram:ram_rtl_0|altsyncram_3f81:auto_generated|ram_block1a9~porta_address_reg0  ; IF_ID_Register:U_IF_ID|instruction_out[9]  ; clk          ; clk         ; 1.000        ; -0.002     ; 3.169      ;
; -2.175 ; Instruction_Memory:U_IMEM|altsyncram:ram_rtl_0|altsyncram_3f81:auto_generated|ram_block1a18~porta_address_reg0 ; IF_ID_Register:U_IF_ID|instruction_out[18] ; clk          ; clk         ; 1.000        ; 0.000      ; 3.170      ;
; -2.170 ; Instruction_Memory:U_IMEM|altsyncram:ram_rtl_0|altsyncram_3f81:auto_generated|ram_block1a9~porta_address_reg0  ; IF_ID_Register:U_IF_ID|instruction_out[12] ; clk          ; clk         ; 1.000        ; -0.002     ; 3.163      ;
; -2.167 ; Instruction_Memory:U_IMEM|altsyncram:ram_rtl_0|altsyncram_3f81:auto_generated|ram_block1a18~porta_address_reg0 ; IF_ID_Register:U_IF_ID|instruction_out[21] ; clk          ; clk         ; 1.000        ; 0.000      ; 3.162      ;
; -2.159 ; Instruction_Memory:U_IMEM|altsyncram:ram_rtl_0|altsyncram_3f81:auto_generated|ram_block1a9~porta_address_reg0  ; IF_ID_Register:U_IF_ID|instruction_out[11] ; clk          ; clk         ; 1.000        ; -0.002     ; 3.152      ;
; -2.157 ; Instruction_Memory:U_IMEM|altsyncram:ram_rtl_0|altsyncram_3f81:auto_generated|ram_block1a18~porta_address_reg0 ; IF_ID_Register:U_IF_ID|instruction_out[20] ; clk          ; clk         ; 1.000        ; 0.000      ; 3.152      ;
; -2.156 ; Instruction_Memory:U_IMEM|altsyncram:ram_rtl_0|altsyncram_3f81:auto_generated|ram_block1a9~porta_address_reg0  ; IF_ID_Register:U_IF_ID|instruction_out[16] ; clk          ; clk         ; 1.000        ; -0.002     ; 3.149      ;
; -2.155 ; Instruction_Memory:U_IMEM|altsyncram:ram_rtl_0|altsyncram_3f81:auto_generated|ram_block1a18~porta_address_reg0 ; IF_ID_Register:U_IF_ID|instruction_out[25] ; clk          ; clk         ; 1.000        ; 0.000      ; 3.150      ;
; -2.086 ; Instruction_Memory:U_IMEM|altsyncram:ram_rtl_0|altsyncram_3f81:auto_generated|ram_block1a0~porta_address_reg0  ; IF_ID_Register:U_IF_ID|instruction_out[6]  ; clk          ; clk         ; 1.000        ; -0.028     ; 3.053      ;
; -2.086 ; Instruction_Memory:U_IMEM|altsyncram:ram_rtl_0|altsyncram_3f81:auto_generated|ram_block1a0~porta_address_reg0  ; IF_ID_Register:U_IF_ID|instruction_out[7]  ; clk          ; clk         ; 1.000        ; -0.028     ; 3.053      ;
; -2.064 ; Instruction_Memory:U_IMEM|altsyncram:ram_rtl_0|altsyncram_3f81:auto_generated|ram_block1a0~porta_address_reg0  ; IF_ID_Register:U_IF_ID|instruction_out[2]  ; clk          ; clk         ; 1.000        ; -0.028     ; 3.031      ;
; -1.963 ; Instruction_Memory:U_IMEM|altsyncram:ram_rtl_0|altsyncram_3f81:auto_generated|ram_block1a0~porta_address_reg0  ; IF_ID_Register:U_IF_ID|instruction_out[1]  ; clk          ; clk         ; 1.000        ; -0.028     ; 2.930      ;
; -1.963 ; Instruction_Memory:U_IMEM|altsyncram:ram_rtl_0|altsyncram_3f81:auto_generated|ram_block1a0~porta_address_reg0  ; IF_ID_Register:U_IF_ID|instruction_out[3]  ; clk          ; clk         ; 1.000        ; -0.028     ; 2.930      ;
; -1.961 ; Instruction_Memory:U_IMEM|altsyncram:ram_rtl_0|altsyncram_3f81:auto_generated|ram_block1a0~porta_address_reg0  ; IF_ID_Register:U_IF_ID|instruction_out[5]  ; clk          ; clk         ; 1.000        ; -0.028     ; 2.928      ;
; -1.942 ; Instruction_Memory:U_IMEM|altsyncram:ram_rtl_0|altsyncram_3f81:auto_generated|ram_block1a0~porta_address_reg0  ; IF_ID_Register:U_IF_ID|instruction_out[0]  ; clk          ; clk         ; 1.000        ; -0.028     ; 2.909      ;
; -1.942 ; Instruction_Memory:U_IMEM|altsyncram:ram_rtl_0|altsyncram_3f81:auto_generated|ram_block1a0~porta_address_reg0  ; IF_ID_Register:U_IF_ID|instruction_out[4]  ; clk          ; clk         ; 1.000        ; -0.028     ; 2.909      ;
; -1.912 ; Instruction_Memory:U_IMEM|altsyncram:ram_rtl_0|altsyncram_3f81:auto_generated|ram_block1a9~porta_address_reg0  ; IF_ID_Register:U_IF_ID|instruction_out[17] ; clk          ; clk         ; 1.000        ; -0.002     ; 2.905      ;
; -1.909 ; Instruction_Memory:U_IMEM|altsyncram:ram_rtl_0|altsyncram_3f81:auto_generated|ram_block1a18~porta_address_reg0 ; IF_ID_Register:U_IF_ID|instruction_out[26] ; clk          ; clk         ; 1.000        ; 0.000      ; 2.904      ;
; -1.721 ; Program_Counter:U_PC|pc_reg[2]                                                                                 ; Program_Counter:U_PC|pc_reg[31]            ; clk          ; clk         ; 1.000        ; -0.064     ; 2.652      ;
; -1.711 ; Program_Counter:U_PC|pc_reg[3]                                                                                 ; Program_Counter:U_PC|pc_reg[30]            ; clk          ; clk         ; 1.000        ; -0.064     ; 2.642      ;
; -1.693 ; Program_Counter:U_PC|pc_reg[3]                                                                                 ; Program_Counter:U_PC|pc_reg[31]            ; clk          ; clk         ; 1.000        ; -0.064     ; 2.624      ;
; -1.640 ; Program_Counter:U_PC|pc_reg[2]                                                                                 ; Program_Counter:U_PC|pc_reg[30]            ; clk          ; clk         ; 1.000        ; -0.064     ; 2.571      ;
; -1.638 ; Program_Counter:U_PC|pc_reg[4]                                                                                 ; Program_Counter:U_PC|pc_reg[31]            ; clk          ; clk         ; 1.000        ; -0.064     ; 2.569      ;
; -1.621 ; Program_Counter:U_PC|pc_reg[2]                                                                                 ; Program_Counter:U_PC|pc_reg[29]            ; clk          ; clk         ; 1.000        ; -0.064     ; 2.552      ;
; -1.612 ; Program_Counter:U_PC|pc_reg[5]                                                                                 ; Program_Counter:U_PC|pc_reg[30]            ; clk          ; clk         ; 1.000        ; -0.064     ; 2.543      ;
; -1.611 ; Program_Counter:U_PC|pc_reg[3]                                                                                 ; Program_Counter:U_PC|pc_reg[28]            ; clk          ; clk         ; 1.000        ; -0.064     ; 2.542      ;
; -1.594 ; Program_Counter:U_PC|pc_reg[5]                                                                                 ; Program_Counter:U_PC|pc_reg[31]            ; clk          ; clk         ; 1.000        ; -0.064     ; 2.525      ;
; -1.593 ; Program_Counter:U_PC|pc_reg[3]                                                                                 ; Program_Counter:U_PC|pc_reg[29]            ; clk          ; clk         ; 1.000        ; -0.064     ; 2.524      ;
; -1.564 ; Program_Counter:U_PC|pc_reg[4]                                                                                 ; Program_Counter:U_PC|pc_reg[30]            ; clk          ; clk         ; 1.000        ; -0.064     ; 2.495      ;
; -1.540 ; Program_Counter:U_PC|pc_reg[2]                                                                                 ; Program_Counter:U_PC|pc_reg[28]            ; clk          ; clk         ; 1.000        ; -0.064     ; 2.471      ;
; -1.538 ; Program_Counter:U_PC|pc_reg[4]                                                                                 ; Program_Counter:U_PC|pc_reg[29]            ; clk          ; clk         ; 1.000        ; -0.064     ; 2.469      ;
; -1.521 ; Program_Counter:U_PC|pc_reg[2]                                                                                 ; Program_Counter:U_PC|pc_reg[27]            ; clk          ; clk         ; 1.000        ; -0.064     ; 2.452      ;
; -1.521 ; Program_Counter:U_PC|pc_reg[6]                                                                                 ; Program_Counter:U_PC|pc_reg[31]            ; clk          ; clk         ; 1.000        ; -0.064     ; 2.452      ;
; -1.512 ; Program_Counter:U_PC|pc_reg[5]                                                                                 ; Program_Counter:U_PC|pc_reg[28]            ; clk          ; clk         ; 1.000        ; -0.064     ; 2.443      ;
; -1.511 ; Program_Counter:U_PC|pc_reg[3]                                                                                 ; Program_Counter:U_PC|pc_reg[26]            ; clk          ; clk         ; 1.000        ; -0.064     ; 2.442      ;
; -1.508 ; Program_Counter:U_PC|pc_reg[7]                                                                                 ; Program_Counter:U_PC|pc_reg[30]            ; clk          ; clk         ; 1.000        ; -0.064     ; 2.439      ;
; -1.494 ; Program_Counter:U_PC|pc_reg[5]                                                                                 ; Program_Counter:U_PC|pc_reg[29]            ; clk          ; clk         ; 1.000        ; -0.064     ; 2.425      ;
; -1.493 ; Program_Counter:U_PC|pc_reg[3]                                                                                 ; Program_Counter:U_PC|pc_reg[27]            ; clk          ; clk         ; 1.000        ; -0.064     ; 2.424      ;
; -1.490 ; Program_Counter:U_PC|pc_reg[7]                                                                                 ; Program_Counter:U_PC|pc_reg[31]            ; clk          ; clk         ; 1.000        ; -0.064     ; 2.421      ;
; -1.464 ; Program_Counter:U_PC|pc_reg[4]                                                                                 ; Program_Counter:U_PC|pc_reg[28]            ; clk          ; clk         ; 1.000        ; -0.064     ; 2.395      ;
; -1.446 ; Program_Counter:U_PC|pc_reg[6]                                                                                 ; Program_Counter:U_PC|pc_reg[30]            ; clk          ; clk         ; 1.000        ; -0.064     ; 2.377      ;
; -1.440 ; Program_Counter:U_PC|pc_reg[2]                                                                                 ; Program_Counter:U_PC|pc_reg[26]            ; clk          ; clk         ; 1.000        ; -0.064     ; 2.371      ;
; -1.438 ; Program_Counter:U_PC|pc_reg[4]                                                                                 ; Program_Counter:U_PC|pc_reg[27]            ; clk          ; clk         ; 1.000        ; -0.064     ; 2.369      ;
; -1.423 ; Program_Counter:U_PC|pc_reg[8]                                                                                 ; Program_Counter:U_PC|pc_reg[31]            ; clk          ; clk         ; 1.000        ; -0.064     ; 2.354      ;
; -1.421 ; Program_Counter:U_PC|pc_reg[2]                                                                                 ; Program_Counter:U_PC|pc_reg[25]            ; clk          ; clk         ; 1.000        ; -0.064     ; 2.352      ;
; -1.421 ; Program_Counter:U_PC|pc_reg[6]                                                                                 ; Program_Counter:U_PC|pc_reg[29]            ; clk          ; clk         ; 1.000        ; -0.064     ; 2.352      ;
; -1.412 ; Program_Counter:U_PC|pc_reg[5]                                                                                 ; Program_Counter:U_PC|pc_reg[26]            ; clk          ; clk         ; 1.000        ; -0.064     ; 2.343      ;
; -1.411 ; Program_Counter:U_PC|pc_reg[3]                                                                                 ; Program_Counter:U_PC|pc_reg[24]            ; clk          ; clk         ; 1.000        ; -0.064     ; 2.342      ;
; -1.411 ; Program_Counter:U_PC|pc_reg[9]                                                                                 ; Program_Counter:U_PC|pc_reg[30]            ; clk          ; clk         ; 1.000        ; -0.064     ; 2.342      ;
; -1.408 ; Program_Counter:U_PC|pc_reg[7]                                                                                 ; Program_Counter:U_PC|pc_reg[28]            ; clk          ; clk         ; 1.000        ; -0.064     ; 2.339      ;
; -1.394 ; Program_Counter:U_PC|pc_reg[5]                                                                                 ; Program_Counter:U_PC|pc_reg[27]            ; clk          ; clk         ; 1.000        ; -0.064     ; 2.325      ;
; -1.393 ; Program_Counter:U_PC|pc_reg[9]                                                                                 ; Program_Counter:U_PC|pc_reg[31]            ; clk          ; clk         ; 1.000        ; -0.064     ; 2.324      ;
; -1.393 ; Program_Counter:U_PC|pc_reg[3]                                                                                 ; Program_Counter:U_PC|pc_reg[25]            ; clk          ; clk         ; 1.000        ; -0.064     ; 2.324      ;
; -1.390 ; Program_Counter:U_PC|pc_reg[7]                                                                                 ; Program_Counter:U_PC|pc_reg[29]            ; clk          ; clk         ; 1.000        ; -0.064     ; 2.321      ;
; -1.364 ; Program_Counter:U_PC|pc_reg[4]                                                                                 ; Program_Counter:U_PC|pc_reg[26]            ; clk          ; clk         ; 1.000        ; -0.064     ; 2.295      ;
; -1.346 ; Program_Counter:U_PC|pc_reg[6]                                                                                 ; Program_Counter:U_PC|pc_reg[28]            ; clk          ; clk         ; 1.000        ; -0.064     ; 2.277      ;
; -1.341 ; Program_Counter:U_PC|pc_reg[8]                                                                                 ; Program_Counter:U_PC|pc_reg[30]            ; clk          ; clk         ; 1.000        ; -0.064     ; 2.272      ;
; -1.340 ; Program_Counter:U_PC|pc_reg[2]                                                                                 ; Program_Counter:U_PC|pc_reg[24]            ; clk          ; clk         ; 1.000        ; -0.064     ; 2.271      ;
; -1.338 ; Program_Counter:U_PC|pc_reg[4]                                                                                 ; Program_Counter:U_PC|pc_reg[25]            ; clk          ; clk         ; 1.000        ; -0.064     ; 2.269      ;
; -1.323 ; Program_Counter:U_PC|pc_reg[10]                                                                                ; Program_Counter:U_PC|pc_reg[31]            ; clk          ; clk         ; 1.000        ; -0.064     ; 2.254      ;
; -1.323 ; Program_Counter:U_PC|pc_reg[8]                                                                                 ; Program_Counter:U_PC|pc_reg[29]            ; clk          ; clk         ; 1.000        ; -0.064     ; 2.254      ;
; -1.321 ; Program_Counter:U_PC|pc_reg[2]                                                                                 ; Program_Counter:U_PC|pc_reg[23]            ; clk          ; clk         ; 1.000        ; -0.064     ; 2.252      ;
; -1.321 ; Program_Counter:U_PC|pc_reg[6]                                                                                 ; Program_Counter:U_PC|pc_reg[27]            ; clk          ; clk         ; 1.000        ; -0.064     ; 2.252      ;
; -1.312 ; Program_Counter:U_PC|pc_reg[11]                                                                                ; Program_Counter:U_PC|pc_reg[30]            ; clk          ; clk         ; 1.000        ; -0.064     ; 2.243      ;
; -1.312 ; Program_Counter:U_PC|pc_reg[5]                                                                                 ; Program_Counter:U_PC|pc_reg[24]            ; clk          ; clk         ; 1.000        ; -0.064     ; 2.243      ;
; -1.311 ; Program_Counter:U_PC|pc_reg[3]                                                                                 ; Program_Counter:U_PC|pc_reg[22]            ; clk          ; clk         ; 1.000        ; -0.064     ; 2.242      ;
; -1.311 ; Program_Counter:U_PC|pc_reg[9]                                                                                 ; Program_Counter:U_PC|pc_reg[28]            ; clk          ; clk         ; 1.000        ; -0.064     ; 2.242      ;
; -1.308 ; Program_Counter:U_PC|pc_reg[7]                                                                                 ; Program_Counter:U_PC|pc_reg[26]            ; clk          ; clk         ; 1.000        ; -0.064     ; 2.239      ;
; -1.294 ; Program_Counter:U_PC|pc_reg[11]                                                                                ; Program_Counter:U_PC|pc_reg[31]            ; clk          ; clk         ; 1.000        ; -0.064     ; 2.225      ;
; -1.294 ; Program_Counter:U_PC|pc_reg[5]                                                                                 ; Program_Counter:U_PC|pc_reg[25]            ; clk          ; clk         ; 1.000        ; -0.064     ; 2.225      ;
; -1.293 ; Program_Counter:U_PC|pc_reg[9]                                                                                 ; Program_Counter:U_PC|pc_reg[29]            ; clk          ; clk         ; 1.000        ; -0.064     ; 2.224      ;
; -1.293 ; Program_Counter:U_PC|pc_reg[3]                                                                                 ; Program_Counter:U_PC|pc_reg[23]            ; clk          ; clk         ; 1.000        ; -0.064     ; 2.224      ;
; -1.290 ; Program_Counter:U_PC|pc_reg[7]                                                                                 ; Program_Counter:U_PC|pc_reg[27]            ; clk          ; clk         ; 1.000        ; -0.064     ; 2.221      ;
; -1.264 ; Program_Counter:U_PC|pc_reg[4]                                                                                 ; Program_Counter:U_PC|pc_reg[24]            ; clk          ; clk         ; 1.000        ; -0.064     ; 2.195      ;
; -1.246 ; Program_Counter:U_PC|pc_reg[6]                                                                                 ; Program_Counter:U_PC|pc_reg[26]            ; clk          ; clk         ; 1.000        ; -0.064     ; 2.177      ;
; -1.242 ; Program_Counter:U_PC|pc_reg[10]                                                                                ; Program_Counter:U_PC|pc_reg[30]            ; clk          ; clk         ; 1.000        ; -0.064     ; 2.173      ;
; -1.241 ; Program_Counter:U_PC|pc_reg[8]                                                                                 ; Program_Counter:U_PC|pc_reg[28]            ; clk          ; clk         ; 1.000        ; -0.064     ; 2.172      ;
; -1.240 ; Program_Counter:U_PC|pc_reg[2]                                                                                 ; Program_Counter:U_PC|pc_reg[22]            ; clk          ; clk         ; 1.000        ; -0.064     ; 2.171      ;
; -1.238 ; Program_Counter:U_PC|pc_reg[4]                                                                                 ; Program_Counter:U_PC|pc_reg[23]            ; clk          ; clk         ; 1.000        ; -0.064     ; 2.169      ;
; -1.223 ; Program_Counter:U_PC|pc_reg[10]                                                                                ; Program_Counter:U_PC|pc_reg[29]            ; clk          ; clk         ; 1.000        ; -0.064     ; 2.154      ;
; -1.223 ; Program_Counter:U_PC|pc_reg[8]                                                                                 ; Program_Counter:U_PC|pc_reg[27]            ; clk          ; clk         ; 1.000        ; -0.064     ; 2.154      ;
; -1.221 ; Program_Counter:U_PC|pc_reg[2]                                                                                 ; Program_Counter:U_PC|pc_reg[21]            ; clk          ; clk         ; 1.000        ; -0.064     ; 2.152      ;
; -1.221 ; Program_Counter:U_PC|pc_reg[12]                                                                                ; Program_Counter:U_PC|pc_reg[31]            ; clk          ; clk         ; 1.000        ; -0.064     ; 2.152      ;
; -1.221 ; Program_Counter:U_PC|pc_reg[6]                                                                                 ; Program_Counter:U_PC|pc_reg[25]            ; clk          ; clk         ; 1.000        ; -0.064     ; 2.152      ;
; -1.212 ; Program_Counter:U_PC|pc_reg[13]                                                                                ; Program_Counter:U_PC|pc_reg[30]            ; clk          ; clk         ; 1.000        ; -0.064     ; 2.143      ;
; -1.212 ; Program_Counter:U_PC|pc_reg[11]                                                                                ; Program_Counter:U_PC|pc_reg[28]            ; clk          ; clk         ; 1.000        ; -0.064     ; 2.143      ;
+--------+----------------------------------------------------------------------------------------------------------------+--------------------------------------------+--------------+-------------+--------------+------------+------------+


+--------------------------------------------------------------------------------------------------------------------------------------------------------------------------------------------------------------------------------+
; Slow 1200mV 0C Model Hold: 'clk'                                                                                                                                                                                               ;
+-------+---------------------------------+----------------------------------------------------------------------------------------------------------------+--------------+-------------+--------------+------------+------------+
; Slack ; From Node                       ; To Node                                                                                                        ; Launch Clock ; Latch Clock ; Relationship ; Clock Skew ; Data Delay ;
+-------+---------------------------------+----------------------------------------------------------------------------------------------------------------+--------------+-------------+--------------+------------+------------+
; 0.331 ; Program_Counter:U_PC|pc_reg[31] ; Program_Counter:U_PC|pc_reg[31]                                                                                ; clk          ; clk         ; 0.000        ; 0.068      ; 0.543      ;
; 0.472 ; Program_Counter:U_PC|pc_reg[6]  ; Instruction_Memory:U_IMEM|altsyncram:ram_rtl_0|altsyncram_3f81:auto_generated|ram_block1a0~porta_address_reg0  ; clk          ; clk         ; 0.000        ; 0.349      ; 0.990      ;
; 0.489 ; Program_Counter:U_PC|pc_reg[2]  ; Instruction_Memory:U_IMEM|altsyncram:ram_rtl_0|altsyncram_3f81:auto_generated|ram_block1a0~porta_address_reg0  ; clk          ; clk         ; 0.000        ; 0.349      ; 1.007      ;
; 0.501 ; Program_Counter:U_PC|pc_reg[5]  ; Instruction_Memory:U_IMEM|altsyncram:ram_rtl_0|altsyncram_3f81:auto_generated|ram_block1a0~porta_address_reg0  ; clk          ; clk         ; 0.000        ; 0.349      ; 1.019      ;
; 0.505 ; Program_Counter:U_PC|pc_reg[17] ; Program_Counter:U_PC|pc_reg[17]                                                                                ; clk          ; clk         ; 0.000        ; 0.068      ; 0.717      ;
; 0.506 ; Program_Counter:U_PC|pc_reg[3]  ; Program_Counter:U_PC|pc_reg[3]                                                                                 ; clk          ; clk         ; 0.000        ; 0.067      ; 0.717      ;
; 0.506 ; Program_Counter:U_PC|pc_reg[5]  ; Program_Counter:U_PC|pc_reg[5]                                                                                 ; clk          ; clk         ; 0.000        ; 0.067      ; 0.717      ;
; 0.506 ; Program_Counter:U_PC|pc_reg[7]  ; Program_Counter:U_PC|pc_reg[7]                                                                                 ; clk          ; clk         ; 0.000        ; 0.067      ; 0.717      ;
; 0.506 ; Program_Counter:U_PC|pc_reg[15] ; Program_Counter:U_PC|pc_reg[15]                                                                                ; clk          ; clk         ; 0.000        ; 0.067      ; 0.717      ;
; 0.506 ; Program_Counter:U_PC|pc_reg[16] ; Program_Counter:U_PC|pc_reg[16]                                                                                ; clk          ; clk         ; 0.000        ; 0.067      ; 0.717      ;
; 0.506 ; Program_Counter:U_PC|pc_reg[19] ; Program_Counter:U_PC|pc_reg[19]                                                                                ; clk          ; clk         ; 0.000        ; 0.068      ; 0.718      ;
; 0.506 ; Program_Counter:U_PC|pc_reg[21] ; Program_Counter:U_PC|pc_reg[21]                                                                                ; clk          ; clk         ; 0.000        ; 0.068      ; 0.718      ;
; 0.506 ; Program_Counter:U_PC|pc_reg[23] ; Program_Counter:U_PC|pc_reg[23]                                                                                ; clk          ; clk         ; 0.000        ; 0.068      ; 0.718      ;
; 0.507 ; Program_Counter:U_PC|pc_reg[6]  ; Program_Counter:U_PC|pc_reg[6]                                                                                 ; clk          ; clk         ; 0.000        ; 0.067      ; 0.718      ;
; 0.507 ; Program_Counter:U_PC|pc_reg[9]  ; Program_Counter:U_PC|pc_reg[9]                                                                                 ; clk          ; clk         ; 0.000        ; 0.067      ; 0.718      ;
; 0.507 ; Program_Counter:U_PC|pc_reg[11] ; Program_Counter:U_PC|pc_reg[11]                                                                                ; clk          ; clk         ; 0.000        ; 0.067      ; 0.718      ;
; 0.507 ; Program_Counter:U_PC|pc_reg[12] ; Program_Counter:U_PC|pc_reg[12]                                                                                ; clk          ; clk         ; 0.000        ; 0.067      ; 0.718      ;
; 0.507 ; Program_Counter:U_PC|pc_reg[13] ; Program_Counter:U_PC|pc_reg[13]                                                                                ; clk          ; clk         ; 0.000        ; 0.067      ; 0.718      ;
; 0.507 ; Program_Counter:U_PC|pc_reg[14] ; Program_Counter:U_PC|pc_reg[14]                                                                                ; clk          ; clk         ; 0.000        ; 0.067      ; 0.718      ;
; 0.507 ; Program_Counter:U_PC|pc_reg[18] ; Program_Counter:U_PC|pc_reg[18]                                                                                ; clk          ; clk         ; 0.000        ; 0.068      ; 0.719      ;
; 0.507 ; Program_Counter:U_PC|pc_reg[20] ; Program_Counter:U_PC|pc_reg[20]                                                                                ; clk          ; clk         ; 0.000        ; 0.068      ; 0.719      ;
; 0.507 ; Program_Counter:U_PC|pc_reg[22] ; Program_Counter:U_PC|pc_reg[22]                                                                                ; clk          ; clk         ; 0.000        ; 0.068      ; 0.719      ;
; 0.507 ; Program_Counter:U_PC|pc_reg[25] ; Program_Counter:U_PC|pc_reg[25]                                                                                ; clk          ; clk         ; 0.000        ; 0.068      ; 0.719      ;
; 0.507 ; Program_Counter:U_PC|pc_reg[27] ; Program_Counter:U_PC|pc_reg[27]                                                                                ; clk          ; clk         ; 0.000        ; 0.068      ; 0.719      ;
; 0.507 ; Program_Counter:U_PC|pc_reg[28] ; Program_Counter:U_PC|pc_reg[28]                                                                                ; clk          ; clk         ; 0.000        ; 0.068      ; 0.719      ;
; 0.507 ; Program_Counter:U_PC|pc_reg[29] ; Program_Counter:U_PC|pc_reg[29]                                                                                ; clk          ; clk         ; 0.000        ; 0.068      ; 0.719      ;
; 0.507 ; Program_Counter:U_PC|pc_reg[30] ; Program_Counter:U_PC|pc_reg[30]                                                                                ; clk          ; clk         ; 0.000        ; 0.068      ; 0.719      ;
; 0.508 ; Program_Counter:U_PC|pc_reg[3]  ; Instruction_Memory:U_IMEM|altsyncram:ram_rtl_0|altsyncram_3f81:auto_generated|ram_block1a0~porta_address_reg0  ; clk          ; clk         ; 0.000        ; 0.349      ; 1.026      ;
; 0.509 ; Program_Counter:U_PC|pc_reg[8]  ; Program_Counter:U_PC|pc_reg[8]                                                                                 ; clk          ; clk         ; 0.000        ; 0.067      ; 0.720      ;
; 0.509 ; Program_Counter:U_PC|pc_reg[10] ; Program_Counter:U_PC|pc_reg[10]                                                                                ; clk          ; clk         ; 0.000        ; 0.067      ; 0.720      ;
; 0.509 ; Program_Counter:U_PC|pc_reg[24] ; Program_Counter:U_PC|pc_reg[24]                                                                                ; clk          ; clk         ; 0.000        ; 0.068      ; 0.721      ;
; 0.509 ; Program_Counter:U_PC|pc_reg[26] ; Program_Counter:U_PC|pc_reg[26]                                                                                ; clk          ; clk         ; 0.000        ; 0.068      ; 0.721      ;
; 0.515 ; Program_Counter:U_PC|pc_reg[11] ; Instruction_Memory:U_IMEM|altsyncram:ram_rtl_0|altsyncram_3f81:auto_generated|ram_block1a0~porta_address_reg0  ; clk          ; clk         ; 0.000        ; 0.349      ; 1.033      ;
; 0.521 ; Program_Counter:U_PC|pc_reg[8]  ; Instruction_Memory:U_IMEM|altsyncram:ram_rtl_0|altsyncram_3f81:auto_generated|ram_block1a0~porta_address_reg0  ; clk          ; clk         ; 0.000        ; 0.349      ; 1.039      ;
; 0.523 ; Program_Counter:U_PC|pc_reg[2]  ; Program_Counter:U_PC|pc_reg[2]                                                                                 ; clk          ; clk         ; 0.000        ; 0.067      ; 0.734      ;
; 0.524 ; Program_Counter:U_PC|pc_reg[4]  ; Program_Counter:U_PC|pc_reg[4]                                                                                 ; clk          ; clk         ; 0.000        ; 0.067      ; 0.735      ;
; 0.527 ; Program_Counter:U_PC|pc_reg[10] ; Instruction_Memory:U_IMEM|altsyncram:ram_rtl_0|altsyncram_3f81:auto_generated|ram_block1a0~porta_address_reg0  ; clk          ; clk         ; 0.000        ; 0.349      ; 1.045      ;
; 0.648 ; Program_Counter:U_PC|pc_reg[7]  ; Instruction_Memory:U_IMEM|altsyncram:ram_rtl_0|altsyncram_3f81:auto_generated|ram_block1a9~porta_address_reg0  ; clk          ; clk         ; 0.000        ; 0.345      ; 1.162      ;
; 0.659 ; Program_Counter:U_PC|pc_reg[8]  ; Instruction_Memory:U_IMEM|altsyncram:ram_rtl_0|altsyncram_3f81:auto_generated|ram_block1a9~porta_address_reg0  ; clk          ; clk         ; 0.000        ; 0.345      ; 1.173      ;
; 0.702 ; Program_Counter:U_PC|pc_reg[2]  ; Instruction_Memory:U_IMEM|altsyncram:ram_rtl_0|altsyncram_3f81:auto_generated|ram_block1a9~porta_address_reg0  ; clk          ; clk         ; 0.000        ; 0.345      ; 1.216      ;
; 0.710 ; Program_Counter:U_PC|pc_reg[6]  ; Instruction_Memory:U_IMEM|altsyncram:ram_rtl_0|altsyncram_3f81:auto_generated|ram_block1a9~porta_address_reg0  ; clk          ; clk         ; 0.000        ; 0.345      ; 1.224      ;
; 0.725 ; Program_Counter:U_PC|pc_reg[8]  ; Instruction_Memory:U_IMEM|altsyncram:ram_rtl_0|altsyncram_3f81:auto_generated|ram_block1a27~porta_address_reg0 ; clk          ; clk         ; 0.000        ; 0.328      ; 1.222      ;
; 0.727 ; Program_Counter:U_PC|pc_reg[3]  ; Instruction_Memory:U_IMEM|altsyncram:ram_rtl_0|altsyncram_3f81:auto_generated|ram_block1a9~porta_address_reg0  ; clk          ; clk         ; 0.000        ; 0.345      ; 1.241      ;
; 0.734 ; Program_Counter:U_PC|pc_reg[5]  ; Instruction_Memory:U_IMEM|altsyncram:ram_rtl_0|altsyncram_3f81:auto_generated|ram_block1a9~porta_address_reg0  ; clk          ; clk         ; 0.000        ; 0.345      ; 1.248      ;
; 0.741 ; Program_Counter:U_PC|pc_reg[9]  ; Instruction_Memory:U_IMEM|altsyncram:ram_rtl_0|altsyncram_3f81:auto_generated|ram_block1a9~porta_address_reg0  ; clk          ; clk         ; 0.000        ; 0.345      ; 1.255      ;
; 0.743 ; Program_Counter:U_PC|pc_reg[9]  ; Instruction_Memory:U_IMEM|altsyncram:ram_rtl_0|altsyncram_3f81:auto_generated|ram_block1a27~porta_address_reg0 ; clk          ; clk         ; 0.000        ; 0.328      ; 1.240      ;
; 0.746 ; Program_Counter:U_PC|pc_reg[4]  ; Instruction_Memory:U_IMEM|altsyncram:ram_rtl_0|altsyncram_3f81:auto_generated|ram_block1a9~porta_address_reg0  ; clk          ; clk         ; 0.000        ; 0.345      ; 1.260      ;
; 0.750 ; Program_Counter:U_PC|pc_reg[17] ; Program_Counter:U_PC|pc_reg[18]                                                                                ; clk          ; clk         ; 0.000        ; 0.068      ; 0.962      ;
; 0.750 ; Program_Counter:U_PC|pc_reg[7]  ; Program_Counter:U_PC|pc_reg[8]                                                                                 ; clk          ; clk         ; 0.000        ; 0.067      ; 0.961      ;
; 0.750 ; Program_Counter:U_PC|pc_reg[23] ; Program_Counter:U_PC|pc_reg[24]                                                                                ; clk          ; clk         ; 0.000        ; 0.068      ; 0.962      ;
; 0.751 ; Program_Counter:U_PC|pc_reg[15] ; Program_Counter:U_PC|pc_reg[16]                                                                                ; clk          ; clk         ; 0.000        ; 0.067      ; 0.962      ;
; 0.751 ; Program_Counter:U_PC|pc_reg[5]  ; Program_Counter:U_PC|pc_reg[6]                                                                                 ; clk          ; clk         ; 0.000        ; 0.067      ; 0.962      ;
; 0.751 ; Program_Counter:U_PC|pc_reg[19] ; Program_Counter:U_PC|pc_reg[20]                                                                                ; clk          ; clk         ; 0.000        ; 0.068      ; 0.963      ;
; 0.751 ; Program_Counter:U_PC|pc_reg[21] ; Program_Counter:U_PC|pc_reg[22]                                                                                ; clk          ; clk         ; 0.000        ; 0.068      ; 0.963      ;
; 0.751 ; Program_Counter:U_PC|pc_reg[16] ; Program_Counter:U_PC|pc_reg[17]                                                                                ; clk          ; clk         ; 0.000        ; 0.071      ; 0.966      ;
; 0.751 ; Program_Counter:U_PC|pc_reg[3]  ; Program_Counter:U_PC|pc_reg[4]                                                                                 ; clk          ; clk         ; 0.000        ; 0.067      ; 0.962      ;
; 0.752 ; Program_Counter:U_PC|pc_reg[11] ; Program_Counter:U_PC|pc_reg[12]                                                                                ; clk          ; clk         ; 0.000        ; 0.067      ; 0.963      ;
; 0.752 ; Program_Counter:U_PC|pc_reg[13] ; Program_Counter:U_PC|pc_reg[14]                                                                                ; clk          ; clk         ; 0.000        ; 0.067      ; 0.963      ;
; 0.752 ; Program_Counter:U_PC|pc_reg[27] ; Program_Counter:U_PC|pc_reg[28]                                                                                ; clk          ; clk         ; 0.000        ; 0.068      ; 0.964      ;
; 0.752 ; Program_Counter:U_PC|pc_reg[29] ; Program_Counter:U_PC|pc_reg[30]                                                                                ; clk          ; clk         ; 0.000        ; 0.068      ; 0.964      ;
; 0.752 ; Program_Counter:U_PC|pc_reg[9]  ; Program_Counter:U_PC|pc_reg[10]                                                                                ; clk          ; clk         ; 0.000        ; 0.067      ; 0.963      ;
; 0.752 ; Program_Counter:U_PC|pc_reg[25] ; Program_Counter:U_PC|pc_reg[26]                                                                                ; clk          ; clk         ; 0.000        ; 0.068      ; 0.964      ;
; 0.756 ; Program_Counter:U_PC|pc_reg[30] ; Program_Counter:U_PC|pc_reg[31]                                                                                ; clk          ; clk         ; 0.000        ; 0.068      ; 0.968      ;
; 0.756 ; Program_Counter:U_PC|pc_reg[6]  ; Program_Counter:U_PC|pc_reg[7]                                                                                 ; clk          ; clk         ; 0.000        ; 0.067      ; 0.967      ;
; 0.756 ; Program_Counter:U_PC|pc_reg[22] ; Program_Counter:U_PC|pc_reg[23]                                                                                ; clk          ; clk         ; 0.000        ; 0.068      ; 0.968      ;
; 0.756 ; Program_Counter:U_PC|pc_reg[2]  ; Program_Counter:U_PC|pc_reg[3]                                                                                 ; clk          ; clk         ; 0.000        ; 0.067      ; 0.967      ;
; 0.756 ; Program_Counter:U_PC|pc_reg[14] ; Program_Counter:U_PC|pc_reg[15]                                                                                ; clk          ; clk         ; 0.000        ; 0.067      ; 0.967      ;
; 0.756 ; Program_Counter:U_PC|pc_reg[18] ; Program_Counter:U_PC|pc_reg[19]                                                                                ; clk          ; clk         ; 0.000        ; 0.068      ; 0.968      ;
; 0.756 ; Program_Counter:U_PC|pc_reg[20] ; Program_Counter:U_PC|pc_reg[21]                                                                                ; clk          ; clk         ; 0.000        ; 0.068      ; 0.968      ;
; 0.756 ; Program_Counter:U_PC|pc_reg[12] ; Program_Counter:U_PC|pc_reg[13]                                                                                ; clk          ; clk         ; 0.000        ; 0.067      ; 0.967      ;
; 0.756 ; Program_Counter:U_PC|pc_reg[28] ; Program_Counter:U_PC|pc_reg[29]                                                                                ; clk          ; clk         ; 0.000        ; 0.068      ; 0.968      ;
; 0.758 ; Program_Counter:U_PC|pc_reg[8]  ; Program_Counter:U_PC|pc_reg[9]                                                                                 ; clk          ; clk         ; 0.000        ; 0.067      ; 0.969      ;
; 0.758 ; Program_Counter:U_PC|pc_reg[10] ; Program_Counter:U_PC|pc_reg[11]                                                                                ; clk          ; clk         ; 0.000        ; 0.067      ; 0.969      ;
; 0.758 ; Program_Counter:U_PC|pc_reg[24] ; Program_Counter:U_PC|pc_reg[25]                                                                                ; clk          ; clk         ; 0.000        ; 0.068      ; 0.970      ;
; 0.758 ; Program_Counter:U_PC|pc_reg[26] ; Program_Counter:U_PC|pc_reg[27]                                                                                ; clk          ; clk         ; 0.000        ; 0.068      ; 0.970      ;
; 0.758 ; Program_Counter:U_PC|pc_reg[16] ; Program_Counter:U_PC|pc_reg[18]                                                                                ; clk          ; clk         ; 0.000        ; 0.071      ; 0.973      ;
; 0.760 ; Program_Counter:U_PC|pc_reg[2]  ; Instruction_Memory:U_IMEM|altsyncram:ram_rtl_0|altsyncram_3f81:auto_generated|ram_block1a27~porta_address_reg0 ; clk          ; clk         ; 0.000        ; 0.328      ; 1.257      ;
; 0.763 ; Program_Counter:U_PC|pc_reg[6]  ; Program_Counter:U_PC|pc_reg[8]                                                                                 ; clk          ; clk         ; 0.000        ; 0.067      ; 0.974      ;
; 0.763 ; Program_Counter:U_PC|pc_reg[22] ; Program_Counter:U_PC|pc_reg[24]                                                                                ; clk          ; clk         ; 0.000        ; 0.068      ; 0.975      ;
; 0.763 ; Program_Counter:U_PC|pc_reg[14] ; Program_Counter:U_PC|pc_reg[16]                                                                                ; clk          ; clk         ; 0.000        ; 0.067      ; 0.974      ;
; 0.763 ; Program_Counter:U_PC|pc_reg[18] ; Program_Counter:U_PC|pc_reg[20]                                                                                ; clk          ; clk         ; 0.000        ; 0.068      ; 0.975      ;
; 0.763 ; Program_Counter:U_PC|pc_reg[20] ; Program_Counter:U_PC|pc_reg[22]                                                                                ; clk          ; clk         ; 0.000        ; 0.068      ; 0.975      ;
; 0.763 ; Program_Counter:U_PC|pc_reg[2]  ; Program_Counter:U_PC|pc_reg[4]                                                                                 ; clk          ; clk         ; 0.000        ; 0.067      ; 0.974      ;
; 0.763 ; Program_Counter:U_PC|pc_reg[12] ; Program_Counter:U_PC|pc_reg[14]                                                                                ; clk          ; clk         ; 0.000        ; 0.067      ; 0.974      ;
; 0.763 ; Program_Counter:U_PC|pc_reg[28] ; Program_Counter:U_PC|pc_reg[30]                                                                                ; clk          ; clk         ; 0.000        ; 0.068      ; 0.975      ;
; 0.764 ; Program_Counter:U_PC|pc_reg[6]  ; Instruction_Memory:U_IMEM|altsyncram:ram_rtl_0|altsyncram_3f81:auto_generated|ram_block1a27~porta_address_reg0 ; clk          ; clk         ; 0.000        ; 0.328      ; 1.261      ;
; 0.765 ; Program_Counter:U_PC|pc_reg[10] ; Program_Counter:U_PC|pc_reg[12]                                                                                ; clk          ; clk         ; 0.000        ; 0.067      ; 0.976      ;
; 0.765 ; Program_Counter:U_PC|pc_reg[26] ; Program_Counter:U_PC|pc_reg[28]                                                                                ; clk          ; clk         ; 0.000        ; 0.068      ; 0.977      ;
; 0.765 ; Program_Counter:U_PC|pc_reg[8]  ; Program_Counter:U_PC|pc_reg[10]                                                                                ; clk          ; clk         ; 0.000        ; 0.067      ; 0.976      ;
; 0.765 ; Program_Counter:U_PC|pc_reg[24] ; Program_Counter:U_PC|pc_reg[26]                                                                                ; clk          ; clk         ; 0.000        ; 0.068      ; 0.977      ;
; 0.773 ; Program_Counter:U_PC|pc_reg[4]  ; Program_Counter:U_PC|pc_reg[5]                                                                                 ; clk          ; clk         ; 0.000        ; 0.067      ; 0.984      ;
; 0.780 ; Program_Counter:U_PC|pc_reg[4]  ; Program_Counter:U_PC|pc_reg[6]                                                                                 ; clk          ; clk         ; 0.000        ; 0.067      ; 0.991      ;
; 0.836 ; Program_Counter:U_PC|pc_reg[15] ; Program_Counter:U_PC|pc_reg[17]                                                                                ; clk          ; clk         ; 0.000        ; 0.071      ; 1.051      ;
; 0.839 ; Program_Counter:U_PC|pc_reg[17] ; Program_Counter:U_PC|pc_reg[19]                                                                                ; clk          ; clk         ; 0.000        ; 0.068      ; 1.051      ;
; 0.839 ; Program_Counter:U_PC|pc_reg[7]  ; Program_Counter:U_PC|pc_reg[9]                                                                                 ; clk          ; clk         ; 0.000        ; 0.067      ; 1.050      ;
; 0.839 ; Program_Counter:U_PC|pc_reg[23] ; Program_Counter:U_PC|pc_reg[25]                                                                                ; clk          ; clk         ; 0.000        ; 0.068      ; 1.051      ;
; 0.840 ; Program_Counter:U_PC|pc_reg[5]  ; Program_Counter:U_PC|pc_reg[7]                                                                                 ; clk          ; clk         ; 0.000        ; 0.067      ; 1.051      ;
; 0.840 ; Program_Counter:U_PC|pc_reg[21] ; Program_Counter:U_PC|pc_reg[23]                                                                                ; clk          ; clk         ; 0.000        ; 0.068      ; 1.052      ;
; 0.840 ; Program_Counter:U_PC|pc_reg[19] ; Program_Counter:U_PC|pc_reg[21]                                                                                ; clk          ; clk         ; 0.000        ; 0.068      ; 1.052      ;
; 0.840 ; Program_Counter:U_PC|pc_reg[3]  ; Program_Counter:U_PC|pc_reg[5]                                                                                 ; clk          ; clk         ; 0.000        ; 0.067      ; 1.051      ;
+-------+---------------------------------+----------------------------------------------------------------------------------------------------------------+--------------+-------------+--------------+------------+------------+


+------------------------------------------------------------------------------------------------------------------------------------------------------------------------------------------------+
; Slow 1200mV 0C Model Minimum Pulse Width: 'clk'                                                                                                                                                ;
+--------+--------------+----------------+-----------------+-------+------------+----------------------------------------------------------------------------------------------------------------+
; Slack  ; Actual Width ; Required Width ; Type            ; Clock ; Clock Edge ; Target                                                                                                         ;
+--------+--------------+----------------+-----------------+-------+------------+----------------------------------------------------------------------------------------------------------------+
; -3.000 ; 1.000        ; 4.000          ; Port Rate       ; clk   ; Rise       ; clk                                                                                                            ;
; -2.174 ; 1.000        ; 3.174          ; Min Period      ; clk   ; Rise       ; Instruction_Memory:U_IMEM|altsyncram:ram_rtl_0|altsyncram_3f81:auto_generated|ram_block1a0~porta_address_reg0  ;
; -2.174 ; 1.000        ; 3.174          ; Min Period      ; clk   ; Rise       ; Instruction_Memory:U_IMEM|altsyncram:ram_rtl_0|altsyncram_3f81:auto_generated|ram_block1a18~porta_address_reg0 ;
; -2.174 ; 1.000        ; 3.174          ; Min Period      ; clk   ; Rise       ; Instruction_Memory:U_IMEM|altsyncram:ram_rtl_0|altsyncram_3f81:auto_generated|ram_block1a27~porta_address_reg0 ;
; -2.174 ; 1.000        ; 3.174          ; Min Period      ; clk   ; Rise       ; Instruction_Memory:U_IMEM|altsyncram:ram_rtl_0|altsyncram_3f81:auto_generated|ram_block1a9~porta_address_reg0  ;
; -1.000 ; 1.000        ; 2.000          ; Min Period      ; clk   ; Rise       ; IF_ID_Register:U_IF_ID|instruction_out[0]                                                                      ;
; -1.000 ; 1.000        ; 2.000          ; Min Period      ; clk   ; Rise       ; IF_ID_Register:U_IF_ID|instruction_out[10]                                                                     ;
; -1.000 ; 1.000        ; 2.000          ; Min Period      ; clk   ; Rise       ; IF_ID_Register:U_IF_ID|instruction_out[11]                                                                     ;
; -1.000 ; 1.000        ; 2.000          ; Min Period      ; clk   ; Rise       ; IF_ID_Register:U_IF_ID|instruction_out[12]                                                                     ;
; -1.000 ; 1.000        ; 2.000          ; Min Period      ; clk   ; Rise       ; IF_ID_Register:U_IF_ID|instruction_out[13]                                                                     ;
; -1.000 ; 1.000        ; 2.000          ; Min Period      ; clk   ; Rise       ; IF_ID_Register:U_IF_ID|instruction_out[14]                                                                     ;
; -1.000 ; 1.000        ; 2.000          ; Min Period      ; clk   ; Rise       ; IF_ID_Register:U_IF_ID|instruction_out[15]                                                                     ;
; -1.000 ; 1.000        ; 2.000          ; Min Period      ; clk   ; Rise       ; IF_ID_Register:U_IF_ID|instruction_out[16]                                                                     ;
; -1.000 ; 1.000        ; 2.000          ; Min Period      ; clk   ; Rise       ; IF_ID_Register:U_IF_ID|instruction_out[17]                                                                     ;
; -1.000 ; 1.000        ; 2.000          ; Min Period      ; clk   ; Rise       ; IF_ID_Register:U_IF_ID|instruction_out[18]                                                                     ;
; -1.000 ; 1.000        ; 2.000          ; Min Period      ; clk   ; Rise       ; IF_ID_Register:U_IF_ID|instruction_out[19]                                                                     ;
; -1.000 ; 1.000        ; 2.000          ; Min Period      ; clk   ; Rise       ; IF_ID_Register:U_IF_ID|instruction_out[1]                                                                      ;
; -1.000 ; 1.000        ; 2.000          ; Min Period      ; clk   ; Rise       ; IF_ID_Register:U_IF_ID|instruction_out[20]                                                                     ;
; -1.000 ; 1.000        ; 2.000          ; Min Period      ; clk   ; Rise       ; IF_ID_Register:U_IF_ID|instruction_out[21]                                                                     ;
; -1.000 ; 1.000        ; 2.000          ; Min Period      ; clk   ; Rise       ; IF_ID_Register:U_IF_ID|instruction_out[22]                                                                     ;
; -1.000 ; 1.000        ; 2.000          ; Min Period      ; clk   ; Rise       ; IF_ID_Register:U_IF_ID|instruction_out[23]                                                                     ;
; -1.000 ; 1.000        ; 2.000          ; Min Period      ; clk   ; Rise       ; IF_ID_Register:U_IF_ID|instruction_out[24]                                                                     ;
; -1.000 ; 1.000        ; 2.000          ; Min Period      ; clk   ; Rise       ; IF_ID_Register:U_IF_ID|instruction_out[25]                                                                     ;
; -1.000 ; 1.000        ; 2.000          ; Min Period      ; clk   ; Rise       ; IF_ID_Register:U_IF_ID|instruction_out[26]                                                                     ;
; -1.000 ; 1.000        ; 2.000          ; Min Period      ; clk   ; Rise       ; IF_ID_Register:U_IF_ID|instruction_out[27]                                                                     ;
; -1.000 ; 1.000        ; 2.000          ; Min Period      ; clk   ; Rise       ; IF_ID_Register:U_IF_ID|instruction_out[28]                                                                     ;
; -1.000 ; 1.000        ; 2.000          ; Min Period      ; clk   ; Rise       ; IF_ID_Register:U_IF_ID|instruction_out[29]                                                                     ;
; -1.000 ; 1.000        ; 2.000          ; Min Period      ; clk   ; Rise       ; IF_ID_Register:U_IF_ID|instruction_out[2]                                                                      ;
; -1.000 ; 1.000        ; 2.000          ; Min Period      ; clk   ; Rise       ; IF_ID_Register:U_IF_ID|instruction_out[30]                                                                     ;
; -1.000 ; 1.000        ; 2.000          ; Min Period      ; clk   ; Rise       ; IF_ID_Register:U_IF_ID|instruction_out[31]                                                                     ;
; -1.000 ; 1.000        ; 2.000          ; Min Period      ; clk   ; Rise       ; IF_ID_Register:U_IF_ID|instruction_out[3]                                                                      ;
; -1.000 ; 1.000        ; 2.000          ; Min Period      ; clk   ; Rise       ; IF_ID_Register:U_IF_ID|instruction_out[4]                                                                      ;
; -1.000 ; 1.000        ; 2.000          ; Min Period      ; clk   ; Rise       ; IF_ID_Register:U_IF_ID|instruction_out[5]                                                                      ;
; -1.000 ; 1.000        ; 2.000          ; Min Period      ; clk   ; Rise       ; IF_ID_Register:U_IF_ID|instruction_out[6]                                                                      ;
; -1.000 ; 1.000        ; 2.000          ; Min Period      ; clk   ; Rise       ; IF_ID_Register:U_IF_ID|instruction_out[7]                                                                      ;
; -1.000 ; 1.000        ; 2.000          ; Min Period      ; clk   ; Rise       ; IF_ID_Register:U_IF_ID|instruction_out[8]                                                                      ;
; -1.000 ; 1.000        ; 2.000          ; Min Period      ; clk   ; Rise       ; IF_ID_Register:U_IF_ID|instruction_out[9]                                                                      ;
; -1.000 ; 1.000        ; 2.000          ; Min Period      ; clk   ; Rise       ; Program_Counter:U_PC|pc_reg[10]                                                                                ;
; -1.000 ; 1.000        ; 2.000          ; Min Period      ; clk   ; Rise       ; Program_Counter:U_PC|pc_reg[11]                                                                                ;
; -1.000 ; 1.000        ; 2.000          ; Min Period      ; clk   ; Rise       ; Program_Counter:U_PC|pc_reg[12]                                                                                ;
; -1.000 ; 1.000        ; 2.000          ; Min Period      ; clk   ; Rise       ; Program_Counter:U_PC|pc_reg[13]                                                                                ;
; -1.000 ; 1.000        ; 2.000          ; Min Period      ; clk   ; Rise       ; Program_Counter:U_PC|pc_reg[14]                                                                                ;
; -1.000 ; 1.000        ; 2.000          ; Min Period      ; clk   ; Rise       ; Program_Counter:U_PC|pc_reg[15]                                                                                ;
; -1.000 ; 1.000        ; 2.000          ; Min Period      ; clk   ; Rise       ; Program_Counter:U_PC|pc_reg[16]                                                                                ;
; -1.000 ; 1.000        ; 2.000          ; Min Period      ; clk   ; Rise       ; Program_Counter:U_PC|pc_reg[17]                                                                                ;
; -1.000 ; 1.000        ; 2.000          ; Min Period      ; clk   ; Rise       ; Program_Counter:U_PC|pc_reg[18]                                                                                ;
; -1.000 ; 1.000        ; 2.000          ; Min Period      ; clk   ; Rise       ; Program_Counter:U_PC|pc_reg[19]                                                                                ;
; -1.000 ; 1.000        ; 2.000          ; Min Period      ; clk   ; Rise       ; Program_Counter:U_PC|pc_reg[20]                                                                                ;
; -1.000 ; 1.000        ; 2.000          ; Min Period      ; clk   ; Rise       ; Program_Counter:U_PC|pc_reg[21]                                                                                ;
; -1.000 ; 1.000        ; 2.000          ; Min Period      ; clk   ; Rise       ; Program_Counter:U_PC|pc_reg[22]                                                                                ;
; -1.000 ; 1.000        ; 2.000          ; Min Period      ; clk   ; Rise       ; Program_Counter:U_PC|pc_reg[23]                                                                                ;
; -1.000 ; 1.000        ; 2.000          ; Min Period      ; clk   ; Rise       ; Program_Counter:U_PC|pc_reg[24]                                                                                ;
; -1.000 ; 1.000        ; 2.000          ; Min Period      ; clk   ; Rise       ; Program_Counter:U_PC|pc_reg[25]                                                                                ;
; -1.000 ; 1.000        ; 2.000          ; Min Period      ; clk   ; Rise       ; Program_Counter:U_PC|pc_reg[26]                                                                                ;
; -1.000 ; 1.000        ; 2.000          ; Min Period      ; clk   ; Rise       ; Program_Counter:U_PC|pc_reg[27]                                                                                ;
; -1.000 ; 1.000        ; 2.000          ; Min Period      ; clk   ; Rise       ; Program_Counter:U_PC|pc_reg[28]                                                                                ;
; -1.000 ; 1.000        ; 2.000          ; Min Period      ; clk   ; Rise       ; Program_Counter:U_PC|pc_reg[29]                                                                                ;
; -1.000 ; 1.000        ; 2.000          ; Min Period      ; clk   ; Rise       ; Program_Counter:U_PC|pc_reg[2]                                                                                 ;
; -1.000 ; 1.000        ; 2.000          ; Min Period      ; clk   ; Rise       ; Program_Counter:U_PC|pc_reg[30]                                                                                ;
; -1.000 ; 1.000        ; 2.000          ; Min Period      ; clk   ; Rise       ; Program_Counter:U_PC|pc_reg[31]                                                                                ;
; -1.000 ; 1.000        ; 2.000          ; Min Period      ; clk   ; Rise       ; Program_Counter:U_PC|pc_reg[3]                                                                                 ;
; -1.000 ; 1.000        ; 2.000          ; Min Period      ; clk   ; Rise       ; Program_Counter:U_PC|pc_reg[4]                                                                                 ;
; -1.000 ; 1.000        ; 2.000          ; Min Period      ; clk   ; Rise       ; Program_Counter:U_PC|pc_reg[5]                                                                                 ;
; -1.000 ; 1.000        ; 2.000          ; Min Period      ; clk   ; Rise       ; Program_Counter:U_PC|pc_reg[6]                                                                                 ;
; -1.000 ; 1.000        ; 2.000          ; Min Period      ; clk   ; Rise       ; Program_Counter:U_PC|pc_reg[7]                                                                                 ;
; -1.000 ; 1.000        ; 2.000          ; Min Period      ; clk   ; Rise       ; Program_Counter:U_PC|pc_reg[8]                                                                                 ;
; -1.000 ; 1.000        ; 2.000          ; Min Period      ; clk   ; Rise       ; Program_Counter:U_PC|pc_reg[9]                                                                                 ;
; 0.158  ; 0.388        ; 0.230          ; Low Pulse Width ; clk   ; Rise       ; Instruction_Memory:U_IMEM|altsyncram:ram_rtl_0|altsyncram_3f81:auto_generated|ram_block1a27~porta_address_reg0 ;
; 0.160  ; 0.390        ; 0.230          ; Low Pulse Width ; clk   ; Rise       ; Instruction_Memory:U_IMEM|altsyncram:ram_rtl_0|altsyncram_3f81:auto_generated|ram_block1a18~porta_address_reg0 ;
; 0.161  ; 0.391        ; 0.230          ; Low Pulse Width ; clk   ; Rise       ; Instruction_Memory:U_IMEM|altsyncram:ram_rtl_0|altsyncram_3f81:auto_generated|ram_block1a0~porta_address_reg0  ;
; 0.161  ; 0.391        ; 0.230          ; Low Pulse Width ; clk   ; Rise       ; Instruction_Memory:U_IMEM|altsyncram:ram_rtl_0|altsyncram_3f81:auto_generated|ram_block1a9~porta_address_reg0  ;
; 0.262  ; 0.446        ; 0.184          ; Low Pulse Width ; clk   ; Rise       ; IF_ID_Register:U_IF_ID|instruction_out[27]                                                                     ;
; 0.262  ; 0.446        ; 0.184          ; Low Pulse Width ; clk   ; Rise       ; IF_ID_Register:U_IF_ID|instruction_out[28]                                                                     ;
; 0.262  ; 0.446        ; 0.184          ; Low Pulse Width ; clk   ; Rise       ; IF_ID_Register:U_IF_ID|instruction_out[29]                                                                     ;
; 0.262  ; 0.446        ; 0.184          ; Low Pulse Width ; clk   ; Rise       ; IF_ID_Register:U_IF_ID|instruction_out[30]                                                                     ;
; 0.262  ; 0.446        ; 0.184          ; Low Pulse Width ; clk   ; Rise       ; IF_ID_Register:U_IF_ID|instruction_out[31]                                                                     ;
; 0.263  ; 0.447        ; 0.184          ; Low Pulse Width ; clk   ; Rise       ; IF_ID_Register:U_IF_ID|instruction_out[18]                                                                     ;
; 0.263  ; 0.447        ; 0.184          ; Low Pulse Width ; clk   ; Rise       ; IF_ID_Register:U_IF_ID|instruction_out[19]                                                                     ;
; 0.263  ; 0.447        ; 0.184          ; Low Pulse Width ; clk   ; Rise       ; IF_ID_Register:U_IF_ID|instruction_out[20]                                                                     ;
; 0.263  ; 0.447        ; 0.184          ; Low Pulse Width ; clk   ; Rise       ; IF_ID_Register:U_IF_ID|instruction_out[21]                                                                     ;
; 0.263  ; 0.447        ; 0.184          ; Low Pulse Width ; clk   ; Rise       ; IF_ID_Register:U_IF_ID|instruction_out[22]                                                                     ;
; 0.263  ; 0.447        ; 0.184          ; Low Pulse Width ; clk   ; Rise       ; IF_ID_Register:U_IF_ID|instruction_out[23]                                                                     ;
; 0.263  ; 0.447        ; 0.184          ; Low Pulse Width ; clk   ; Rise       ; IF_ID_Register:U_IF_ID|instruction_out[24]                                                                     ;
; 0.263  ; 0.447        ; 0.184          ; Low Pulse Width ; clk   ; Rise       ; IF_ID_Register:U_IF_ID|instruction_out[25]                                                                     ;
; 0.263  ; 0.447        ; 0.184          ; Low Pulse Width ; clk   ; Rise       ; IF_ID_Register:U_IF_ID|instruction_out[26]                                                                     ;
; 0.265  ; 0.449        ; 0.184          ; Low Pulse Width ; clk   ; Rise       ; IF_ID_Register:U_IF_ID|instruction_out[10]                                                                     ;
; 0.265  ; 0.449        ; 0.184          ; Low Pulse Width ; clk   ; Rise       ; IF_ID_Register:U_IF_ID|instruction_out[11]                                                                     ;
; 0.265  ; 0.449        ; 0.184          ; Low Pulse Width ; clk   ; Rise       ; IF_ID_Register:U_IF_ID|instruction_out[12]                                                                     ;
; 0.265  ; 0.449        ; 0.184          ; Low Pulse Width ; clk   ; Rise       ; IF_ID_Register:U_IF_ID|instruction_out[13]                                                                     ;
; 0.265  ; 0.449        ; 0.184          ; Low Pulse Width ; clk   ; Rise       ; IF_ID_Register:U_IF_ID|instruction_out[14]                                                                     ;
; 0.265  ; 0.449        ; 0.184          ; Low Pulse Width ; clk   ; Rise       ; IF_ID_Register:U_IF_ID|instruction_out[15]                                                                     ;
; 0.265  ; 0.449        ; 0.184          ; Low Pulse Width ; clk   ; Rise       ; IF_ID_Register:U_IF_ID|instruction_out[16]                                                                     ;
; 0.265  ; 0.449        ; 0.184          ; Low Pulse Width ; clk   ; Rise       ; IF_ID_Register:U_IF_ID|instruction_out[17]                                                                     ;
; 0.265  ; 0.449        ; 0.184          ; Low Pulse Width ; clk   ; Rise       ; IF_ID_Register:U_IF_ID|instruction_out[9]                                                                      ;
; 0.267  ; 0.451        ; 0.184          ; Low Pulse Width ; clk   ; Rise       ; IF_ID_Register:U_IF_ID|instruction_out[0]                                                                      ;
; 0.267  ; 0.451        ; 0.184          ; Low Pulse Width ; clk   ; Rise       ; IF_ID_Register:U_IF_ID|instruction_out[1]                                                                      ;
; 0.267  ; 0.451        ; 0.184          ; Low Pulse Width ; clk   ; Rise       ; IF_ID_Register:U_IF_ID|instruction_out[2]                                                                      ;
; 0.267  ; 0.451        ; 0.184          ; Low Pulse Width ; clk   ; Rise       ; IF_ID_Register:U_IF_ID|instruction_out[3]                                                                      ;
; 0.267  ; 0.451        ; 0.184          ; Low Pulse Width ; clk   ; Rise       ; IF_ID_Register:U_IF_ID|instruction_out[4]                                                                      ;
; 0.267  ; 0.451        ; 0.184          ; Low Pulse Width ; clk   ; Rise       ; IF_ID_Register:U_IF_ID|instruction_out[5]                                                                      ;
+--------+--------------+----------------+-----------------+-------+------------+----------------------------------------------------------------------------------------------------------------+


+-----------------------------------------------------------------------+
; Setup Times                                                           ;
+-----------+------------+-------+-------+------------+-----------------+
; Data Port ; Clock Port ; Rise  ; Fall  ; Clock Edge ; Clock Reference ;
+-----------+------------+-------+-------+------------+-----------------+
; rst       ; clk        ; 0.163 ; 0.214 ; Rise       ; clk             ;
+-----------+------------+-------+-------+------------+-----------------+


+-----------------------------------------------------------------------+
; Hold Times                                                            ;
+-----------+------------+-------+-------+------------+-----------------+
; Data Port ; Clock Port ; Rise  ; Fall  ; Clock Edge ; Clock Reference ;
+-----------+------------+-------+-------+------------+-----------------+
; rst       ; clk        ; 0.725 ; 0.671 ; Rise       ; clk             ;
+-----------+------------+-------+-------+------------+-----------------+


+------------------------------------------------------------------------------+
; Clock to Output Times                                                        ;
+------------------+------------+-------+-------+------------+-----------------+
; Data Port        ; Clock Port ; Rise  ; Fall  ; Clock Edge ; Clock Reference ;
+------------------+------------+-------+-------+------------+-----------------+
; instr_debug[*]   ; clk        ; 8.909 ; 8.943 ; Rise       ; clk             ;
;  instr_debug[0]  ; clk        ; 6.777 ; 6.773 ; Rise       ; clk             ;
;  instr_debug[1]  ; clk        ; 6.511 ; 6.514 ; Rise       ; clk             ;
;  instr_debug[2]  ; clk        ; 7.002 ; 6.980 ; Rise       ; clk             ;
;  instr_debug[3]  ; clk        ; 6.549 ; 6.519 ; Rise       ; clk             ;
;  instr_debug[4]  ; clk        ; 6.947 ; 6.928 ; Rise       ; clk             ;
;  instr_debug[5]  ; clk        ; 6.947 ; 6.942 ; Rise       ; clk             ;
;  instr_debug[6]  ; clk        ; 6.717 ; 6.712 ; Rise       ; clk             ;
;  instr_debug[7]  ; clk        ; 6.819 ; 6.831 ; Rise       ; clk             ;
;  instr_debug[8]  ; clk        ; 7.610 ; 7.630 ; Rise       ; clk             ;
;  instr_debug[9]  ; clk        ; 6.783 ; 6.741 ; Rise       ; clk             ;
;  instr_debug[10] ; clk        ; 7.093 ; 7.055 ; Rise       ; clk             ;
;  instr_debug[11] ; clk        ; 7.277 ; 7.262 ; Rise       ; clk             ;
;  instr_debug[12] ; clk        ; 7.523 ; 7.512 ; Rise       ; clk             ;
;  instr_debug[13] ; clk        ; 6.493 ; 6.451 ; Rise       ; clk             ;
;  instr_debug[14] ; clk        ; 6.772 ; 6.732 ; Rise       ; clk             ;
;  instr_debug[15] ; clk        ; 6.501 ; 6.456 ; Rise       ; clk             ;
;  instr_debug[16] ; clk        ; 6.865 ; 6.876 ; Rise       ; clk             ;
;  instr_debug[17] ; clk        ; 6.832 ; 6.802 ; Rise       ; clk             ;
;  instr_debug[18] ; clk        ; 7.172 ; 7.186 ; Rise       ; clk             ;
;  instr_debug[19] ; clk        ; 7.531 ; 7.509 ; Rise       ; clk             ;
;  instr_debug[20] ; clk        ; 8.909 ; 8.943 ; Rise       ; clk             ;
;  instr_debug[21] ; clk        ; 6.936 ; 6.898 ; Rise       ; clk             ;
;  instr_debug[22] ; clk        ; 6.725 ; 6.683 ; Rise       ; clk             ;
;  instr_debug[23] ; clk        ; 6.590 ; 6.569 ; Rise       ; clk             ;
;  instr_debug[24] ; clk        ; 7.034 ; 7.027 ; Rise       ; clk             ;
;  instr_debug[25] ; clk        ; 7.115 ; 7.093 ; Rise       ; clk             ;
;  instr_debug[26] ; clk        ; 7.324 ; 7.314 ; Rise       ; clk             ;
;  instr_debug[27] ; clk        ; 8.058 ; 8.088 ; Rise       ; clk             ;
;  instr_debug[28] ; clk        ; 6.768 ; 6.751 ; Rise       ; clk             ;
;  instr_debug[29] ; clk        ; 6.929 ; 6.899 ; Rise       ; clk             ;
;  instr_debug[30] ; clk        ; 6.710 ; 6.669 ; Rise       ; clk             ;
;  instr_debug[31] ; clk        ; 7.869 ; 7.857 ; Rise       ; clk             ;
; pc_debug[*]      ; clk        ; 7.665 ; 7.659 ; Rise       ; clk             ;
;  pc_debug[2]     ; clk        ; 6.303 ; 6.293 ; Rise       ; clk             ;
;  pc_debug[3]     ; clk        ; 6.500 ; 6.470 ; Rise       ; clk             ;
;  pc_debug[4]     ; clk        ; 6.394 ; 6.398 ; Rise       ; clk             ;
;  pc_debug[5]     ; clk        ; 6.312 ; 6.303 ; Rise       ; clk             ;
;  pc_debug[6]     ; clk        ; 6.377 ; 6.367 ; Rise       ; clk             ;
;  pc_debug[7]     ; clk        ; 6.677 ; 6.635 ; Rise       ; clk             ;
;  pc_debug[8]     ; clk        ; 6.934 ; 6.891 ; Rise       ; clk             ;
;  pc_debug[9]     ; clk        ; 6.125 ; 6.111 ; Rise       ; clk             ;
;  pc_debug[10]    ; clk        ; 6.502 ; 6.463 ; Rise       ; clk             ;
;  pc_debug[11]    ; clk        ; 6.972 ; 6.923 ; Rise       ; clk             ;
;  pc_debug[12]    ; clk        ; 6.087 ; 6.081 ; Rise       ; clk             ;
;  pc_debug[13]    ; clk        ; 6.345 ; 6.343 ; Rise       ; clk             ;
;  pc_debug[14]    ; clk        ; 6.094 ; 6.077 ; Rise       ; clk             ;
;  pc_debug[15]    ; clk        ; 6.344 ; 6.339 ; Rise       ; clk             ;
;  pc_debug[16]    ; clk        ; 6.250 ; 6.225 ; Rise       ; clk             ;
;  pc_debug[17]    ; clk        ; 6.097 ; 6.092 ; Rise       ; clk             ;
;  pc_debug[18]    ; clk        ; 6.535 ; 6.509 ; Rise       ; clk             ;
;  pc_debug[19]    ; clk        ; 5.817 ; 5.814 ; Rise       ; clk             ;
;  pc_debug[20]    ; clk        ; 6.344 ; 6.334 ; Rise       ; clk             ;
;  pc_debug[21]    ; clk        ; 5.827 ; 5.824 ; Rise       ; clk             ;
;  pc_debug[22]    ; clk        ; 6.107 ; 6.102 ; Rise       ; clk             ;
;  pc_debug[23]    ; clk        ; 6.084 ; 6.070 ; Rise       ; clk             ;
;  pc_debug[24]    ; clk        ; 6.353 ; 6.343 ; Rise       ; clk             ;
;  pc_debug[25]    ; clk        ; 6.097 ; 6.084 ; Rise       ; clk             ;
;  pc_debug[26]    ; clk        ; 6.227 ; 6.236 ; Rise       ; clk             ;
;  pc_debug[27]    ; clk        ; 6.266 ; 6.289 ; Rise       ; clk             ;
;  pc_debug[28]    ; clk        ; 7.665 ; 7.659 ; Rise       ; clk             ;
;  pc_debug[29]    ; clk        ; 6.398 ; 6.399 ; Rise       ; clk             ;
;  pc_debug[30]    ; clk        ; 6.076 ; 6.068 ; Rise       ; clk             ;
;  pc_debug[31]    ; clk        ; 5.815 ; 5.807 ; Rise       ; clk             ;
+------------------+------------+-------+-------+------------+-----------------+


+------------------------------------------------------------------------------+
; Minimum Clock to Output Times                                                ;
+------------------+------------+-------+-------+------------+-----------------+
; Data Port        ; Clock Port ; Rise  ; Fall  ; Clock Edge ; Clock Reference ;
+------------------+------------+-------+-------+------------+-----------------+
; instr_debug[*]   ; clk        ; 6.280 ; 6.240 ; Rise       ; clk             ;
;  instr_debug[0]  ; clk        ; 6.552 ; 6.548 ; Rise       ; clk             ;
;  instr_debug[1]  ; clk        ; 6.296 ; 6.298 ; Rise       ; clk             ;
;  instr_debug[2]  ; clk        ; 6.769 ; 6.747 ; Rise       ; clk             ;
;  instr_debug[3]  ; clk        ; 6.333 ; 6.304 ; Rise       ; clk             ;
;  instr_debug[4]  ; clk        ; 6.716 ; 6.697 ; Rise       ; clk             ;
;  instr_debug[5]  ; clk        ; 6.715 ; 6.709 ; Rise       ; clk             ;
;  instr_debug[6]  ; clk        ; 6.494 ; 6.489 ; Rise       ; clk             ;
;  instr_debug[7]  ; clk        ; 6.593 ; 6.603 ; Rise       ; clk             ;
;  instr_debug[8]  ; clk        ; 7.394 ; 7.414 ; Rise       ; clk             ;
;  instr_debug[9]  ; clk        ; 6.558 ; 6.516 ; Rise       ; clk             ;
;  instr_debug[10] ; clk        ; 6.858 ; 6.820 ; Rise       ; clk             ;
;  instr_debug[11] ; clk        ; 7.032 ; 7.017 ; Rise       ; clk             ;
;  instr_debug[12] ; clk        ; 7.269 ; 7.257 ; Rise       ; clk             ;
;  instr_debug[13] ; clk        ; 6.280 ; 6.240 ; Rise       ; clk             ;
;  instr_debug[14] ; clk        ; 6.548 ; 6.508 ; Rise       ; clk             ;
;  instr_debug[15] ; clk        ; 6.288 ; 6.244 ; Rise       ; clk             ;
;  instr_debug[16] ; clk        ; 6.636 ; 6.646 ; Rise       ; clk             ;
;  instr_debug[17] ; clk        ; 6.607 ; 6.576 ; Rise       ; clk             ;
;  instr_debug[18] ; clk        ; 6.933 ; 6.945 ; Rise       ; clk             ;
;  instr_debug[19] ; clk        ; 7.277 ; 7.254 ; Rise       ; clk             ;
;  instr_debug[20] ; clk        ; 8.641 ; 8.674 ; Rise       ; clk             ;
;  instr_debug[21] ; clk        ; 6.705 ; 6.667 ; Rise       ; clk             ;
;  instr_debug[22] ; clk        ; 6.503 ; 6.462 ; Rise       ; clk             ;
;  instr_debug[23] ; clk        ; 6.373 ; 6.351 ; Rise       ; clk             ;
;  instr_debug[24] ; clk        ; 6.799 ; 6.791 ; Rise       ; clk             ;
;  instr_debug[25] ; clk        ; 6.878 ; 6.856 ; Rise       ; clk             ;
;  instr_debug[26] ; clk        ; 7.077 ; 7.067 ; Rise       ; clk             ;
;  instr_debug[27] ; clk        ; 7.823 ; 7.853 ; Rise       ; clk             ;
;  instr_debug[28] ; clk        ; 6.543 ; 6.527 ; Rise       ; clk             ;
;  instr_debug[29] ; clk        ; 6.699 ; 6.669 ; Rise       ; clk             ;
;  instr_debug[30] ; clk        ; 6.490 ; 6.449 ; Rise       ; clk             ;
;  instr_debug[31] ; clk        ; 7.601 ; 7.588 ; Rise       ; clk             ;
; pc_debug[*]      ; clk        ; 5.628 ; 5.620 ; Rise       ; clk             ;
;  pc_debug[2]     ; clk        ; 6.098 ; 6.087 ; Rise       ; clk             ;
;  pc_debug[3]     ; clk        ; 6.289 ; 6.258 ; Rise       ; clk             ;
;  pc_debug[4]     ; clk        ; 6.185 ; 6.188 ; Rise       ; clk             ;
;  pc_debug[5]     ; clk        ; 6.107 ; 6.097 ; Rise       ; clk             ;
;  pc_debug[6]     ; clk        ; 6.170 ; 6.160 ; Rise       ; clk             ;
;  pc_debug[7]     ; clk        ; 6.457 ; 6.415 ; Rise       ; clk             ;
;  pc_debug[8]     ; clk        ; 6.704 ; 6.662 ; Rise       ; clk             ;
;  pc_debug[9]     ; clk        ; 5.928 ; 5.913 ; Rise       ; clk             ;
;  pc_debug[10]    ; clk        ; 6.291 ; 6.252 ; Rise       ; clk             ;
;  pc_debug[11]    ; clk        ; 6.740 ; 6.692 ; Rise       ; clk             ;
;  pc_debug[12]    ; clk        ; 5.890 ; 5.884 ; Rise       ; clk             ;
;  pc_debug[13]    ; clk        ; 6.139 ; 6.136 ; Rise       ; clk             ;
;  pc_debug[14]    ; clk        ; 5.898 ; 5.881 ; Rise       ; clk             ;
;  pc_debug[15]    ; clk        ; 6.139 ; 6.133 ; Rise       ; clk             ;
;  pc_debug[16]    ; clk        ; 6.047 ; 6.023 ; Rise       ; clk             ;
;  pc_debug[17]    ; clk        ; 5.901 ; 5.895 ; Rise       ; clk             ;
;  pc_debug[18]    ; clk        ; 6.321 ; 6.295 ; Rise       ; clk             ;
;  pc_debug[19]    ; clk        ; 5.631 ; 5.626 ; Rise       ; clk             ;
;  pc_debug[20]    ; clk        ; 6.137 ; 6.126 ; Rise       ; clk             ;
;  pc_debug[21]    ; clk        ; 5.641 ; 5.636 ; Rise       ; clk             ;
;  pc_debug[22]    ; clk        ; 5.910 ; 5.903 ; Rise       ; clk             ;
;  pc_debug[23]    ; clk        ; 5.887 ; 5.873 ; Rise       ; clk             ;
;  pc_debug[24]    ; clk        ; 6.146 ; 6.136 ; Rise       ; clk             ;
;  pc_debug[25]    ; clk        ; 5.900 ; 5.886 ; Rise       ; clk             ;
;  pc_debug[26]    ; clk        ; 6.021 ; 6.028 ; Rise       ; clk             ;
;  pc_debug[27]    ; clk        ; 6.058 ; 6.080 ; Rise       ; clk             ;
;  pc_debug[28]    ; clk        ; 7.446 ; 7.441 ; Rise       ; clk             ;
;  pc_debug[29]    ; clk        ; 6.190 ; 6.190 ; Rise       ; clk             ;
;  pc_debug[30]    ; clk        ; 5.880 ; 5.871 ; Rise       ; clk             ;
;  pc_debug[31]    ; clk        ; 5.628 ; 5.620 ; Rise       ; clk             ;
+------------------+------------+-------+-------+------------+-----------------+


---------------------------------------------
; Slow 1200mV 0C Model Metastability Report ;
---------------------------------------------
No synchronizer chains to report.


+------------------------------------+
; Fast 1200mV 0C Model Setup Summary ;
+-------+--------+-------------------+
; Clock ; Slack  ; End Point TNS     ;
+-------+--------+-------------------+
; clk   ; -0.860 ; -34.597           ;
+-------+--------+-------------------+


+-----------------------------------+
; Fast 1200mV 0C Model Hold Summary ;
+-------+-------+-------------------+
; Clock ; Slack ; End Point TNS     ;
+-------+-------+-------------------+
; clk   ; 0.196 ; 0.000             ;
+-------+-------+-------------------+


-----------------------------------------
; Fast 1200mV 0C Model Recovery Summary ;
-----------------------------------------
No paths to report.


----------------------------------------
; Fast 1200mV 0C Model Removal Summary ;
----------------------------------------
No paths to report.


+--------------------------------------------------+
; Fast 1200mV 0C Model Minimum Pulse Width Summary ;
+-------+--------+---------------------------------+
; Clock ; Slack  ; End Point TNS                   ;
+-------+--------+---------------------------------+
; clk   ; -3.000 ; -70.823                         ;
+-------+--------+---------------------------------+


+--------------------------------------------------------------------------------------------------------------------------------------------------------------------------------------------------------------------------------------------+
; Fast 1200mV 0C Model Setup: 'clk'                                                                                                                                                                                                          ;
+--------+----------------------------------------------------------------------------------------------------------------+--------------------------------------------+--------------+-------------+--------------+------------+------------+
; Slack  ; From Node                                                                                                      ; To Node                                    ; Launch Clock ; Latch Clock ; Relationship ; Clock Skew ; Data Delay ;
+--------+----------------------------------------------------------------------------------------------------------------+--------------------------------------------+--------------+-------------+--------------+------------+------------+
; -0.860 ; Instruction_Memory:U_IMEM|altsyncram:ram_rtl_0|altsyncram_3f81:auto_generated|ram_block1a9~porta_address_reg0  ; IF_ID_Register:U_IF_ID|instruction_out[13] ; clk          ; clk         ; 1.000        ; -0.023     ; 1.824      ;
; -0.859 ; Instruction_Memory:U_IMEM|altsyncram:ram_rtl_0|altsyncram_3f81:auto_generated|ram_block1a18~porta_address_reg0 ; IF_ID_Register:U_IF_ID|instruction_out[22] ; clk          ; clk         ; 1.000        ; -0.022     ; 1.824      ;
; -0.838 ; Instruction_Memory:U_IMEM|altsyncram:ram_rtl_0|altsyncram_3f81:auto_generated|ram_block1a27~porta_address_reg0 ; IF_ID_Register:U_IF_ID|instruction_out[29] ; clk          ; clk         ; 1.000        ; -0.033     ; 1.792      ;
; -0.827 ; Instruction_Memory:U_IMEM|altsyncram:ram_rtl_0|altsyncram_3f81:auto_generated|ram_block1a9~porta_address_reg0  ; IF_ID_Register:U_IF_ID|instruction_out[10] ; clk          ; clk         ; 1.000        ; -0.023     ; 1.791      ;
; -0.827 ; Instruction_Memory:U_IMEM|altsyncram:ram_rtl_0|altsyncram_3f81:auto_generated|ram_block1a18~porta_address_reg0 ; IF_ID_Register:U_IF_ID|instruction_out[19] ; clk          ; clk         ; 1.000        ; -0.022     ; 1.792      ;
; -0.826 ; Instruction_Memory:U_IMEM|altsyncram:ram_rtl_0|altsyncram_3f81:auto_generated|ram_block1a0~porta_address_reg0  ; IF_ID_Register:U_IF_ID|instruction_out[8]  ; clk          ; clk         ; 1.000        ; -0.037     ; 1.776      ;
; -0.825 ; Instruction_Memory:U_IMEM|altsyncram:ram_rtl_0|altsyncram_3f81:auto_generated|ram_block1a27~porta_address_reg0 ; IF_ID_Register:U_IF_ID|instruction_out[30] ; clk          ; clk         ; 1.000        ; -0.033     ; 1.779      ;
; -0.823 ; Instruction_Memory:U_IMEM|altsyncram:ram_rtl_0|altsyncram_3f81:auto_generated|ram_block1a27~porta_address_reg0 ; IF_ID_Register:U_IF_ID|instruction_out[27] ; clk          ; clk         ; 1.000        ; -0.033     ; 1.777      ;
; -0.820 ; Instruction_Memory:U_IMEM|altsyncram:ram_rtl_0|altsyncram_3f81:auto_generated|ram_block1a9~porta_address_reg0  ; IF_ID_Register:U_IF_ID|instruction_out[14] ; clk          ; clk         ; 1.000        ; -0.023     ; 1.784      ;
; -0.819 ; Instruction_Memory:U_IMEM|altsyncram:ram_rtl_0|altsyncram_3f81:auto_generated|ram_block1a18~porta_address_reg0 ; IF_ID_Register:U_IF_ID|instruction_out[23] ; clk          ; clk         ; 1.000        ; -0.022     ; 1.784      ;
; -0.816 ; Instruction_Memory:U_IMEM|altsyncram:ram_rtl_0|altsyncram_3f81:auto_generated|ram_block1a18~porta_address_reg0 ; IF_ID_Register:U_IF_ID|instruction_out[24] ; clk          ; clk         ; 1.000        ; -0.022     ; 1.781      ;
; -0.815 ; Instruction_Memory:U_IMEM|altsyncram:ram_rtl_0|altsyncram_3f81:auto_generated|ram_block1a9~porta_address_reg0  ; IF_ID_Register:U_IF_ID|instruction_out[15] ; clk          ; clk         ; 1.000        ; -0.023     ; 1.779      ;
; -0.812 ; Instruction_Memory:U_IMEM|altsyncram:ram_rtl_0|altsyncram_3f81:auto_generated|ram_block1a9~porta_address_reg0  ; IF_ID_Register:U_IF_ID|instruction_out[9]  ; clk          ; clk         ; 1.000        ; -0.023     ; 1.776      ;
; -0.812 ; Instruction_Memory:U_IMEM|altsyncram:ram_rtl_0|altsyncram_3f81:auto_generated|ram_block1a27~porta_address_reg0 ; IF_ID_Register:U_IF_ID|instruction_out[31] ; clk          ; clk         ; 1.000        ; -0.033     ; 1.766      ;
; -0.810 ; Instruction_Memory:U_IMEM|altsyncram:ram_rtl_0|altsyncram_3f81:auto_generated|ram_block1a27~porta_address_reg0 ; IF_ID_Register:U_IF_ID|instruction_out[28] ; clk          ; clk         ; 1.000        ; -0.033     ; 1.764      ;
; -0.809 ; Instruction_Memory:U_IMEM|altsyncram:ram_rtl_0|altsyncram_3f81:auto_generated|ram_block1a18~porta_address_reg0 ; IF_ID_Register:U_IF_ID|instruction_out[18] ; clk          ; clk         ; 1.000        ; -0.022     ; 1.774      ;
; -0.808 ; Instruction_Memory:U_IMEM|altsyncram:ram_rtl_0|altsyncram_3f81:auto_generated|ram_block1a9~porta_address_reg0  ; IF_ID_Register:U_IF_ID|instruction_out[12] ; clk          ; clk         ; 1.000        ; -0.023     ; 1.772      ;
; -0.805 ; Instruction_Memory:U_IMEM|altsyncram:ram_rtl_0|altsyncram_3f81:auto_generated|ram_block1a18~porta_address_reg0 ; IF_ID_Register:U_IF_ID|instruction_out[21] ; clk          ; clk         ; 1.000        ; -0.022     ; 1.770      ;
; -0.795 ; Instruction_Memory:U_IMEM|altsyncram:ram_rtl_0|altsyncram_3f81:auto_generated|ram_block1a9~porta_address_reg0  ; IF_ID_Register:U_IF_ID|instruction_out[16] ; clk          ; clk         ; 1.000        ; -0.023     ; 1.759      ;
; -0.795 ; Instruction_Memory:U_IMEM|altsyncram:ram_rtl_0|altsyncram_3f81:auto_generated|ram_block1a18~porta_address_reg0 ; IF_ID_Register:U_IF_ID|instruction_out[25] ; clk          ; clk         ; 1.000        ; -0.022     ; 1.760      ;
; -0.794 ; Instruction_Memory:U_IMEM|altsyncram:ram_rtl_0|altsyncram_3f81:auto_generated|ram_block1a9~porta_address_reg0  ; IF_ID_Register:U_IF_ID|instruction_out[11] ; clk          ; clk         ; 1.000        ; -0.023     ; 1.758      ;
; -0.794 ; Instruction_Memory:U_IMEM|altsyncram:ram_rtl_0|altsyncram_3f81:auto_generated|ram_block1a18~porta_address_reg0 ; IF_ID_Register:U_IF_ID|instruction_out[20] ; clk          ; clk         ; 1.000        ; -0.022     ; 1.759      ;
; -0.775 ; Program_Counter:U_PC|pc_reg[3]                                                                                 ; Program_Counter:U_PC|pc_reg[31]            ; clk          ; clk         ; 1.000        ; -0.041     ; 1.721      ;
; -0.771 ; Program_Counter:U_PC|pc_reg[3]                                                                                 ; Program_Counter:U_PC|pc_reg[30]            ; clk          ; clk         ; 1.000        ; -0.041     ; 1.717      ;
; -0.765 ; Program_Counter:U_PC|pc_reg[2]                                                                                 ; Program_Counter:U_PC|pc_reg[31]            ; clk          ; clk         ; 1.000        ; -0.041     ; 1.711      ;
; -0.736 ; Instruction_Memory:U_IMEM|altsyncram:ram_rtl_0|altsyncram_3f81:auto_generated|ram_block1a0~porta_address_reg0  ; IF_ID_Register:U_IF_ID|instruction_out[6]  ; clk          ; clk         ; 1.000        ; -0.037     ; 1.686      ;
; -0.735 ; Instruction_Memory:U_IMEM|altsyncram:ram_rtl_0|altsyncram_3f81:auto_generated|ram_block1a0~porta_address_reg0  ; IF_ID_Register:U_IF_ID|instruction_out[7]  ; clk          ; clk         ; 1.000        ; -0.037     ; 1.685      ;
; -0.722 ; Program_Counter:U_PC|pc_reg[2]                                                                                 ; Program_Counter:U_PC|pc_reg[30]            ; clk          ; clk         ; 1.000        ; -0.041     ; 1.668      ;
; -0.721 ; Instruction_Memory:U_IMEM|altsyncram:ram_rtl_0|altsyncram_3f81:auto_generated|ram_block1a0~porta_address_reg0  ; IF_ID_Register:U_IF_ID|instruction_out[2]  ; clk          ; clk         ; 1.000        ; -0.037     ; 1.671      ;
; -0.711 ; Program_Counter:U_PC|pc_reg[4]                                                                                 ; Program_Counter:U_PC|pc_reg[31]            ; clk          ; clk         ; 1.000        ; -0.041     ; 1.657      ;
; -0.707 ; Program_Counter:U_PC|pc_reg[3]                                                                                 ; Program_Counter:U_PC|pc_reg[29]            ; clk          ; clk         ; 1.000        ; -0.041     ; 1.653      ;
; -0.707 ; Program_Counter:U_PC|pc_reg[5]                                                                                 ; Program_Counter:U_PC|pc_reg[31]            ; clk          ; clk         ; 1.000        ; -0.041     ; 1.653      ;
; -0.703 ; Program_Counter:U_PC|pc_reg[3]                                                                                 ; Program_Counter:U_PC|pc_reg[28]            ; clk          ; clk         ; 1.000        ; -0.041     ; 1.649      ;
; -0.703 ; Program_Counter:U_PC|pc_reg[5]                                                                                 ; Program_Counter:U_PC|pc_reg[30]            ; clk          ; clk         ; 1.000        ; -0.041     ; 1.649      ;
; -0.697 ; Program_Counter:U_PC|pc_reg[2]                                                                                 ; Program_Counter:U_PC|pc_reg[29]            ; clk          ; clk         ; 1.000        ; -0.041     ; 1.643      ;
; -0.666 ; Program_Counter:U_PC|pc_reg[4]                                                                                 ; Program_Counter:U_PC|pc_reg[30]            ; clk          ; clk         ; 1.000        ; -0.041     ; 1.612      ;
; -0.662 ; Instruction_Memory:U_IMEM|altsyncram:ram_rtl_0|altsyncram_3f81:auto_generated|ram_block1a0~porta_address_reg0  ; IF_ID_Register:U_IF_ID|instruction_out[3]  ; clk          ; clk         ; 1.000        ; -0.037     ; 1.612      ;
; -0.661 ; Instruction_Memory:U_IMEM|altsyncram:ram_rtl_0|altsyncram_3f81:auto_generated|ram_block1a0~porta_address_reg0  ; IF_ID_Register:U_IF_ID|instruction_out[1]  ; clk          ; clk         ; 1.000        ; -0.037     ; 1.611      ;
; -0.659 ; Instruction_Memory:U_IMEM|altsyncram:ram_rtl_0|altsyncram_3f81:auto_generated|ram_block1a0~porta_address_reg0  ; IF_ID_Register:U_IF_ID|instruction_out[5]  ; clk          ; clk         ; 1.000        ; -0.037     ; 1.609      ;
; -0.654 ; Program_Counter:U_PC|pc_reg[2]                                                                                 ; Program_Counter:U_PC|pc_reg[28]            ; clk          ; clk         ; 1.000        ; -0.041     ; 1.600      ;
; -0.647 ; Instruction_Memory:U_IMEM|altsyncram:ram_rtl_0|altsyncram_3f81:auto_generated|ram_block1a0~porta_address_reg0  ; IF_ID_Register:U_IF_ID|instruction_out[0]  ; clk          ; clk         ; 1.000        ; -0.037     ; 1.597      ;
; -0.647 ; Instruction_Memory:U_IMEM|altsyncram:ram_rtl_0|altsyncram_3f81:auto_generated|ram_block1a0~porta_address_reg0  ; IF_ID_Register:U_IF_ID|instruction_out[4]  ; clk          ; clk         ; 1.000        ; -0.037     ; 1.597      ;
; -0.643 ; Program_Counter:U_PC|pc_reg[4]                                                                                 ; Program_Counter:U_PC|pc_reg[29]            ; clk          ; clk         ; 1.000        ; -0.041     ; 1.589      ;
; -0.639 ; Program_Counter:U_PC|pc_reg[3]                                                                                 ; Program_Counter:U_PC|pc_reg[27]            ; clk          ; clk         ; 1.000        ; -0.041     ; 1.585      ;
; -0.639 ; Program_Counter:U_PC|pc_reg[5]                                                                                 ; Program_Counter:U_PC|pc_reg[29]            ; clk          ; clk         ; 1.000        ; -0.041     ; 1.585      ;
; -0.636 ; Program_Counter:U_PC|pc_reg[7]                                                                                 ; Program_Counter:U_PC|pc_reg[31]            ; clk          ; clk         ; 1.000        ; -0.041     ; 1.582      ;
; -0.635 ; Program_Counter:U_PC|pc_reg[3]                                                                                 ; Program_Counter:U_PC|pc_reg[26]            ; clk          ; clk         ; 1.000        ; -0.041     ; 1.581      ;
; -0.635 ; Program_Counter:U_PC|pc_reg[5]                                                                                 ; Program_Counter:U_PC|pc_reg[28]            ; clk          ; clk         ; 1.000        ; -0.041     ; 1.581      ;
; -0.632 ; Program_Counter:U_PC|pc_reg[7]                                                                                 ; Program_Counter:U_PC|pc_reg[30]            ; clk          ; clk         ; 1.000        ; -0.041     ; 1.578      ;
; -0.631 ; Program_Counter:U_PC|pc_reg[6]                                                                                 ; Program_Counter:U_PC|pc_reg[31]            ; clk          ; clk         ; 1.000        ; -0.041     ; 1.577      ;
; -0.629 ; Program_Counter:U_PC|pc_reg[2]                                                                                 ; Program_Counter:U_PC|pc_reg[27]            ; clk          ; clk         ; 1.000        ; -0.041     ; 1.575      ;
; -0.628 ; Instruction_Memory:U_IMEM|altsyncram:ram_rtl_0|altsyncram_3f81:auto_generated|ram_block1a9~porta_address_reg0  ; IF_ID_Register:U_IF_ID|instruction_out[17] ; clk          ; clk         ; 1.000        ; -0.023     ; 1.592      ;
; -0.626 ; Instruction_Memory:U_IMEM|altsyncram:ram_rtl_0|altsyncram_3f81:auto_generated|ram_block1a18~porta_address_reg0 ; IF_ID_Register:U_IF_ID|instruction_out[26] ; clk          ; clk         ; 1.000        ; -0.022     ; 1.591      ;
; -0.598 ; Program_Counter:U_PC|pc_reg[4]                                                                                 ; Program_Counter:U_PC|pc_reg[28]            ; clk          ; clk         ; 1.000        ; -0.041     ; 1.544      ;
; -0.587 ; Program_Counter:U_PC|pc_reg[6]                                                                                 ; Program_Counter:U_PC|pc_reg[30]            ; clk          ; clk         ; 1.000        ; -0.041     ; 1.533      ;
; -0.586 ; Program_Counter:U_PC|pc_reg[2]                                                                                 ; Program_Counter:U_PC|pc_reg[26]            ; clk          ; clk         ; 1.000        ; -0.041     ; 1.532      ;
; -0.575 ; Program_Counter:U_PC|pc_reg[4]                                                                                 ; Program_Counter:U_PC|pc_reg[27]            ; clk          ; clk         ; 1.000        ; -0.041     ; 1.521      ;
; -0.571 ; Program_Counter:U_PC|pc_reg[3]                                                                                 ; Program_Counter:U_PC|pc_reg[25]            ; clk          ; clk         ; 1.000        ; -0.041     ; 1.517      ;
; -0.571 ; Program_Counter:U_PC|pc_reg[9]                                                                                 ; Program_Counter:U_PC|pc_reg[31]            ; clk          ; clk         ; 1.000        ; -0.041     ; 1.517      ;
; -0.571 ; Program_Counter:U_PC|pc_reg[5]                                                                                 ; Program_Counter:U_PC|pc_reg[27]            ; clk          ; clk         ; 1.000        ; -0.041     ; 1.517      ;
; -0.568 ; Program_Counter:U_PC|pc_reg[7]                                                                                 ; Program_Counter:U_PC|pc_reg[29]            ; clk          ; clk         ; 1.000        ; -0.041     ; 1.514      ;
; -0.567 ; Program_Counter:U_PC|pc_reg[3]                                                                                 ; Program_Counter:U_PC|pc_reg[24]            ; clk          ; clk         ; 1.000        ; -0.041     ; 1.513      ;
; -0.567 ; Program_Counter:U_PC|pc_reg[9]                                                                                 ; Program_Counter:U_PC|pc_reg[30]            ; clk          ; clk         ; 1.000        ; -0.041     ; 1.513      ;
; -0.567 ; Program_Counter:U_PC|pc_reg[5]                                                                                 ; Program_Counter:U_PC|pc_reg[26]            ; clk          ; clk         ; 1.000        ; -0.041     ; 1.513      ;
; -0.564 ; Program_Counter:U_PC|pc_reg[7]                                                                                 ; Program_Counter:U_PC|pc_reg[28]            ; clk          ; clk         ; 1.000        ; -0.041     ; 1.510      ;
; -0.563 ; Program_Counter:U_PC|pc_reg[6]                                                                                 ; Program_Counter:U_PC|pc_reg[29]            ; clk          ; clk         ; 1.000        ; -0.041     ; 1.509      ;
; -0.562 ; Program_Counter:U_PC|pc_reg[8]                                                                                 ; Program_Counter:U_PC|pc_reg[31]            ; clk          ; clk         ; 1.000        ; -0.041     ; 1.508      ;
; -0.561 ; Program_Counter:U_PC|pc_reg[2]                                                                                 ; Program_Counter:U_PC|pc_reg[25]            ; clk          ; clk         ; 1.000        ; -0.041     ; 1.507      ;
; -0.530 ; Program_Counter:U_PC|pc_reg[4]                                                                                 ; Program_Counter:U_PC|pc_reg[26]            ; clk          ; clk         ; 1.000        ; -0.041     ; 1.476      ;
; -0.519 ; Program_Counter:U_PC|pc_reg[8]                                                                                 ; Program_Counter:U_PC|pc_reg[30]            ; clk          ; clk         ; 1.000        ; -0.041     ; 1.465      ;
; -0.519 ; Program_Counter:U_PC|pc_reg[6]                                                                                 ; Program_Counter:U_PC|pc_reg[28]            ; clk          ; clk         ; 1.000        ; -0.041     ; 1.465      ;
; -0.518 ; Program_Counter:U_PC|pc_reg[2]                                                                                 ; Program_Counter:U_PC|pc_reg[24]            ; clk          ; clk         ; 1.000        ; -0.041     ; 1.464      ;
; -0.507 ; Program_Counter:U_PC|pc_reg[4]                                                                                 ; Program_Counter:U_PC|pc_reg[25]            ; clk          ; clk         ; 1.000        ; -0.041     ; 1.453      ;
; -0.504 ; Program_Counter:U_PC|pc_reg[11]                                                                                ; Program_Counter:U_PC|pc_reg[31]            ; clk          ; clk         ; 1.000        ; -0.041     ; 1.450      ;
; -0.503 ; Program_Counter:U_PC|pc_reg[3]                                                                                 ; Program_Counter:U_PC|pc_reg[23]            ; clk          ; clk         ; 1.000        ; -0.041     ; 1.449      ;
; -0.503 ; Program_Counter:U_PC|pc_reg[9]                                                                                 ; Program_Counter:U_PC|pc_reg[29]            ; clk          ; clk         ; 1.000        ; -0.041     ; 1.449      ;
; -0.503 ; Program_Counter:U_PC|pc_reg[5]                                                                                 ; Program_Counter:U_PC|pc_reg[25]            ; clk          ; clk         ; 1.000        ; -0.041     ; 1.449      ;
; -0.500 ; Program_Counter:U_PC|pc_reg[11]                                                                                ; Program_Counter:U_PC|pc_reg[30]            ; clk          ; clk         ; 1.000        ; -0.041     ; 1.446      ;
; -0.500 ; Program_Counter:U_PC|pc_reg[7]                                                                                 ; Program_Counter:U_PC|pc_reg[27]            ; clk          ; clk         ; 1.000        ; -0.041     ; 1.446      ;
; -0.499 ; Program_Counter:U_PC|pc_reg[3]                                                                                 ; Program_Counter:U_PC|pc_reg[22]            ; clk          ; clk         ; 1.000        ; -0.041     ; 1.445      ;
; -0.499 ; Program_Counter:U_PC|pc_reg[9]                                                                                 ; Program_Counter:U_PC|pc_reg[28]            ; clk          ; clk         ; 1.000        ; -0.041     ; 1.445      ;
; -0.499 ; Program_Counter:U_PC|pc_reg[5]                                                                                 ; Program_Counter:U_PC|pc_reg[24]            ; clk          ; clk         ; 1.000        ; -0.041     ; 1.445      ;
; -0.496 ; Program_Counter:U_PC|pc_reg[7]                                                                                 ; Program_Counter:U_PC|pc_reg[26]            ; clk          ; clk         ; 1.000        ; -0.041     ; 1.442      ;
; -0.495 ; Program_Counter:U_PC|pc_reg[6]                                                                                 ; Program_Counter:U_PC|pc_reg[27]            ; clk          ; clk         ; 1.000        ; -0.041     ; 1.441      ;
; -0.494 ; Program_Counter:U_PC|pc_reg[10]                                                                                ; Program_Counter:U_PC|pc_reg[31]            ; clk          ; clk         ; 1.000        ; -0.041     ; 1.440      ;
; -0.494 ; Program_Counter:U_PC|pc_reg[8]                                                                                 ; Program_Counter:U_PC|pc_reg[29]            ; clk          ; clk         ; 1.000        ; -0.041     ; 1.440      ;
; -0.493 ; Program_Counter:U_PC|pc_reg[2]                                                                                 ; Program_Counter:U_PC|pc_reg[23]            ; clk          ; clk         ; 1.000        ; -0.041     ; 1.439      ;
; -0.462 ; Program_Counter:U_PC|pc_reg[4]                                                                                 ; Program_Counter:U_PC|pc_reg[24]            ; clk          ; clk         ; 1.000        ; -0.041     ; 1.408      ;
; -0.451 ; Program_Counter:U_PC|pc_reg[10]                                                                                ; Program_Counter:U_PC|pc_reg[30]            ; clk          ; clk         ; 1.000        ; -0.041     ; 1.397      ;
; -0.451 ; Program_Counter:U_PC|pc_reg[8]                                                                                 ; Program_Counter:U_PC|pc_reg[28]            ; clk          ; clk         ; 1.000        ; -0.041     ; 1.397      ;
; -0.451 ; Program_Counter:U_PC|pc_reg[6]                                                                                 ; Program_Counter:U_PC|pc_reg[26]            ; clk          ; clk         ; 1.000        ; -0.041     ; 1.397      ;
; -0.450 ; Program_Counter:U_PC|pc_reg[2]                                                                                 ; Program_Counter:U_PC|pc_reg[22]            ; clk          ; clk         ; 1.000        ; -0.041     ; 1.396      ;
; -0.439 ; Program_Counter:U_PC|pc_reg[4]                                                                                 ; Program_Counter:U_PC|pc_reg[23]            ; clk          ; clk         ; 1.000        ; -0.041     ; 1.385      ;
; -0.436 ; Program_Counter:U_PC|pc_reg[13]                                                                                ; Program_Counter:U_PC|pc_reg[31]            ; clk          ; clk         ; 1.000        ; -0.041     ; 1.382      ;
; -0.436 ; Program_Counter:U_PC|pc_reg[11]                                                                                ; Program_Counter:U_PC|pc_reg[29]            ; clk          ; clk         ; 1.000        ; -0.041     ; 1.382      ;
; -0.435 ; Program_Counter:U_PC|pc_reg[3]                                                                                 ; Program_Counter:U_PC|pc_reg[21]            ; clk          ; clk         ; 1.000        ; -0.041     ; 1.381      ;
; -0.435 ; Program_Counter:U_PC|pc_reg[9]                                                                                 ; Program_Counter:U_PC|pc_reg[27]            ; clk          ; clk         ; 1.000        ; -0.041     ; 1.381      ;
; -0.435 ; Program_Counter:U_PC|pc_reg[5]                                                                                 ; Program_Counter:U_PC|pc_reg[23]            ; clk          ; clk         ; 1.000        ; -0.041     ; 1.381      ;
; -0.432 ; Program_Counter:U_PC|pc_reg[13]                                                                                ; Program_Counter:U_PC|pc_reg[30]            ; clk          ; clk         ; 1.000        ; -0.041     ; 1.378      ;
; -0.432 ; Program_Counter:U_PC|pc_reg[11]                                                                                ; Program_Counter:U_PC|pc_reg[28]            ; clk          ; clk         ; 1.000        ; -0.041     ; 1.378      ;
+--------+----------------------------------------------------------------------------------------------------------------+--------------------------------------------+--------------+-------------+--------------+------------+------------+


+--------------------------------------------------------------------------------------------------------------------------------------------------------------------------------------------------------------------------------+
; Fast 1200mV 0C Model Hold: 'clk'                                                                                                                                                                                               ;
+-------+---------------------------------+----------------------------------------------------------------------------------------------------------------+--------------+-------------+--------------+------------+------------+
; Slack ; From Node                       ; To Node                                                                                                        ; Launch Clock ; Latch Clock ; Relationship ; Clock Skew ; Data Delay ;
+-------+---------------------------------+----------------------------------------------------------------------------------------------------------------+--------------+-------------+--------------+------------+------------+
; 0.196 ; Program_Counter:U_PC|pc_reg[31] ; Program_Counter:U_PC|pc_reg[31]                                                                                ; clk          ; clk         ; 0.000        ; 0.044      ; 0.324      ;
; 0.253 ; Program_Counter:U_PC|pc_reg[6]  ; Instruction_Memory:U_IMEM|altsyncram:ram_rtl_0|altsyncram_3f81:auto_generated|ram_block1a0~porta_address_reg0  ; clk          ; clk         ; 0.000        ; 0.226      ; 0.583      ;
; 0.260 ; Program_Counter:U_PC|pc_reg[2]  ; Instruction_Memory:U_IMEM|altsyncram:ram_rtl_0|altsyncram_3f81:auto_generated|ram_block1a0~porta_address_reg0  ; clk          ; clk         ; 0.000        ; 0.226      ; 0.590      ;
; 0.269 ; Program_Counter:U_PC|pc_reg[3]  ; Instruction_Memory:U_IMEM|altsyncram:ram_rtl_0|altsyncram_3f81:auto_generated|ram_block1a0~porta_address_reg0  ; clk          ; clk         ; 0.000        ; 0.226      ; 0.599      ;
; 0.269 ; Program_Counter:U_PC|pc_reg[5]  ; Instruction_Memory:U_IMEM|altsyncram:ram_rtl_0|altsyncram_3f81:auto_generated|ram_block1a0~porta_address_reg0  ; clk          ; clk         ; 0.000        ; 0.226      ; 0.599      ;
; 0.272 ; Program_Counter:U_PC|pc_reg[11] ; Instruction_Memory:U_IMEM|altsyncram:ram_rtl_0|altsyncram_3f81:auto_generated|ram_block1a0~porta_address_reg0  ; clk          ; clk         ; 0.000        ; 0.226      ; 0.602      ;
; 0.277 ; Program_Counter:U_PC|pc_reg[8]  ; Instruction_Memory:U_IMEM|altsyncram:ram_rtl_0|altsyncram_3f81:auto_generated|ram_block1a0~porta_address_reg0  ; clk          ; clk         ; 0.000        ; 0.226      ; 0.607      ;
; 0.282 ; Program_Counter:U_PC|pc_reg[10] ; Instruction_Memory:U_IMEM|altsyncram:ram_rtl_0|altsyncram_3f81:auto_generated|ram_block1a0~porta_address_reg0  ; clk          ; clk         ; 0.000        ; 0.226      ; 0.612      ;
; 0.299 ; Program_Counter:U_PC|pc_reg[3]  ; Program_Counter:U_PC|pc_reg[3]                                                                                 ; clk          ; clk         ; 0.000        ; 0.045      ; 0.428      ;
; 0.299 ; Program_Counter:U_PC|pc_reg[7]  ; Program_Counter:U_PC|pc_reg[7]                                                                                 ; clk          ; clk         ; 0.000        ; 0.045      ; 0.428      ;
; 0.299 ; Program_Counter:U_PC|pc_reg[9]  ; Program_Counter:U_PC|pc_reg[9]                                                                                 ; clk          ; clk         ; 0.000        ; 0.045      ; 0.428      ;
; 0.299 ; Program_Counter:U_PC|pc_reg[15] ; Program_Counter:U_PC|pc_reg[15]                                                                                ; clk          ; clk         ; 0.000        ; 0.045      ; 0.428      ;
; 0.299 ; Program_Counter:U_PC|pc_reg[16] ; Program_Counter:U_PC|pc_reg[16]                                                                                ; clk          ; clk         ; 0.000        ; 0.045      ; 0.428      ;
; 0.300 ; Program_Counter:U_PC|pc_reg[5]  ; Program_Counter:U_PC|pc_reg[5]                                                                                 ; clk          ; clk         ; 0.000        ; 0.045      ; 0.429      ;
; 0.300 ; Program_Counter:U_PC|pc_reg[6]  ; Program_Counter:U_PC|pc_reg[6]                                                                                 ; clk          ; clk         ; 0.000        ; 0.045      ; 0.429      ;
; 0.300 ; Program_Counter:U_PC|pc_reg[8]  ; Program_Counter:U_PC|pc_reg[8]                                                                                 ; clk          ; clk         ; 0.000        ; 0.045      ; 0.429      ;
; 0.300 ; Program_Counter:U_PC|pc_reg[11] ; Program_Counter:U_PC|pc_reg[11]                                                                                ; clk          ; clk         ; 0.000        ; 0.045      ; 0.429      ;
; 0.300 ; Program_Counter:U_PC|pc_reg[13] ; Program_Counter:U_PC|pc_reg[13]                                                                                ; clk          ; clk         ; 0.000        ; 0.045      ; 0.429      ;
; 0.300 ; Program_Counter:U_PC|pc_reg[14] ; Program_Counter:U_PC|pc_reg[14]                                                                                ; clk          ; clk         ; 0.000        ; 0.045      ; 0.429      ;
; 0.300 ; Program_Counter:U_PC|pc_reg[17] ; Program_Counter:U_PC|pc_reg[17]                                                                                ; clk          ; clk         ; 0.000        ; 0.044      ; 0.428      ;
; 0.301 ; Program_Counter:U_PC|pc_reg[10] ; Program_Counter:U_PC|pc_reg[10]                                                                                ; clk          ; clk         ; 0.000        ; 0.045      ; 0.430      ;
; 0.301 ; Program_Counter:U_PC|pc_reg[12] ; Program_Counter:U_PC|pc_reg[12]                                                                                ; clk          ; clk         ; 0.000        ; 0.045      ; 0.430      ;
; 0.301 ; Program_Counter:U_PC|pc_reg[18] ; Program_Counter:U_PC|pc_reg[18]                                                                                ; clk          ; clk         ; 0.000        ; 0.044      ; 0.429      ;
; 0.301 ; Program_Counter:U_PC|pc_reg[19] ; Program_Counter:U_PC|pc_reg[19]                                                                                ; clk          ; clk         ; 0.000        ; 0.044      ; 0.429      ;
; 0.301 ; Program_Counter:U_PC|pc_reg[21] ; Program_Counter:U_PC|pc_reg[21]                                                                                ; clk          ; clk         ; 0.000        ; 0.044      ; 0.429      ;
; 0.301 ; Program_Counter:U_PC|pc_reg[23] ; Program_Counter:U_PC|pc_reg[23]                                                                                ; clk          ; clk         ; 0.000        ; 0.044      ; 0.429      ;
; 0.301 ; Program_Counter:U_PC|pc_reg[25] ; Program_Counter:U_PC|pc_reg[25]                                                                                ; clk          ; clk         ; 0.000        ; 0.044      ; 0.429      ;
; 0.302 ; Program_Counter:U_PC|pc_reg[20] ; Program_Counter:U_PC|pc_reg[20]                                                                                ; clk          ; clk         ; 0.000        ; 0.044      ; 0.430      ;
; 0.302 ; Program_Counter:U_PC|pc_reg[22] ; Program_Counter:U_PC|pc_reg[22]                                                                                ; clk          ; clk         ; 0.000        ; 0.044      ; 0.430      ;
; 0.302 ; Program_Counter:U_PC|pc_reg[24] ; Program_Counter:U_PC|pc_reg[24]                                                                                ; clk          ; clk         ; 0.000        ; 0.044      ; 0.430      ;
; 0.302 ; Program_Counter:U_PC|pc_reg[26] ; Program_Counter:U_PC|pc_reg[26]                                                                                ; clk          ; clk         ; 0.000        ; 0.044      ; 0.430      ;
; 0.302 ; Program_Counter:U_PC|pc_reg[27] ; Program_Counter:U_PC|pc_reg[27]                                                                                ; clk          ; clk         ; 0.000        ; 0.044      ; 0.430      ;
; 0.302 ; Program_Counter:U_PC|pc_reg[28] ; Program_Counter:U_PC|pc_reg[28]                                                                                ; clk          ; clk         ; 0.000        ; 0.044      ; 0.430      ;
; 0.302 ; Program_Counter:U_PC|pc_reg[29] ; Program_Counter:U_PC|pc_reg[29]                                                                                ; clk          ; clk         ; 0.000        ; 0.044      ; 0.430      ;
; 0.302 ; Program_Counter:U_PC|pc_reg[30] ; Program_Counter:U_PC|pc_reg[30]                                                                                ; clk          ; clk         ; 0.000        ; 0.044      ; 0.430      ;
; 0.311 ; Program_Counter:U_PC|pc_reg[2]  ; Program_Counter:U_PC|pc_reg[2]                                                                                 ; clk          ; clk         ; 0.000        ; 0.045      ; 0.440      ;
; 0.312 ; Program_Counter:U_PC|pc_reg[4]  ; Program_Counter:U_PC|pc_reg[4]                                                                                 ; clk          ; clk         ; 0.000        ; 0.045      ; 0.441      ;
; 0.351 ; Program_Counter:U_PC|pc_reg[7]  ; Instruction_Memory:U_IMEM|altsyncram:ram_rtl_0|altsyncram_3f81:auto_generated|ram_block1a9~porta_address_reg0  ; clk          ; clk         ; 0.000        ; 0.221      ; 0.676      ;
; 0.356 ; Program_Counter:U_PC|pc_reg[8]  ; Instruction_Memory:U_IMEM|altsyncram:ram_rtl_0|altsyncram_3f81:auto_generated|ram_block1a9~porta_address_reg0  ; clk          ; clk         ; 0.000        ; 0.221      ; 0.681      ;
; 0.391 ; Program_Counter:U_PC|pc_reg[6]  ; Instruction_Memory:U_IMEM|altsyncram:ram_rtl_0|altsyncram_3f81:auto_generated|ram_block1a9~porta_address_reg0  ; clk          ; clk         ; 0.000        ; 0.221      ; 0.716      ;
; 0.398 ; Program_Counter:U_PC|pc_reg[2]  ; Instruction_Memory:U_IMEM|altsyncram:ram_rtl_0|altsyncram_3f81:auto_generated|ram_block1a9~porta_address_reg0  ; clk          ; clk         ; 0.000        ; 0.221      ; 0.723      ;
; 0.403 ; Program_Counter:U_PC|pc_reg[8]  ; Instruction_Memory:U_IMEM|altsyncram:ram_rtl_0|altsyncram_3f81:auto_generated|ram_block1a27~porta_address_reg0 ; clk          ; clk         ; 0.000        ; 0.207      ; 0.714      ;
; 0.406 ; Program_Counter:U_PC|pc_reg[5]  ; Instruction_Memory:U_IMEM|altsyncram:ram_rtl_0|altsyncram_3f81:auto_generated|ram_block1a9~porta_address_reg0  ; clk          ; clk         ; 0.000        ; 0.221      ; 0.731      ;
; 0.410 ; Program_Counter:U_PC|pc_reg[3]  ; Instruction_Memory:U_IMEM|altsyncram:ram_rtl_0|altsyncram_3f81:auto_generated|ram_block1a9~porta_address_reg0  ; clk          ; clk         ; 0.000        ; 0.221      ; 0.735      ;
; 0.410 ; Program_Counter:U_PC|pc_reg[4]  ; Instruction_Memory:U_IMEM|altsyncram:ram_rtl_0|altsyncram_3f81:auto_generated|ram_block1a9~porta_address_reg0  ; clk          ; clk         ; 0.000        ; 0.221      ; 0.735      ;
; 0.410 ; Program_Counter:U_PC|pc_reg[9]  ; Instruction_Memory:U_IMEM|altsyncram:ram_rtl_0|altsyncram_3f81:auto_generated|ram_block1a9~porta_address_reg0  ; clk          ; clk         ; 0.000        ; 0.221      ; 0.735      ;
; 0.410 ; Program_Counter:U_PC|pc_reg[9]  ; Instruction_Memory:U_IMEM|altsyncram:ram_rtl_0|altsyncram_3f81:auto_generated|ram_block1a27~porta_address_reg0 ; clk          ; clk         ; 0.000        ; 0.207      ; 0.721      ;
; 0.433 ; Program_Counter:U_PC|pc_reg[6]  ; Instruction_Memory:U_IMEM|altsyncram:ram_rtl_0|altsyncram_3f81:auto_generated|ram_block1a27~porta_address_reg0 ; clk          ; clk         ; 0.000        ; 0.207      ; 0.744      ;
; 0.440 ; Program_Counter:U_PC|pc_reg[2]  ; Instruction_Memory:U_IMEM|altsyncram:ram_rtl_0|altsyncram_3f81:auto_generated|ram_block1a27~porta_address_reg0 ; clk          ; clk         ; 0.000        ; 0.207      ; 0.751      ;
; 0.448 ; Program_Counter:U_PC|pc_reg[15] ; Program_Counter:U_PC|pc_reg[16]                                                                                ; clk          ; clk         ; 0.000        ; 0.045      ; 0.577      ;
; 0.448 ; Program_Counter:U_PC|pc_reg[7]  ; Program_Counter:U_PC|pc_reg[8]                                                                                 ; clk          ; clk         ; 0.000        ; 0.045      ; 0.577      ;
; 0.448 ; Program_Counter:U_PC|pc_reg[9]  ; Program_Counter:U_PC|pc_reg[10]                                                                                ; clk          ; clk         ; 0.000        ; 0.045      ; 0.577      ;
; 0.448 ; Program_Counter:U_PC|pc_reg[3]  ; Program_Counter:U_PC|pc_reg[4]                                                                                 ; clk          ; clk         ; 0.000        ; 0.045      ; 0.577      ;
; 0.449 ; Program_Counter:U_PC|pc_reg[5]  ; Program_Counter:U_PC|pc_reg[6]                                                                                 ; clk          ; clk         ; 0.000        ; 0.045      ; 0.578      ;
; 0.449 ; Program_Counter:U_PC|pc_reg[13] ; Program_Counter:U_PC|pc_reg[14]                                                                                ; clk          ; clk         ; 0.000        ; 0.045      ; 0.578      ;
; 0.449 ; Program_Counter:U_PC|pc_reg[11] ; Program_Counter:U_PC|pc_reg[12]                                                                                ; clk          ; clk         ; 0.000        ; 0.045      ; 0.578      ;
; 0.449 ; Program_Counter:U_PC|pc_reg[17] ; Program_Counter:U_PC|pc_reg[18]                                                                                ; clk          ; clk         ; 0.000        ; 0.044      ; 0.577      ;
; 0.450 ; Program_Counter:U_PC|pc_reg[19] ; Program_Counter:U_PC|pc_reg[20]                                                                                ; clk          ; clk         ; 0.000        ; 0.044      ; 0.578      ;
; 0.450 ; Program_Counter:U_PC|pc_reg[21] ; Program_Counter:U_PC|pc_reg[22]                                                                                ; clk          ; clk         ; 0.000        ; 0.044      ; 0.578      ;
; 0.450 ; Program_Counter:U_PC|pc_reg[23] ; Program_Counter:U_PC|pc_reg[24]                                                                                ; clk          ; clk         ; 0.000        ; 0.044      ; 0.578      ;
; 0.450 ; Program_Counter:U_PC|pc_reg[25] ; Program_Counter:U_PC|pc_reg[26]                                                                                ; clk          ; clk         ; 0.000        ; 0.044      ; 0.578      ;
; 0.451 ; Program_Counter:U_PC|pc_reg[27] ; Program_Counter:U_PC|pc_reg[28]                                                                                ; clk          ; clk         ; 0.000        ; 0.044      ; 0.579      ;
; 0.451 ; Program_Counter:U_PC|pc_reg[29] ; Program_Counter:U_PC|pc_reg[30]                                                                                ; clk          ; clk         ; 0.000        ; 0.044      ; 0.579      ;
; 0.454 ; Program_Counter:U_PC|pc_reg[16] ; Program_Counter:U_PC|pc_reg[17]                                                                                ; clk          ; clk         ; 0.000        ; 0.048      ; 0.586      ;
; 0.457 ; Program_Counter:U_PC|pc_reg[16] ; Program_Counter:U_PC|pc_reg[18]                                                                                ; clk          ; clk         ; 0.000        ; 0.048      ; 0.589      ;
; 0.458 ; Program_Counter:U_PC|pc_reg[2]  ; Program_Counter:U_PC|pc_reg[3]                                                                                 ; clk          ; clk         ; 0.000        ; 0.045      ; 0.587      ;
; 0.458 ; Program_Counter:U_PC|pc_reg[6]  ; Program_Counter:U_PC|pc_reg[7]                                                                                 ; clk          ; clk         ; 0.000        ; 0.045      ; 0.587      ;
; 0.458 ; Program_Counter:U_PC|pc_reg[8]  ; Program_Counter:U_PC|pc_reg[9]                                                                                 ; clk          ; clk         ; 0.000        ; 0.045      ; 0.587      ;
; 0.458 ; Program_Counter:U_PC|pc_reg[14] ; Program_Counter:U_PC|pc_reg[15]                                                                                ; clk          ; clk         ; 0.000        ; 0.045      ; 0.587      ;
; 0.459 ; Program_Counter:U_PC|pc_reg[10] ; Program_Counter:U_PC|pc_reg[11]                                                                                ; clk          ; clk         ; 0.000        ; 0.045      ; 0.588      ;
; 0.459 ; Program_Counter:U_PC|pc_reg[12] ; Program_Counter:U_PC|pc_reg[13]                                                                                ; clk          ; clk         ; 0.000        ; 0.045      ; 0.588      ;
; 0.459 ; Program_Counter:U_PC|pc_reg[18] ; Program_Counter:U_PC|pc_reg[19]                                                                                ; clk          ; clk         ; 0.000        ; 0.044      ; 0.587      ;
; 0.460 ; Program_Counter:U_PC|pc_reg[30] ; Program_Counter:U_PC|pc_reg[31]                                                                                ; clk          ; clk         ; 0.000        ; 0.044      ; 0.588      ;
; 0.460 ; Program_Counter:U_PC|pc_reg[20] ; Program_Counter:U_PC|pc_reg[21]                                                                                ; clk          ; clk         ; 0.000        ; 0.044      ; 0.588      ;
; 0.460 ; Program_Counter:U_PC|pc_reg[22] ; Program_Counter:U_PC|pc_reg[23]                                                                                ; clk          ; clk         ; 0.000        ; 0.044      ; 0.588      ;
; 0.460 ; Program_Counter:U_PC|pc_reg[24] ; Program_Counter:U_PC|pc_reg[25]                                                                                ; clk          ; clk         ; 0.000        ; 0.044      ; 0.588      ;
; 0.460 ; Program_Counter:U_PC|pc_reg[26] ; Program_Counter:U_PC|pc_reg[27]                                                                                ; clk          ; clk         ; 0.000        ; 0.044      ; 0.588      ;
; 0.460 ; Program_Counter:U_PC|pc_reg[28] ; Program_Counter:U_PC|pc_reg[29]                                                                                ; clk          ; clk         ; 0.000        ; 0.044      ; 0.588      ;
; 0.461 ; Program_Counter:U_PC|pc_reg[14] ; Program_Counter:U_PC|pc_reg[16]                                                                                ; clk          ; clk         ; 0.000        ; 0.045      ; 0.590      ;
; 0.461 ; Program_Counter:U_PC|pc_reg[6]  ; Program_Counter:U_PC|pc_reg[8]                                                                                 ; clk          ; clk         ; 0.000        ; 0.045      ; 0.590      ;
; 0.461 ; Program_Counter:U_PC|pc_reg[8]  ; Program_Counter:U_PC|pc_reg[10]                                                                                ; clk          ; clk         ; 0.000        ; 0.045      ; 0.590      ;
; 0.461 ; Program_Counter:U_PC|pc_reg[2]  ; Program_Counter:U_PC|pc_reg[4]                                                                                 ; clk          ; clk         ; 0.000        ; 0.045      ; 0.590      ;
; 0.462 ; Program_Counter:U_PC|pc_reg[12] ; Program_Counter:U_PC|pc_reg[14]                                                                                ; clk          ; clk         ; 0.000        ; 0.045      ; 0.591      ;
; 0.462 ; Program_Counter:U_PC|pc_reg[10] ; Program_Counter:U_PC|pc_reg[12]                                                                                ; clk          ; clk         ; 0.000        ; 0.045      ; 0.591      ;
; 0.462 ; Program_Counter:U_PC|pc_reg[18] ; Program_Counter:U_PC|pc_reg[20]                                                                                ; clk          ; clk         ; 0.000        ; 0.044      ; 0.590      ;
; 0.463 ; Program_Counter:U_PC|pc_reg[20] ; Program_Counter:U_PC|pc_reg[22]                                                                                ; clk          ; clk         ; 0.000        ; 0.044      ; 0.591      ;
; 0.463 ; Program_Counter:U_PC|pc_reg[22] ; Program_Counter:U_PC|pc_reg[24]                                                                                ; clk          ; clk         ; 0.000        ; 0.044      ; 0.591      ;
; 0.463 ; Program_Counter:U_PC|pc_reg[24] ; Program_Counter:U_PC|pc_reg[26]                                                                                ; clk          ; clk         ; 0.000        ; 0.044      ; 0.591      ;
; 0.463 ; Program_Counter:U_PC|pc_reg[26] ; Program_Counter:U_PC|pc_reg[28]                                                                                ; clk          ; clk         ; 0.000        ; 0.044      ; 0.591      ;
; 0.463 ; Program_Counter:U_PC|pc_reg[28] ; Program_Counter:U_PC|pc_reg[30]                                                                                ; clk          ; clk         ; 0.000        ; 0.044      ; 0.591      ;
; 0.470 ; Program_Counter:U_PC|pc_reg[4]  ; Program_Counter:U_PC|pc_reg[5]                                                                                 ; clk          ; clk         ; 0.000        ; 0.045      ; 0.599      ;
; 0.473 ; Program_Counter:U_PC|pc_reg[4]  ; Program_Counter:U_PC|pc_reg[6]                                                                                 ; clk          ; clk         ; 0.000        ; 0.045      ; 0.602      ;
; 0.508 ; Program_Counter:U_PC|pc_reg[15] ; Program_Counter:U_PC|pc_reg[17]                                                                                ; clk          ; clk         ; 0.000        ; 0.048      ; 0.640      ;
; 0.511 ; Program_Counter:U_PC|pc_reg[15] ; Program_Counter:U_PC|pc_reg[18]                                                                                ; clk          ; clk         ; 0.000        ; 0.048      ; 0.643      ;
; 0.511 ; Program_Counter:U_PC|pc_reg[7]  ; Program_Counter:U_PC|pc_reg[9]                                                                                 ; clk          ; clk         ; 0.000        ; 0.045      ; 0.640      ;
; 0.511 ; Program_Counter:U_PC|pc_reg[9]  ; Program_Counter:U_PC|pc_reg[11]                                                                                ; clk          ; clk         ; 0.000        ; 0.045      ; 0.640      ;
; 0.511 ; Program_Counter:U_PC|pc_reg[3]  ; Program_Counter:U_PC|pc_reg[5]                                                                                 ; clk          ; clk         ; 0.000        ; 0.045      ; 0.640      ;
; 0.512 ; Program_Counter:U_PC|pc_reg[5]  ; Instruction_Memory:U_IMEM|altsyncram:ram_rtl_0|altsyncram_3f81:auto_generated|ram_block1a27~porta_address_reg0 ; clk          ; clk         ; 0.000        ; 0.207      ; 0.823      ;
; 0.512 ; Program_Counter:U_PC|pc_reg[5]  ; Program_Counter:U_PC|pc_reg[7]                                                                                 ; clk          ; clk         ; 0.000        ; 0.045      ; 0.641      ;
; 0.512 ; Program_Counter:U_PC|pc_reg[13] ; Program_Counter:U_PC|pc_reg[15]                                                                                ; clk          ; clk         ; 0.000        ; 0.045      ; 0.641      ;
+-------+---------------------------------+----------------------------------------------------------------------------------------------------------------+--------------+-------------+--------------+------------+------------+


+------------------------------------------------------------------------------------------------------------------------------------------------------------------------------------------------+
; Fast 1200mV 0C Model Minimum Pulse Width: 'clk'                                                                                                                                                ;
+--------+--------------+----------------+-----------------+-------+------------+----------------------------------------------------------------------------------------------------------------+
; Slack  ; Actual Width ; Required Width ; Type            ; Clock ; Clock Edge ; Target                                                                                                         ;
+--------+--------------+----------------+-----------------+-------+------------+----------------------------------------------------------------------------------------------------------------+
; -3.000 ; 1.000        ; 4.000          ; Port Rate       ; clk   ; Rise       ; clk                                                                                                            ;
; -1.000 ; 1.000        ; 2.000          ; Min Period      ; clk   ; Rise       ; IF_ID_Register:U_IF_ID|instruction_out[0]                                                                      ;
; -1.000 ; 1.000        ; 2.000          ; Min Period      ; clk   ; Rise       ; IF_ID_Register:U_IF_ID|instruction_out[10]                                                                     ;
; -1.000 ; 1.000        ; 2.000          ; Min Period      ; clk   ; Rise       ; IF_ID_Register:U_IF_ID|instruction_out[11]                                                                     ;
; -1.000 ; 1.000        ; 2.000          ; Min Period      ; clk   ; Rise       ; IF_ID_Register:U_IF_ID|instruction_out[12]                                                                     ;
; -1.000 ; 1.000        ; 2.000          ; Min Period      ; clk   ; Rise       ; IF_ID_Register:U_IF_ID|instruction_out[13]                                                                     ;
; -1.000 ; 1.000        ; 2.000          ; Min Period      ; clk   ; Rise       ; IF_ID_Register:U_IF_ID|instruction_out[14]                                                                     ;
; -1.000 ; 1.000        ; 2.000          ; Min Period      ; clk   ; Rise       ; IF_ID_Register:U_IF_ID|instruction_out[15]                                                                     ;
; -1.000 ; 1.000        ; 2.000          ; Min Period      ; clk   ; Rise       ; IF_ID_Register:U_IF_ID|instruction_out[16]                                                                     ;
; -1.000 ; 1.000        ; 2.000          ; Min Period      ; clk   ; Rise       ; IF_ID_Register:U_IF_ID|instruction_out[17]                                                                     ;
; -1.000 ; 1.000        ; 2.000          ; Min Period      ; clk   ; Rise       ; IF_ID_Register:U_IF_ID|instruction_out[18]                                                                     ;
; -1.000 ; 1.000        ; 2.000          ; Min Period      ; clk   ; Rise       ; IF_ID_Register:U_IF_ID|instruction_out[19]                                                                     ;
; -1.000 ; 1.000        ; 2.000          ; Min Period      ; clk   ; Rise       ; IF_ID_Register:U_IF_ID|instruction_out[1]                                                                      ;
; -1.000 ; 1.000        ; 2.000          ; Min Period      ; clk   ; Rise       ; IF_ID_Register:U_IF_ID|instruction_out[20]                                                                     ;
; -1.000 ; 1.000        ; 2.000          ; Min Period      ; clk   ; Rise       ; IF_ID_Register:U_IF_ID|instruction_out[21]                                                                     ;
; -1.000 ; 1.000        ; 2.000          ; Min Period      ; clk   ; Rise       ; IF_ID_Register:U_IF_ID|instruction_out[22]                                                                     ;
; -1.000 ; 1.000        ; 2.000          ; Min Period      ; clk   ; Rise       ; IF_ID_Register:U_IF_ID|instruction_out[23]                                                                     ;
; -1.000 ; 1.000        ; 2.000          ; Min Period      ; clk   ; Rise       ; IF_ID_Register:U_IF_ID|instruction_out[24]                                                                     ;
; -1.000 ; 1.000        ; 2.000          ; Min Period      ; clk   ; Rise       ; IF_ID_Register:U_IF_ID|instruction_out[25]                                                                     ;
; -1.000 ; 1.000        ; 2.000          ; Min Period      ; clk   ; Rise       ; IF_ID_Register:U_IF_ID|instruction_out[26]                                                                     ;
; -1.000 ; 1.000        ; 2.000          ; Min Period      ; clk   ; Rise       ; IF_ID_Register:U_IF_ID|instruction_out[27]                                                                     ;
; -1.000 ; 1.000        ; 2.000          ; Min Period      ; clk   ; Rise       ; IF_ID_Register:U_IF_ID|instruction_out[28]                                                                     ;
; -1.000 ; 1.000        ; 2.000          ; Min Period      ; clk   ; Rise       ; IF_ID_Register:U_IF_ID|instruction_out[29]                                                                     ;
; -1.000 ; 1.000        ; 2.000          ; Min Period      ; clk   ; Rise       ; IF_ID_Register:U_IF_ID|instruction_out[2]                                                                      ;
; -1.000 ; 1.000        ; 2.000          ; Min Period      ; clk   ; Rise       ; IF_ID_Register:U_IF_ID|instruction_out[30]                                                                     ;
; -1.000 ; 1.000        ; 2.000          ; Min Period      ; clk   ; Rise       ; IF_ID_Register:U_IF_ID|instruction_out[31]                                                                     ;
; -1.000 ; 1.000        ; 2.000          ; Min Period      ; clk   ; Rise       ; IF_ID_Register:U_IF_ID|instruction_out[3]                                                                      ;
; -1.000 ; 1.000        ; 2.000          ; Min Period      ; clk   ; Rise       ; IF_ID_Register:U_IF_ID|instruction_out[4]                                                                      ;
; -1.000 ; 1.000        ; 2.000          ; Min Period      ; clk   ; Rise       ; IF_ID_Register:U_IF_ID|instruction_out[5]                                                                      ;
; -1.000 ; 1.000        ; 2.000          ; Min Period      ; clk   ; Rise       ; IF_ID_Register:U_IF_ID|instruction_out[6]                                                                      ;
; -1.000 ; 1.000        ; 2.000          ; Min Period      ; clk   ; Rise       ; IF_ID_Register:U_IF_ID|instruction_out[7]                                                                      ;
; -1.000 ; 1.000        ; 2.000          ; Min Period      ; clk   ; Rise       ; IF_ID_Register:U_IF_ID|instruction_out[8]                                                                      ;
; -1.000 ; 1.000        ; 2.000          ; Min Period      ; clk   ; Rise       ; IF_ID_Register:U_IF_ID|instruction_out[9]                                                                      ;
; -1.000 ; 1.000        ; 2.000          ; Min Period      ; clk   ; Rise       ; Instruction_Memory:U_IMEM|altsyncram:ram_rtl_0|altsyncram_3f81:auto_generated|ram_block1a0~porta_address_reg0  ;
; -1.000 ; 1.000        ; 2.000          ; Min Period      ; clk   ; Rise       ; Instruction_Memory:U_IMEM|altsyncram:ram_rtl_0|altsyncram_3f81:auto_generated|ram_block1a18~porta_address_reg0 ;
; -1.000 ; 1.000        ; 2.000          ; Min Period      ; clk   ; Rise       ; Instruction_Memory:U_IMEM|altsyncram:ram_rtl_0|altsyncram_3f81:auto_generated|ram_block1a27~porta_address_reg0 ;
; -1.000 ; 1.000        ; 2.000          ; Min Period      ; clk   ; Rise       ; Instruction_Memory:U_IMEM|altsyncram:ram_rtl_0|altsyncram_3f81:auto_generated|ram_block1a9~porta_address_reg0  ;
; -1.000 ; 1.000        ; 2.000          ; Min Period      ; clk   ; Rise       ; Program_Counter:U_PC|pc_reg[10]                                                                                ;
; -1.000 ; 1.000        ; 2.000          ; Min Period      ; clk   ; Rise       ; Program_Counter:U_PC|pc_reg[11]                                                                                ;
; -1.000 ; 1.000        ; 2.000          ; Min Period      ; clk   ; Rise       ; Program_Counter:U_PC|pc_reg[12]                                                                                ;
; -1.000 ; 1.000        ; 2.000          ; Min Period      ; clk   ; Rise       ; Program_Counter:U_PC|pc_reg[13]                                                                                ;
; -1.000 ; 1.000        ; 2.000          ; Min Period      ; clk   ; Rise       ; Program_Counter:U_PC|pc_reg[14]                                                                                ;
; -1.000 ; 1.000        ; 2.000          ; Min Period      ; clk   ; Rise       ; Program_Counter:U_PC|pc_reg[15]                                                                                ;
; -1.000 ; 1.000        ; 2.000          ; Min Period      ; clk   ; Rise       ; Program_Counter:U_PC|pc_reg[16]                                                                                ;
; -1.000 ; 1.000        ; 2.000          ; Min Period      ; clk   ; Rise       ; Program_Counter:U_PC|pc_reg[17]                                                                                ;
; -1.000 ; 1.000        ; 2.000          ; Min Period      ; clk   ; Rise       ; Program_Counter:U_PC|pc_reg[18]                                                                                ;
; -1.000 ; 1.000        ; 2.000          ; Min Period      ; clk   ; Rise       ; Program_Counter:U_PC|pc_reg[19]                                                                                ;
; -1.000 ; 1.000        ; 2.000          ; Min Period      ; clk   ; Rise       ; Program_Counter:U_PC|pc_reg[20]                                                                                ;
; -1.000 ; 1.000        ; 2.000          ; Min Period      ; clk   ; Rise       ; Program_Counter:U_PC|pc_reg[21]                                                                                ;
; -1.000 ; 1.000        ; 2.000          ; Min Period      ; clk   ; Rise       ; Program_Counter:U_PC|pc_reg[22]                                                                                ;
; -1.000 ; 1.000        ; 2.000          ; Min Period      ; clk   ; Rise       ; Program_Counter:U_PC|pc_reg[23]                                                                                ;
; -1.000 ; 1.000        ; 2.000          ; Min Period      ; clk   ; Rise       ; Program_Counter:U_PC|pc_reg[24]                                                                                ;
; -1.000 ; 1.000        ; 2.000          ; Min Period      ; clk   ; Rise       ; Program_Counter:U_PC|pc_reg[25]                                                                                ;
; -1.000 ; 1.000        ; 2.000          ; Min Period      ; clk   ; Rise       ; Program_Counter:U_PC|pc_reg[26]                                                                                ;
; -1.000 ; 1.000        ; 2.000          ; Min Period      ; clk   ; Rise       ; Program_Counter:U_PC|pc_reg[27]                                                                                ;
; -1.000 ; 1.000        ; 2.000          ; Min Period      ; clk   ; Rise       ; Program_Counter:U_PC|pc_reg[28]                                                                                ;
; -1.000 ; 1.000        ; 2.000          ; Min Period      ; clk   ; Rise       ; Program_Counter:U_PC|pc_reg[29]                                                                                ;
; -1.000 ; 1.000        ; 2.000          ; Min Period      ; clk   ; Rise       ; Program_Counter:U_PC|pc_reg[2]                                                                                 ;
; -1.000 ; 1.000        ; 2.000          ; Min Period      ; clk   ; Rise       ; Program_Counter:U_PC|pc_reg[30]                                                                                ;
; -1.000 ; 1.000        ; 2.000          ; Min Period      ; clk   ; Rise       ; Program_Counter:U_PC|pc_reg[31]                                                                                ;
; -1.000 ; 1.000        ; 2.000          ; Min Period      ; clk   ; Rise       ; Program_Counter:U_PC|pc_reg[3]                                                                                 ;
; -1.000 ; 1.000        ; 2.000          ; Min Period      ; clk   ; Rise       ; Program_Counter:U_PC|pc_reg[4]                                                                                 ;
; -1.000 ; 1.000        ; 2.000          ; Min Period      ; clk   ; Rise       ; Program_Counter:U_PC|pc_reg[5]                                                                                 ;
; -1.000 ; 1.000        ; 2.000          ; Min Period      ; clk   ; Rise       ; Program_Counter:U_PC|pc_reg[6]                                                                                 ;
; -1.000 ; 1.000        ; 2.000          ; Min Period      ; clk   ; Rise       ; Program_Counter:U_PC|pc_reg[7]                                                                                 ;
; -1.000 ; 1.000        ; 2.000          ; Min Period      ; clk   ; Rise       ; Program_Counter:U_PC|pc_reg[8]                                                                                 ;
; -1.000 ; 1.000        ; 2.000          ; Min Period      ; clk   ; Rise       ; Program_Counter:U_PC|pc_reg[9]                                                                                 ;
; -0.078 ; 0.152        ; 0.230          ; Low Pulse Width ; clk   ; Rise       ; Instruction_Memory:U_IMEM|altsyncram:ram_rtl_0|altsyncram_3f81:auto_generated|ram_block1a27~porta_address_reg0 ;
; -0.078 ; 0.152        ; 0.230          ; Low Pulse Width ; clk   ; Rise       ; Instruction_Memory:U_IMEM|altsyncram:ram_rtl_0|altsyncram_3f81:auto_generated|ram_block1a9~porta_address_reg0  ;
; -0.077 ; 0.153        ; 0.230          ; Low Pulse Width ; clk   ; Rise       ; Instruction_Memory:U_IMEM|altsyncram:ram_rtl_0|altsyncram_3f81:auto_generated|ram_block1a0~porta_address_reg0  ;
; -0.077 ; 0.153        ; 0.230          ; Low Pulse Width ; clk   ; Rise       ; Instruction_Memory:U_IMEM|altsyncram:ram_rtl_0|altsyncram_3f81:auto_generated|ram_block1a18~porta_address_reg0 ;
; -0.040 ; 0.144        ; 0.184          ; Low Pulse Width ; clk   ; Rise       ; IF_ID_Register:U_IF_ID|instruction_out[10]                                                                     ;
; -0.040 ; 0.144        ; 0.184          ; Low Pulse Width ; clk   ; Rise       ; IF_ID_Register:U_IF_ID|instruction_out[11]                                                                     ;
; -0.040 ; 0.144        ; 0.184          ; Low Pulse Width ; clk   ; Rise       ; IF_ID_Register:U_IF_ID|instruction_out[12]                                                                     ;
; -0.040 ; 0.144        ; 0.184          ; Low Pulse Width ; clk   ; Rise       ; IF_ID_Register:U_IF_ID|instruction_out[13]                                                                     ;
; -0.040 ; 0.144        ; 0.184          ; Low Pulse Width ; clk   ; Rise       ; IF_ID_Register:U_IF_ID|instruction_out[14]                                                                     ;
; -0.040 ; 0.144        ; 0.184          ; Low Pulse Width ; clk   ; Rise       ; IF_ID_Register:U_IF_ID|instruction_out[15]                                                                     ;
; -0.040 ; 0.144        ; 0.184          ; Low Pulse Width ; clk   ; Rise       ; IF_ID_Register:U_IF_ID|instruction_out[16]                                                                     ;
; -0.040 ; 0.144        ; 0.184          ; Low Pulse Width ; clk   ; Rise       ; IF_ID_Register:U_IF_ID|instruction_out[17]                                                                     ;
; -0.040 ; 0.144        ; 0.184          ; Low Pulse Width ; clk   ; Rise       ; IF_ID_Register:U_IF_ID|instruction_out[9]                                                                      ;
; -0.038 ; 0.146        ; 0.184          ; Low Pulse Width ; clk   ; Rise       ; IF_ID_Register:U_IF_ID|instruction_out[18]                                                                     ;
; -0.038 ; 0.146        ; 0.184          ; Low Pulse Width ; clk   ; Rise       ; IF_ID_Register:U_IF_ID|instruction_out[19]                                                                     ;
; -0.038 ; 0.146        ; 0.184          ; Low Pulse Width ; clk   ; Rise       ; IF_ID_Register:U_IF_ID|instruction_out[20]                                                                     ;
; -0.038 ; 0.146        ; 0.184          ; Low Pulse Width ; clk   ; Rise       ; IF_ID_Register:U_IF_ID|instruction_out[21]                                                                     ;
; -0.038 ; 0.146        ; 0.184          ; Low Pulse Width ; clk   ; Rise       ; IF_ID_Register:U_IF_ID|instruction_out[22]                                                                     ;
; -0.038 ; 0.146        ; 0.184          ; Low Pulse Width ; clk   ; Rise       ; IF_ID_Register:U_IF_ID|instruction_out[23]                                                                     ;
; -0.038 ; 0.146        ; 0.184          ; Low Pulse Width ; clk   ; Rise       ; IF_ID_Register:U_IF_ID|instruction_out[24]                                                                     ;
; -0.038 ; 0.146        ; 0.184          ; Low Pulse Width ; clk   ; Rise       ; IF_ID_Register:U_IF_ID|instruction_out[25]                                                                     ;
; -0.038 ; 0.146        ; 0.184          ; Low Pulse Width ; clk   ; Rise       ; IF_ID_Register:U_IF_ID|instruction_out[26]                                                                     ;
; -0.035 ; 0.149        ; 0.184          ; Low Pulse Width ; clk   ; Rise       ; IF_ID_Register:U_IF_ID|instruction_out[27]                                                                     ;
; -0.035 ; 0.149        ; 0.184          ; Low Pulse Width ; clk   ; Rise       ; IF_ID_Register:U_IF_ID|instruction_out[28]                                                                     ;
; -0.035 ; 0.149        ; 0.184          ; Low Pulse Width ; clk   ; Rise       ; IF_ID_Register:U_IF_ID|instruction_out[29]                                                                     ;
; -0.035 ; 0.149        ; 0.184          ; Low Pulse Width ; clk   ; Rise       ; IF_ID_Register:U_IF_ID|instruction_out[30]                                                                     ;
; -0.035 ; 0.149        ; 0.184          ; Low Pulse Width ; clk   ; Rise       ; IF_ID_Register:U_IF_ID|instruction_out[31]                                                                     ;
; -0.034 ; 0.150        ; 0.184          ; Low Pulse Width ; clk   ; Rise       ; IF_ID_Register:U_IF_ID|instruction_out[0]                                                                      ;
; -0.034 ; 0.150        ; 0.184          ; Low Pulse Width ; clk   ; Rise       ; IF_ID_Register:U_IF_ID|instruction_out[1]                                                                      ;
; -0.034 ; 0.150        ; 0.184          ; Low Pulse Width ; clk   ; Rise       ; IF_ID_Register:U_IF_ID|instruction_out[2]                                                                      ;
; -0.034 ; 0.150        ; 0.184          ; Low Pulse Width ; clk   ; Rise       ; IF_ID_Register:U_IF_ID|instruction_out[3]                                                                      ;
; -0.034 ; 0.150        ; 0.184          ; Low Pulse Width ; clk   ; Rise       ; IF_ID_Register:U_IF_ID|instruction_out[4]                                                                      ;
; -0.034 ; 0.150        ; 0.184          ; Low Pulse Width ; clk   ; Rise       ; IF_ID_Register:U_IF_ID|instruction_out[5]                                                                      ;
+--------+--------------+----------------+-----------------+-------+------------+----------------------------------------------------------------------------------------------------------------+


+-----------------------------------------------------------------------+
; Setup Times                                                           ;
+-----------+------------+-------+-------+------------+-----------------+
; Data Port ; Clock Port ; Rise  ; Fall  ; Clock Edge ; Clock Reference ;
+-----------+------------+-------+-------+------------+-----------------+
; rst       ; clk        ; 0.075 ; 0.279 ; Rise       ; clk             ;
+-----------+------------+-------+-------+------------+-----------------+


+-----------------------------------------------------------------------+
; Hold Times                                                            ;
+-----------+------------+-------+-------+------------+-----------------+
; Data Port ; Clock Port ; Rise  ; Fall  ; Clock Edge ; Clock Reference ;
+-----------+------------+-------+-------+------------+-----------------+
; rst       ; clk        ; 0.454 ; 0.241 ; Rise       ; clk             ;
+-----------+------------+-------+-------+------------+-----------------+


+------------------------------------------------------------------------------+
; Clock to Output Times                                                        ;
+------------------+------------+-------+-------+------------+-----------------+
; Data Port        ; Clock Port ; Rise  ; Fall  ; Clock Edge ; Clock Reference ;
+------------------+------------+-------+-------+------------+-----------------+
; instr_debug[*]   ; clk        ; 6.028 ; 6.258 ; Rise       ; clk             ;
;  instr_debug[0]  ; clk        ; 4.503 ; 4.592 ; Rise       ; clk             ;
;  instr_debug[1]  ; clk        ; 4.330 ; 4.407 ; Rise       ; clk             ;
;  instr_debug[2]  ; clk        ; 4.634 ; 4.740 ; Rise       ; clk             ;
;  instr_debug[3]  ; clk        ; 4.336 ; 4.417 ; Rise       ; clk             ;
;  instr_debug[4]  ; clk        ; 4.597 ; 4.695 ; Rise       ; clk             ;
;  instr_debug[5]  ; clk        ; 4.607 ; 4.711 ; Rise       ; clk             ;
;  instr_debug[6]  ; clk        ; 4.456 ; 4.543 ; Rise       ; clk             ;
;  instr_debug[7]  ; clk        ; 4.522 ; 4.625 ; Rise       ; clk             ;
;  instr_debug[8]  ; clk        ; 5.225 ; 5.346 ; Rise       ; clk             ;
;  instr_debug[9]  ; clk        ; 4.459 ; 4.559 ; Rise       ; clk             ;
;  instr_debug[10] ; clk        ; 4.680 ; 4.803 ; Rise       ; clk             ;
;  instr_debug[11] ; clk        ; 4.777 ; 4.922 ; Rise       ; clk             ;
;  instr_debug[12] ; clk        ; 4.943 ; 5.106 ; Rise       ; clk             ;
;  instr_debug[13] ; clk        ; 4.297 ; 4.364 ; Rise       ; clk             ;
;  instr_debug[14] ; clk        ; 4.460 ; 4.556 ; Rise       ; clk             ;
;  instr_debug[15] ; clk        ; 4.295 ; 4.364 ; Rise       ; clk             ;
;  instr_debug[16] ; clk        ; 4.550 ; 4.653 ; Rise       ; clk             ;
;  instr_debug[17] ; clk        ; 4.509 ; 4.613 ; Rise       ; clk             ;
;  instr_debug[18] ; clk        ; 4.728 ; 4.875 ; Rise       ; clk             ;
;  instr_debug[19] ; clk        ; 4.922 ; 5.095 ; Rise       ; clk             ;
;  instr_debug[20] ; clk        ; 6.028 ; 6.258 ; Rise       ; clk             ;
;  instr_debug[21] ; clk        ; 4.561 ; 4.670 ; Rise       ; clk             ;
;  instr_debug[22] ; clk        ; 4.437 ; 4.524 ; Rise       ; clk             ;
;  instr_debug[23] ; clk        ; 4.353 ; 4.441 ; Rise       ; clk             ;
;  instr_debug[24] ; clk        ; 4.618 ; 4.753 ; Rise       ; clk             ;
;  instr_debug[25] ; clk        ; 4.688 ; 4.815 ; Rise       ; clk             ;
;  instr_debug[26] ; clk        ; 4.817 ; 4.969 ; Rise       ; clk             ;
;  instr_debug[27] ; clk        ; 5.483 ; 5.650 ; Rise       ; clk             ;
;  instr_debug[28] ; clk        ; 4.468 ; 4.574 ; Rise       ; clk             ;
;  instr_debug[29] ; clk        ; 4.560 ; 4.675 ; Rise       ; clk             ;
;  instr_debug[30] ; clk        ; 4.435 ; 4.524 ; Rise       ; clk             ;
;  instr_debug[31] ; clk        ; 5.151 ; 5.354 ; Rise       ; clk             ;
; pc_debug[*]      ; clk        ; 5.246 ; 5.393 ; Rise       ; clk             ;
;  pc_debug[2]     ; clk        ; 4.207 ; 4.300 ; Rise       ; clk             ;
;  pc_debug[3]     ; clk        ; 4.325 ; 4.431 ; Rise       ; clk             ;
;  pc_debug[4]     ; clk        ; 4.263 ; 4.371 ; Rise       ; clk             ;
;  pc_debug[5]     ; clk        ; 4.211 ; 4.306 ; Rise       ; clk             ;
;  pc_debug[6]     ; clk        ; 4.263 ; 4.362 ; Rise       ; clk             ;
;  pc_debug[7]     ; clk        ; 4.417 ; 4.530 ; Rise       ; clk             ;
;  pc_debug[8]     ; clk        ; 4.586 ; 4.719 ; Rise       ; clk             ;
;  pc_debug[9]     ; clk        ; 4.101 ; 4.179 ; Rise       ; clk             ;
;  pc_debug[10]    ; clk        ; 4.325 ; 4.427 ; Rise       ; clk             ;
;  pc_debug[11]    ; clk        ; 4.597 ; 4.737 ; Rise       ; clk             ;
;  pc_debug[12]    ; clk        ; 4.070 ; 4.149 ; Rise       ; clk             ;
;  pc_debug[13]    ; clk        ; 4.241 ; 4.343 ; Rise       ; clk             ;
;  pc_debug[14]    ; clk        ; 4.080 ; 4.153 ; Rise       ; clk             ;
;  pc_debug[15]    ; clk        ; 4.243 ; 4.342 ; Rise       ; clk             ;
;  pc_debug[16]    ; clk        ; 4.161 ; 4.247 ; Rise       ; clk             ;
;  pc_debug[17]    ; clk        ; 4.088 ; 4.166 ; Rise       ; clk             ;
;  pc_debug[18]    ; clk        ; 4.347 ; 4.454 ; Rise       ; clk             ;
;  pc_debug[19]    ; clk        ; 3.902 ; 3.960 ; Rise       ; clk             ;
;  pc_debug[20]    ; clk        ; 4.231 ; 4.327 ; Rise       ; clk             ;
;  pc_debug[21]    ; clk        ; 3.912 ; 3.970 ; Rise       ; clk             ;
;  pc_debug[22]    ; clk        ; 4.090 ; 4.169 ; Rise       ; clk             ;
;  pc_debug[23]    ; clk        ; 4.069 ; 4.142 ; Rise       ; clk             ;
;  pc_debug[24]    ; clk        ; 4.250 ; 4.345 ; Rise       ; clk             ;
;  pc_debug[25]    ; clk        ; 4.080 ; 4.155 ; Rise       ; clk             ;
;  pc_debug[26]    ; clk        ; 4.174 ; 4.248 ; Rise       ; clk             ;
;  pc_debug[27]    ; clk        ; 4.199 ; 4.287 ; Rise       ; clk             ;
;  pc_debug[28]    ; clk        ; 5.246 ; 5.393 ; Rise       ; clk             ;
;  pc_debug[29]    ; clk        ; 4.278 ; 4.387 ; Rise       ; clk             ;
;  pc_debug[30]    ; clk        ; 4.065 ; 4.142 ; Rise       ; clk             ;
;  pc_debug[31]    ; clk        ; 3.899 ; 3.956 ; Rise       ; clk             ;
+------------------+------------+-------+-------+------------+-----------------+


+------------------------------------------------------------------------------+
; Minimum Clock to Output Times                                                ;
+------------------+------------+-------+-------+------------+-----------------+
; Data Port        ; Clock Port ; Rise  ; Fall  ; Clock Edge ; Clock Reference ;
+------------------+------------+-------+-------+------------+-----------------+
; instr_debug[*]   ; clk        ; 4.153 ; 4.220 ; Rise       ; clk             ;
;  instr_debug[0]  ; clk        ; 4.352 ; 4.438 ; Rise       ; clk             ;
;  instr_debug[1]  ; clk        ; 4.185 ; 4.259 ; Rise       ; clk             ;
;  instr_debug[2]  ; clk        ; 4.478 ; 4.580 ; Rise       ; clk             ;
;  instr_debug[3]  ; clk        ; 4.191 ; 4.269 ; Rise       ; clk             ;
;  instr_debug[4]  ; clk        ; 4.443 ; 4.537 ; Rise       ; clk             ;
;  instr_debug[5]  ; clk        ; 4.451 ; 4.551 ; Rise       ; clk             ;
;  instr_debug[6]  ; clk        ; 4.306 ; 4.389 ; Rise       ; clk             ;
;  instr_debug[7]  ; clk        ; 4.370 ; 4.469 ; Rise       ; clk             ;
;  instr_debug[8]  ; clk        ; 5.079 ; 5.198 ; Rise       ; clk             ;
;  instr_debug[9]  ; clk        ; 4.309 ; 4.406 ; Rise       ; clk             ;
;  instr_debug[10] ; clk        ; 4.524 ; 4.643 ; Rise       ; clk             ;
;  instr_debug[11] ; clk        ; 4.614 ; 4.754 ; Rise       ; clk             ;
;  instr_debug[12] ; clk        ; 4.774 ; 4.932 ; Rise       ; clk             ;
;  instr_debug[13] ; clk        ; 4.155 ; 4.220 ; Rise       ; clk             ;
;  instr_debug[14] ; clk        ; 4.311 ; 4.404 ; Rise       ; clk             ;
;  instr_debug[15] ; clk        ; 4.153 ; 4.220 ; Rise       ; clk             ;
;  instr_debug[16] ; clk        ; 4.396 ; 4.496 ; Rise       ; clk             ;
;  instr_debug[17] ; clk        ; 4.359 ; 4.459 ; Rise       ; clk             ;
;  instr_debug[18] ; clk        ; 4.568 ; 4.711 ; Rise       ; clk             ;
;  instr_debug[19] ; clk        ; 4.754 ; 4.921 ; Rise       ; clk             ;
;  instr_debug[20] ; clk        ; 5.852 ; 6.075 ; Rise       ; clk             ;
;  instr_debug[21] ; clk        ; 4.407 ; 4.513 ; Rise       ; clk             ;
;  instr_debug[22] ; clk        ; 4.290 ; 4.374 ; Rise       ; clk             ;
;  instr_debug[23] ; clk        ; 4.208 ; 4.293 ; Rise       ; clk             ;
;  instr_debug[24] ; clk        ; 4.462 ; 4.593 ; Rise       ; clk             ;
;  instr_debug[25] ; clk        ; 4.530 ; 4.653 ; Rise       ; clk             ;
;  instr_debug[26] ; clk        ; 4.654 ; 4.801 ; Rise       ; clk             ;
;  instr_debug[27] ; clk        ; 5.326 ; 5.489 ; Rise       ; clk             ;
;  instr_debug[28] ; clk        ; 4.318 ; 4.420 ; Rise       ; clk             ;
;  instr_debug[29] ; clk        ; 4.406 ; 4.518 ; Rise       ; clk             ;
;  instr_debug[30] ; clk        ; 4.287 ; 4.374 ; Rise       ; clk             ;
;  instr_debug[31] ; clk        ; 4.974 ; 5.169 ; Rise       ; clk             ;
; pc_debug[*]      ; clk        ; 3.772 ; 3.828 ; Rise       ; clk             ;
;  pc_debug[2]     ; clk        ; 4.067 ; 4.157 ; Rise       ; clk             ;
;  pc_debug[3]     ; clk        ; 4.182 ; 4.285 ; Rise       ; clk             ;
;  pc_debug[4]     ; clk        ; 4.121 ; 4.226 ; Rise       ; clk             ;
;  pc_debug[5]     ; clk        ; 4.071 ; 4.163 ; Rise       ; clk             ;
;  pc_debug[6]     ; clk        ; 4.123 ; 4.219 ; Rise       ; clk             ;
;  pc_debug[7]     ; clk        ; 4.269 ; 4.378 ; Rise       ; clk             ;
;  pc_debug[8]     ; clk        ; 4.432 ; 4.560 ; Rise       ; clk             ;
;  pc_debug[9]     ; clk        ; 3.966 ; 4.042 ; Rise       ; clk             ;
;  pc_debug[10]    ; clk        ; 4.182 ; 4.281 ; Rise       ; clk             ;
;  pc_debug[11]    ; clk        ; 4.442 ; 4.577 ; Rise       ; clk             ;
;  pc_debug[12]    ; clk        ; 3.935 ; 4.013 ; Rise       ; clk             ;
;  pc_debug[13]    ; clk        ; 4.101 ; 4.199 ; Rise       ; clk             ;
;  pc_debug[14]    ; clk        ; 3.946 ; 4.017 ; Rise       ; clk             ;
;  pc_debug[15]    ; clk        ; 4.103 ; 4.199 ; Rise       ; clk             ;
;  pc_debug[16]    ; clk        ; 4.024 ; 4.107 ; Rise       ; clk             ;
;  pc_debug[17]    ; clk        ; 3.955 ; 4.031 ; Rise       ; clk             ;
;  pc_debug[18]    ; clk        ; 4.204 ; 4.307 ; Rise       ; clk             ;
;  pc_debug[19]    ; clk        ; 3.775 ; 3.832 ; Rise       ; clk             ;
;  pc_debug[20]    ; clk        ; 4.092 ; 4.186 ; Rise       ; clk             ;
;  pc_debug[21]    ; clk        ; 3.785 ; 3.842 ; Rise       ; clk             ;
;  pc_debug[22]    ; clk        ; 3.957 ; 4.034 ; Rise       ; clk             ;
;  pc_debug[23]    ; clk        ; 3.937 ; 4.007 ; Rise       ; clk             ;
;  pc_debug[24]    ; clk        ; 4.111 ; 4.203 ; Rise       ; clk             ;
;  pc_debug[25]    ; clk        ; 3.947 ; 4.020 ; Rise       ; clk             ;
;  pc_debug[26]    ; clk        ; 4.035 ; 4.106 ; Rise       ; clk             ;
;  pc_debug[27]    ; clk        ; 4.059 ; 4.144 ; Rise       ; clk             ;
;  pc_debug[28]    ; clk        ; 5.100 ; 5.243 ; Rise       ; clk             ;
;  pc_debug[29]    ; clk        ; 4.137 ; 4.243 ; Rise       ; clk             ;
;  pc_debug[30]    ; clk        ; 3.933 ; 4.008 ; Rise       ; clk             ;
;  pc_debug[31]    ; clk        ; 3.772 ; 3.828 ; Rise       ; clk             ;
+------------------+------------+-------+-------+------------+-----------------+


---------------------------------------------
; Fast 1200mV 0C Model Metastability Report ;
---------------------------------------------
No synchronizer chains to report.


+--------------------------------------------------------------------------------+
; Multicorner Timing Analysis Summary                                            ;
+------------------+----------+-------+----------+---------+---------------------+
; Clock            ; Setup    ; Hold  ; Recovery ; Removal ; Minimum Pulse Width ;
+------------------+----------+-------+----------+---------+---------------------+
; Worst-case Slack ; -2.641   ; 0.196 ; N/A      ; N/A     ; -3.000              ;
;  clk             ; -2.641   ; 0.196 ; N/A      ; N/A     ; -3.000              ;
; Design-wide TNS  ; -120.706 ; 0.0   ; 0.0      ; 0.0     ; -73.696             ;
;  clk             ; -120.706 ; 0.000 ; N/A      ; N/A     ; -73.696             ;
+------------------+----------+-------+----------+---------+---------------------+


+-----------------------------------------------------------------------+
; Setup Times                                                           ;
+-----------+------------+-------+-------+------------+-----------------+
; Data Port ; Clock Port ; Rise  ; Fall  ; Clock Edge ; Clock Reference ;
+-----------+------------+-------+-------+------------+-----------------+
; rst       ; clk        ; 0.163 ; 0.279 ; Rise       ; clk             ;
+-----------+------------+-------+-------+------------+-----------------+


+-----------------------------------------------------------------------+
; Hold Times                                                            ;
+-----------+------------+-------+-------+------------+-----------------+
; Data Port ; Clock Port ; Rise  ; Fall  ; Clock Edge ; Clock Reference ;
+-----------+------------+-------+-------+------------+-----------------+
; rst       ; clk        ; 0.809 ; 0.802 ; Rise       ; clk             ;
+-----------+------------+-------+-------+------------+-----------------+


+-------------------------------------------------------------------------------+
; Clock to Output Times                                                         ;
+------------------+------------+-------+--------+------------+-----------------+
; Data Port        ; Clock Port ; Rise  ; Fall   ; Clock Edge ; Clock Reference ;
+------------------+------------+-------+--------+------------+-----------------+
; instr_debug[*]   ; clk        ; 9.911 ; 10.066 ; Rise       ; clk             ;
;  instr_debug[0]  ; clk        ; 7.553 ; 7.577  ; Rise       ; clk             ;
;  instr_debug[1]  ; clk        ; 7.268 ; 7.291  ; Rise       ; clk             ;
;  instr_debug[2]  ; clk        ; 7.786 ; 7.810  ; Rise       ; clk             ;
;  instr_debug[3]  ; clk        ; 7.289 ; 7.289  ; Rise       ; clk             ;
;  instr_debug[4]  ; clk        ; 7.742 ; 7.751  ; Rise       ; clk             ;
;  instr_debug[5]  ; clk        ; 7.748 ; 7.763  ; Rise       ; clk             ;
;  instr_debug[6]  ; clk        ; 7.492 ; 7.516  ; Rise       ; clk             ;
;  instr_debug[7]  ; clk        ; 7.599 ; 7.646  ; Rise       ; clk             ;
;  instr_debug[8]  ; clk        ; 8.502 ; 8.598  ; Rise       ; clk             ;
;  instr_debug[9]  ; clk        ; 7.542 ; 7.541  ; Rise       ; clk             ;
;  instr_debug[10] ; clk        ; 7.873 ; 7.880  ; Rise       ; clk             ;
;  instr_debug[11] ; clk        ; 8.070 ; 8.126  ; Rise       ; clk             ;
;  instr_debug[12] ; clk        ; 8.338 ; 8.399  ; Rise       ; clk             ;
;  instr_debug[13] ; clk        ; 7.224 ; 7.214  ; Rise       ; clk             ;
;  instr_debug[14] ; clk        ; 7.526 ; 7.528  ; Rise       ; clk             ;
;  instr_debug[15] ; clk        ; 7.233 ; 7.222  ; Rise       ; clk             ;
;  instr_debug[16] ; clk        ; 7.652 ; 7.693  ; Rise       ; clk             ;
;  instr_debug[17] ; clk        ; 7.593 ; 7.605  ; Rise       ; clk             ;
;  instr_debug[18] ; clk        ; 7.970 ; 8.043  ; Rise       ; clk             ;
;  instr_debug[19] ; clk        ; 8.358 ; 8.401  ; Rise       ; clk             ;
;  instr_debug[20] ; clk        ; 9.911 ; 10.066 ; Rise       ; clk             ;
;  instr_debug[21] ; clk        ; 7.714 ; 7.715  ; Rise       ; clk             ;
;  instr_debug[22] ; clk        ; 7.478 ; 7.475  ; Rise       ; clk             ;
;  instr_debug[23] ; clk        ; 7.337 ; 7.356  ; Rise       ; clk             ;
;  instr_debug[24] ; clk        ; 7.822 ; 7.865  ; Rise       ; clk             ;
;  instr_debug[25] ; clk        ; 7.906 ; 7.933  ; Rise       ; clk             ;
;  instr_debug[26] ; clk        ; 8.133 ; 8.180  ; Rise       ; clk             ;
;  instr_debug[27] ; clk        ; 8.995 ; 9.124  ; Rise       ; clk             ;
;  instr_debug[28] ; clk        ; 7.530 ; 7.559  ; Rise       ; clk             ;
;  instr_debug[29] ; clk        ; 7.705 ; 7.727  ; Rise       ; clk             ;
;  instr_debug[30] ; clk        ; 7.466 ; 7.462  ; Rise       ; clk             ;
;  instr_debug[31] ; clk        ; 8.729 ; 8.790  ; Rise       ; clk             ;
; pc_debug[*]      ; clk        ; 8.557 ; 8.642  ; Rise       ; clk             ;
;  pc_debug[2]     ; clk        ; 7.028 ; 7.041  ; Rise       ; clk             ;
;  pc_debug[3]     ; clk        ; 7.230 ; 7.240  ; Rise       ; clk             ;
;  pc_debug[4]     ; clk        ; 7.123 ; 7.157  ; Rise       ; clk             ;
;  pc_debug[5]     ; clk        ; 7.039 ; 7.054  ; Rise       ; clk             ;
;  pc_debug[6]     ; clk        ; 7.106 ; 7.121  ; Rise       ; clk             ;
;  pc_debug[7]     ; clk        ; 7.421 ; 7.429  ; Rise       ; clk             ;
;  pc_debug[8]     ; clk        ; 7.702 ; 7.708  ; Rise       ; clk             ;
;  pc_debug[9]     ; clk        ; 6.829 ; 6.837  ; Rise       ; clk             ;
;  pc_debug[10]    ; clk        ; 7.229 ; 7.235  ; Rise       ; clk             ;
;  pc_debug[11]    ; clk        ; 7.745 ; 7.749  ; Rise       ; clk             ;
;  pc_debug[12]    ; clk        ; 6.789 ; 6.807  ; Rise       ; clk             ;
;  pc_debug[13]    ; clk        ; 7.070 ; 7.094  ; Rise       ; clk             ;
;  pc_debug[14]    ; clk        ; 6.795 ; 6.800  ; Rise       ; clk             ;
;  pc_debug[15]    ; clk        ; 7.068 ; 7.089  ; Rise       ; clk             ;
;  pc_debug[16]    ; clk        ; 6.961 ; 6.971  ; Rise       ; clk             ;
;  pc_debug[17]    ; clk        ; 6.794 ; 6.812  ; Rise       ; clk             ;
;  pc_debug[18]    ; clk        ; 7.266 ; 7.280  ; Rise       ; clk             ;
;  pc_debug[19]    ; clk        ; 6.497 ; 6.508  ; Rise       ; clk             ;
;  pc_debug[20]    ; clk        ; 7.063 ; 7.085  ; Rise       ; clk             ;
;  pc_debug[21]    ; clk        ; 6.507 ; 6.518  ; Rise       ; clk             ;
;  pc_debug[22]    ; clk        ; 6.807 ; 6.825  ; Rise       ; clk             ;
;  pc_debug[23]    ; clk        ; 6.783 ; 6.789  ; Rise       ; clk             ;
;  pc_debug[24]    ; clk        ; 7.077 ; 7.091  ; Rise       ; clk             ;
;  pc_debug[25]    ; clk        ; 6.797 ; 6.805  ; Rise       ; clk             ;
;  pc_debug[26]    ; clk        ; 6.961 ; 6.979  ; Rise       ; clk             ;
;  pc_debug[27]    ; clk        ; 7.002 ; 7.037  ; Rise       ; clk             ;
;  pc_debug[28]    ; clk        ; 8.557 ; 8.642  ; Rise       ; clk             ;
;  pc_debug[29]    ; clk        ; 7.123 ; 7.152  ; Rise       ; clk             ;
;  pc_debug[30]    ; clk        ; 6.774 ; 6.790  ; Rise       ; clk             ;
;  pc_debug[31]    ; clk        ; 6.493 ; 6.500  ; Rise       ; clk             ;
+------------------+------------+-------+--------+------------+-----------------+


+------------------------------------------------------------------------------+
; Minimum Clock to Output Times                                                ;
+------------------+------------+-------+-------+------------+-----------------+
; Data Port        ; Clock Port ; Rise  ; Fall  ; Clock Edge ; Clock Reference ;
+------------------+------------+-------+-------+------------+-----------------+
; instr_debug[*]   ; clk        ; 4.153 ; 4.220 ; Rise       ; clk             ;
;  instr_debug[0]  ; clk        ; 4.352 ; 4.438 ; Rise       ; clk             ;
;  instr_debug[1]  ; clk        ; 4.185 ; 4.259 ; Rise       ; clk             ;
;  instr_debug[2]  ; clk        ; 4.478 ; 4.580 ; Rise       ; clk             ;
;  instr_debug[3]  ; clk        ; 4.191 ; 4.269 ; Rise       ; clk             ;
;  instr_debug[4]  ; clk        ; 4.443 ; 4.537 ; Rise       ; clk             ;
;  instr_debug[5]  ; clk        ; 4.451 ; 4.551 ; Rise       ; clk             ;
;  instr_debug[6]  ; clk        ; 4.306 ; 4.389 ; Rise       ; clk             ;
;  instr_debug[7]  ; clk        ; 4.370 ; 4.469 ; Rise       ; clk             ;
;  instr_debug[8]  ; clk        ; 5.079 ; 5.198 ; Rise       ; clk             ;
;  instr_debug[9]  ; clk        ; 4.309 ; 4.406 ; Rise       ; clk             ;
;  instr_debug[10] ; clk        ; 4.524 ; 4.643 ; Rise       ; clk             ;
;  instr_debug[11] ; clk        ; 4.614 ; 4.754 ; Rise       ; clk             ;
;  instr_debug[12] ; clk        ; 4.774 ; 4.932 ; Rise       ; clk             ;
;  instr_debug[13] ; clk        ; 4.155 ; 4.220 ; Rise       ; clk             ;
;  instr_debug[14] ; clk        ; 4.311 ; 4.404 ; Rise       ; clk             ;
;  instr_debug[15] ; clk        ; 4.153 ; 4.220 ; Rise       ; clk             ;
;  instr_debug[16] ; clk        ; 4.396 ; 4.496 ; Rise       ; clk             ;
;  instr_debug[17] ; clk        ; 4.359 ; 4.459 ; Rise       ; clk             ;
;  instr_debug[18] ; clk        ; 4.568 ; 4.711 ; Rise       ; clk             ;
;  instr_debug[19] ; clk        ; 4.754 ; 4.921 ; Rise       ; clk             ;
;  instr_debug[20] ; clk        ; 5.852 ; 6.075 ; Rise       ; clk             ;
;  instr_debug[21] ; clk        ; 4.407 ; 4.513 ; Rise       ; clk             ;
;  instr_debug[22] ; clk        ; 4.290 ; 4.374 ; Rise       ; clk             ;
;  instr_debug[23] ; clk        ; 4.208 ; 4.293 ; Rise       ; clk             ;
;  instr_debug[24] ; clk        ; 4.462 ; 4.593 ; Rise       ; clk             ;
;  instr_debug[25] ; clk        ; 4.530 ; 4.653 ; Rise       ; clk             ;
;  instr_debug[26] ; clk        ; 4.654 ; 4.801 ; Rise       ; clk             ;
;  instr_debug[27] ; clk        ; 5.326 ; 5.489 ; Rise       ; clk             ;
;  instr_debug[28] ; clk        ; 4.318 ; 4.420 ; Rise       ; clk             ;
;  instr_debug[29] ; clk        ; 4.406 ; 4.518 ; Rise       ; clk             ;
;  instr_debug[30] ; clk        ; 4.287 ; 4.374 ; Rise       ; clk             ;
;  instr_debug[31] ; clk        ; 4.974 ; 5.169 ; Rise       ; clk             ;
; pc_debug[*]      ; clk        ; 3.772 ; 3.828 ; Rise       ; clk             ;
;  pc_debug[2]     ; clk        ; 4.067 ; 4.157 ; Rise       ; clk             ;
;  pc_debug[3]     ; clk        ; 4.182 ; 4.285 ; Rise       ; clk             ;
;  pc_debug[4]     ; clk        ; 4.121 ; 4.226 ; Rise       ; clk             ;
;  pc_debug[5]     ; clk        ; 4.071 ; 4.163 ; Rise       ; clk             ;
;  pc_debug[6]     ; clk        ; 4.123 ; 4.219 ; Rise       ; clk             ;
;  pc_debug[7]     ; clk        ; 4.269 ; 4.378 ; Rise       ; clk             ;
;  pc_debug[8]     ; clk        ; 4.432 ; 4.560 ; Rise       ; clk             ;
;  pc_debug[9]     ; clk        ; 3.966 ; 4.042 ; Rise       ; clk             ;
;  pc_debug[10]    ; clk        ; 4.182 ; 4.281 ; Rise       ; clk             ;
;  pc_debug[11]    ; clk        ; 4.442 ; 4.577 ; Rise       ; clk             ;
;  pc_debug[12]    ; clk        ; 3.935 ; 4.013 ; Rise       ; clk             ;
;  pc_debug[13]    ; clk        ; 4.101 ; 4.199 ; Rise       ; clk             ;
;  pc_debug[14]    ; clk        ; 3.946 ; 4.017 ; Rise       ; clk             ;
;  pc_debug[15]    ; clk        ; 4.103 ; 4.199 ; Rise       ; clk             ;
;  pc_debug[16]    ; clk        ; 4.024 ; 4.107 ; Rise       ; clk             ;
;  pc_debug[17]    ; clk        ; 3.955 ; 4.031 ; Rise       ; clk             ;
;  pc_debug[18]    ; clk        ; 4.204 ; 4.307 ; Rise       ; clk             ;
;  pc_debug[19]    ; clk        ; 3.775 ; 3.832 ; Rise       ; clk             ;
;  pc_debug[20]    ; clk        ; 4.092 ; 4.186 ; Rise       ; clk             ;
;  pc_debug[21]    ; clk        ; 3.785 ; 3.842 ; Rise       ; clk             ;
;  pc_debug[22]    ; clk        ; 3.957 ; 4.034 ; Rise       ; clk             ;
;  pc_debug[23]    ; clk        ; 3.937 ; 4.007 ; Rise       ; clk             ;
;  pc_debug[24]    ; clk        ; 4.111 ; 4.203 ; Rise       ; clk             ;
;  pc_debug[25]    ; clk        ; 3.947 ; 4.020 ; Rise       ; clk             ;
;  pc_debug[26]    ; clk        ; 4.035 ; 4.106 ; Rise       ; clk             ;
;  pc_debug[27]    ; clk        ; 4.059 ; 4.144 ; Rise       ; clk             ;
;  pc_debug[28]    ; clk        ; 5.100 ; 5.243 ; Rise       ; clk             ;
;  pc_debug[29]    ; clk        ; 4.137 ; 4.243 ; Rise       ; clk             ;
;  pc_debug[30]    ; clk        ; 3.933 ; 4.008 ; Rise       ; clk             ;
;  pc_debug[31]    ; clk        ; 3.772 ; 3.828 ; Rise       ; clk             ;
+------------------+------------+-------+-------+------------+-----------------+


+--------------------------------------------------------------------------------------------------------------------------------------------------------------------------------------------------------------------------------------------------------------------------------------------------------------------------------------------------------------------------------------------------------------------+
; Board Trace Model Assignments                                                                                                                                                                                                                                                                                                                                                                                      ;
+-----------------+--------------+-------------------+-------------------------+-------------------------+---------------+---------------------+----------------+------------------+--------+------------------+------------------------+------------------------+--------------+---------------+-----------------+-------+---------------------+--------------------+---------------+-----------------+-------------+
; Pin             ; I/O Standard ; Near Tline Length ; Near Tline L per Length ; Near Tline C per Length ; Near Series R ; Near Differential R ; Near Pull-up R ; Near Pull-down R ; Near C ; Far Tline Length ; Far Tline L per Length ; Far Tline C per Length ; Far Series R ; Far Pull-up R ; Far Pull-down R ; Far C ; Termination Voltage ; Far Differential R ; EBD File Name ; EBD Signal Name ; EBD Far-end ;
+-----------------+--------------+-------------------+-------------------------+-------------------------+---------------+---------------------+----------------+------------------+--------+------------------+------------------------+------------------------+--------------+---------------+-----------------+-------+---------------------+--------------------+---------------+-----------------+-------------+
; pc_debug[0]     ; 2.5 V        ; 0 in              ; 0 H/in                  ; 0 F/in                  ; short         ; -                   ; open           ; open             ; open   ; 0 in             ; 0 H/in                 ; 0 F/in                 ; short        ; open          ; open            ; open  ; 0 V                 ; -                  ; n/a           ; n/a             ; n/a         ;
; pc_debug[1]     ; 2.5 V        ; 0 in              ; 0 H/in                  ; 0 F/in                  ; short         ; -                   ; open           ; open             ; open   ; 0 in             ; 0 H/in                 ; 0 F/in                 ; short        ; open          ; open            ; open  ; 0 V                 ; -                  ; n/a           ; n/a             ; n/a         ;
; pc_debug[2]     ; 2.5 V        ; 0 in              ; 0 H/in                  ; 0 F/in                  ; short         ; -                   ; open           ; open             ; open   ; 0 in             ; 0 H/in                 ; 0 F/in                 ; short        ; open          ; open            ; open  ; 0 V                 ; -                  ; n/a           ; n/a             ; n/a         ;
; pc_debug[3]     ; 2.5 V        ; 0 in              ; 0 H/in                  ; 0 F/in                  ; short         ; -                   ; open           ; open             ; open   ; 0 in             ; 0 H/in                 ; 0 F/in                 ; short        ; open          ; open            ; open  ; 0 V                 ; -                  ; n/a           ; n/a             ; n/a         ;
; pc_debug[4]     ; 2.5 V        ; 0 in              ; 0 H/in                  ; 0 F/in                  ; short         ; -                   ; open           ; open             ; open   ; 0 in             ; 0 H/in                 ; 0 F/in                 ; short        ; open          ; open            ; open  ; 0 V                 ; -                  ; n/a           ; n/a             ; n/a         ;
; pc_debug[5]     ; 2.5 V        ; 0 in              ; 0 H/in                  ; 0 F/in                  ; short         ; -                   ; open           ; open             ; open   ; 0 in             ; 0 H/in                 ; 0 F/in                 ; short        ; open          ; open            ; open  ; 0 V                 ; -                  ; n/a           ; n/a             ; n/a         ;
; pc_debug[6]     ; 2.5 V        ; 0 in              ; 0 H/in                  ; 0 F/in                  ; short         ; -                   ; open           ; open             ; open   ; 0 in             ; 0 H/in                 ; 0 F/in                 ; short        ; open          ; open            ; open  ; 0 V                 ; -                  ; n/a           ; n/a             ; n/a         ;
; pc_debug[7]     ; 2.5 V        ; 0 in              ; 0 H/in                  ; 0 F/in                  ; short         ; -                   ; open           ; open             ; open   ; 0 in             ; 0 H/in                 ; 0 F/in                 ; short        ; open          ; open            ; open  ; 0 V                 ; -                  ; n/a           ; n/a             ; n/a         ;
; pc_debug[8]     ; 2.5 V        ; 0 in              ; 0 H/in                  ; 0 F/in                  ; short         ; -                   ; open           ; open             ; open   ; 0 in             ; 0 H/in                 ; 0 F/in                 ; short        ; open          ; open            ; open  ; 0 V                 ; -                  ; n/a           ; n/a             ; n/a         ;
; pc_debug[9]     ; 2.5 V        ; 0 in              ; 0 H/in                  ; 0 F/in                  ; short         ; -                   ; open           ; open             ; open   ; 0 in             ; 0 H/in                 ; 0 F/in                 ; short        ; open          ; open            ; open  ; 0 V                 ; -                  ; n/a           ; n/a             ; n/a         ;
; pc_debug[10]    ; 2.5 V        ; 0 in              ; 0 H/in                  ; 0 F/in                  ; short         ; -                   ; open           ; open             ; open   ; 0 in             ; 0 H/in                 ; 0 F/in                 ; short        ; open          ; open            ; open  ; 0 V                 ; -                  ; n/a           ; n/a             ; n/a         ;
; pc_debug[11]    ; 2.5 V        ; 0 in              ; 0 H/in                  ; 0 F/in                  ; short         ; -                   ; open           ; open             ; open   ; 0 in             ; 0 H/in                 ; 0 F/in                 ; short        ; open          ; open            ; open  ; 0 V                 ; -                  ; n/a           ; n/a             ; n/a         ;
; pc_debug[12]    ; 2.5 V        ; 0 in              ; 0 H/in                  ; 0 F/in                  ; short         ; -                   ; open           ; open             ; open   ; 0 in             ; 0 H/in                 ; 0 F/in                 ; short        ; open          ; open            ; open  ; 0 V                 ; -                  ; n/a           ; n/a             ; n/a         ;
; pc_debug[13]    ; 2.5 V        ; 0 in              ; 0 H/in                  ; 0 F/in                  ; short         ; -                   ; open           ; open             ; open   ; 0 in             ; 0 H/in                 ; 0 F/in                 ; short        ; open          ; open            ; open  ; 0 V                 ; -                  ; n/a           ; n/a             ; n/a         ;
; pc_debug[14]    ; 2.5 V        ; 0 in              ; 0 H/in                  ; 0 F/in                  ; short         ; -                   ; open           ; open             ; open   ; 0 in             ; 0 H/in                 ; 0 F/in                 ; short        ; open          ; open            ; open  ; 0 V                 ; -                  ; n/a           ; n/a             ; n/a         ;
; pc_debug[15]    ; 2.5 V        ; 0 in              ; 0 H/in                  ; 0 F/in                  ; short         ; -                   ; open           ; open             ; open   ; 0 in             ; 0 H/in                 ; 0 F/in                 ; short        ; open          ; open            ; open  ; 0 V                 ; -                  ; n/a           ; n/a             ; n/a         ;
; pc_debug[16]    ; 2.5 V        ; 0 in              ; 0 H/in                  ; 0 F/in                  ; short         ; -                   ; open           ; open             ; open   ; 0 in             ; 0 H/in                 ; 0 F/in                 ; short        ; open          ; open            ; open  ; 0 V                 ; -                  ; n/a           ; n/a             ; n/a         ;
; pc_debug[17]    ; 2.5 V        ; 0 in              ; 0 H/in                  ; 0 F/in                  ; short         ; -                   ; open           ; open             ; open   ; 0 in             ; 0 H/in                 ; 0 F/in                 ; short        ; open          ; open            ; open  ; 0 V                 ; -                  ; n/a           ; n/a             ; n/a         ;
; pc_debug[18]    ; 2.5 V        ; 0 in              ; 0 H/in                  ; 0 F/in                  ; short         ; -                   ; open           ; open             ; open   ; 0 in             ; 0 H/in                 ; 0 F/in                 ; short        ; open          ; open            ; open  ; 0 V                 ; -                  ; n/a           ; n/a             ; n/a         ;
; pc_debug[19]    ; 2.5 V        ; 0 in              ; 0 H/in                  ; 0 F/in                  ; short         ; -                   ; open           ; open             ; open   ; 0 in             ; 0 H/in                 ; 0 F/in                 ; short        ; open          ; open            ; open  ; 0 V                 ; -                  ; n/a           ; n/a             ; n/a         ;
; pc_debug[20]    ; 2.5 V        ; 0 in              ; 0 H/in                  ; 0 F/in                  ; short         ; -                   ; open           ; open             ; open   ; 0 in             ; 0 H/in                 ; 0 F/in                 ; short        ; open          ; open            ; open  ; 0 V                 ; -                  ; n/a           ; n/a             ; n/a         ;
; pc_debug[21]    ; 2.5 V        ; 0 in              ; 0 H/in                  ; 0 F/in                  ; short         ; -                   ; open           ; open             ; open   ; 0 in             ; 0 H/in                 ; 0 F/in                 ; short        ; open          ; open            ; open  ; 0 V                 ; -                  ; n/a           ; n/a             ; n/a         ;
; pc_debug[22]    ; 2.5 V        ; 0 in              ; 0 H/in                  ; 0 F/in                  ; short         ; -                   ; open           ; open             ; open   ; 0 in             ; 0 H/in                 ; 0 F/in                 ; short        ; open          ; open            ; open  ; 0 V                 ; -                  ; n/a           ; n/a             ; n/a         ;
; pc_debug[23]    ; 2.5 V        ; 0 in              ; 0 H/in                  ; 0 F/in                  ; short         ; -                   ; open           ; open             ; open   ; 0 in             ; 0 H/in                 ; 0 F/in                 ; short        ; open          ; open            ; open  ; 0 V                 ; -                  ; n/a           ; n/a             ; n/a         ;
; pc_debug[24]    ; 2.5 V        ; 0 in              ; 0 H/in                  ; 0 F/in                  ; short         ; -                   ; open           ; open             ; open   ; 0 in             ; 0 H/in                 ; 0 F/in                 ; short        ; open          ; open            ; open  ; 0 V                 ; -                  ; n/a           ; n/a             ; n/a         ;
; pc_debug[25]    ; 2.5 V        ; 0 in              ; 0 H/in                  ; 0 F/in                  ; short         ; -                   ; open           ; open             ; open   ; 0 in             ; 0 H/in                 ; 0 F/in                 ; short        ; open          ; open            ; open  ; 0 V                 ; -                  ; n/a           ; n/a             ; n/a         ;
; pc_debug[26]    ; 2.5 V        ; 0 in              ; 0 H/in                  ; 0 F/in                  ; short         ; -                   ; open           ; open             ; open   ; 0 in             ; 0 H/in                 ; 0 F/in                 ; short        ; open          ; open            ; open  ; 0 V                 ; -                  ; n/a           ; n/a             ; n/a         ;
; pc_debug[27]    ; 2.5 V        ; 0 in              ; 0 H/in                  ; 0 F/in                  ; short         ; -                   ; open           ; open             ; open   ; 0 in             ; 0 H/in                 ; 0 F/in                 ; short        ; open          ; open            ; open  ; 0 V                 ; -                  ; n/a           ; n/a             ; n/a         ;
; pc_debug[28]    ; 2.5 V        ; 0 in              ; 0 H/in                  ; 0 F/in                  ; short         ; -                   ; open           ; open             ; open   ; 0 in             ; 0 H/in                 ; 0 F/in                 ; short        ; open          ; open            ; open  ; 0 V                 ; -                  ; n/a           ; n/a             ; n/a         ;
; pc_debug[29]    ; 2.5 V        ; 0 in              ; 0 H/in                  ; 0 F/in                  ; short         ; -                   ; open           ; open             ; open   ; 0 in             ; 0 H/in                 ; 0 F/in                 ; short        ; open          ; open            ; open  ; 0 V                 ; -                  ; n/a           ; n/a             ; n/a         ;
; pc_debug[30]    ; 2.5 V        ; 0 in              ; 0 H/in                  ; 0 F/in                  ; short         ; -                   ; open           ; open             ; open   ; 0 in             ; 0 H/in                 ; 0 F/in                 ; short        ; open          ; open            ; open  ; 0 V                 ; -                  ; n/a           ; n/a             ; n/a         ;
; pc_debug[31]    ; 2.5 V        ; 0 in              ; 0 H/in                  ; 0 F/in                  ; short         ; -                   ; open           ; open             ; open   ; 0 in             ; 0 H/in                 ; 0 F/in                 ; short        ; open          ; open            ; open  ; 0 V                 ; -                  ; n/a           ; n/a             ; n/a         ;
; instr_debug[0]  ; 2.5 V        ; 0 in              ; 0 H/in                  ; 0 F/in                  ; short         ; -                   ; open           ; open             ; open   ; 0 in             ; 0 H/in                 ; 0 F/in                 ; short        ; open          ; open            ; open  ; 0 V                 ; -                  ; n/a           ; n/a             ; n/a         ;
; instr_debug[1]  ; 2.5 V        ; 0 in              ; 0 H/in                  ; 0 F/in                  ; short         ; -                   ; open           ; open             ; open   ; 0 in             ; 0 H/in                 ; 0 F/in                 ; short        ; open          ; open            ; open  ; 0 V                 ; -                  ; n/a           ; n/a             ; n/a         ;
; instr_debug[2]  ; 2.5 V        ; 0 in              ; 0 H/in                  ; 0 F/in                  ; short         ; -                   ; open           ; open             ; open   ; 0 in             ; 0 H/in                 ; 0 F/in                 ; short        ; open          ; open            ; open  ; 0 V                 ; -                  ; n/a           ; n/a             ; n/a         ;
; instr_debug[3]  ; 2.5 V        ; 0 in              ; 0 H/in                  ; 0 F/in                  ; short         ; -                   ; open           ; open             ; open   ; 0 in             ; 0 H/in                 ; 0 F/in                 ; short        ; open          ; open            ; open  ; 0 V                 ; -                  ; n/a           ; n/a             ; n/a         ;
; instr_debug[4]  ; 2.5 V        ; 0 in              ; 0 H/in                  ; 0 F/in                  ; short         ; -                   ; open           ; open             ; open   ; 0 in             ; 0 H/in                 ; 0 F/in                 ; short        ; open          ; open            ; open  ; 0 V                 ; -                  ; n/a           ; n/a             ; n/a         ;
; instr_debug[5]  ; 2.5 V        ; 0 in              ; 0 H/in                  ; 0 F/in                  ; short         ; -                   ; open           ; open             ; open   ; 0 in             ; 0 H/in                 ; 0 F/in                 ; short        ; open          ; open            ; open  ; 0 V                 ; -                  ; n/a           ; n/a             ; n/a         ;
; instr_debug[6]  ; 2.5 V        ; 0 in              ; 0 H/in                  ; 0 F/in                  ; short         ; -                   ; open           ; open             ; open   ; 0 in             ; 0 H/in                 ; 0 F/in                 ; short        ; open          ; open            ; open  ; 0 V                 ; -                  ; n/a           ; n/a             ; n/a         ;
; instr_debug[7]  ; 2.5 V        ; 0 in              ; 0 H/in                  ; 0 F/in                  ; short         ; -                   ; open           ; open             ; open   ; 0 in             ; 0 H/in                 ; 0 F/in                 ; short        ; open          ; open            ; open  ; 0 V                 ; -                  ; n/a           ; n/a             ; n/a         ;
; instr_debug[8]  ; 2.5 V        ; 0 in              ; 0 H/in                  ; 0 F/in                  ; short         ; -                   ; open           ; open             ; open   ; 0 in             ; 0 H/in                 ; 0 F/in                 ; short        ; open          ; open            ; open  ; 0 V                 ; -                  ; n/a           ; n/a             ; n/a         ;
; instr_debug[9]  ; 2.5 V        ; 0 in              ; 0 H/in                  ; 0 F/in                  ; short         ; -                   ; open           ; open             ; open   ; 0 in             ; 0 H/in                 ; 0 F/in                 ; short        ; open          ; open            ; open  ; 0 V                 ; -                  ; n/a           ; n/a             ; n/a         ;
; instr_debug[10] ; 2.5 V        ; 0 in              ; 0 H/in                  ; 0 F/in                  ; short         ; -                   ; open           ; open             ; open   ; 0 in             ; 0 H/in                 ; 0 F/in                 ; short        ; open          ; open            ; open  ; 0 V                 ; -                  ; n/a           ; n/a             ; n/a         ;
; instr_debug[11] ; 2.5 V        ; 0 in              ; 0 H/in                  ; 0 F/in                  ; short         ; -                   ; open           ; open             ; open   ; 0 in             ; 0 H/in                 ; 0 F/in                 ; short        ; open          ; open            ; open  ; 0 V                 ; -                  ; n/a           ; n/a             ; n/a         ;
; instr_debug[12] ; 2.5 V        ; 0 in              ; 0 H/in                  ; 0 F/in                  ; short         ; -                   ; open           ; open             ; open   ; 0 in             ; 0 H/in                 ; 0 F/in                 ; short        ; open          ; open            ; open  ; 0 V                 ; -                  ; n/a           ; n/a             ; n/a         ;
; instr_debug[13] ; 2.5 V        ; 0 in              ; 0 H/in                  ; 0 F/in                  ; short         ; -                   ; open           ; open             ; open   ; 0 in             ; 0 H/in                 ; 0 F/in                 ; short        ; open          ; open            ; open  ; 0 V                 ; -                  ; n/a           ; n/a             ; n/a         ;
; instr_debug[14] ; 2.5 V        ; 0 in              ; 0 H/in                  ; 0 F/in                  ; short         ; -                   ; open           ; open             ; open   ; 0 in             ; 0 H/in                 ; 0 F/in                 ; short        ; open          ; open            ; open  ; 0 V                 ; -                  ; n/a           ; n/a             ; n/a         ;
; instr_debug[15] ; 2.5 V        ; 0 in              ; 0 H/in                  ; 0 F/in                  ; short         ; -                   ; open           ; open             ; open   ; 0 in             ; 0 H/in                 ; 0 F/in                 ; short        ; open          ; open            ; open  ; 0 V                 ; -                  ; n/a           ; n/a             ; n/a         ;
; instr_debug[16] ; 2.5 V        ; 0 in              ; 0 H/in                  ; 0 F/in                  ; short         ; -                   ; open           ; open             ; open   ; 0 in             ; 0 H/in                 ; 0 F/in                 ; short        ; open          ; open            ; open  ; 0 V                 ; -                  ; n/a           ; n/a             ; n/a         ;
; instr_debug[17] ; 2.5 V        ; 0 in              ; 0 H/in                  ; 0 F/in                  ; short         ; -                   ; open           ; open             ; open   ; 0 in             ; 0 H/in                 ; 0 F/in                 ; short        ; open          ; open            ; open  ; 0 V                 ; -                  ; n/a           ; n/a             ; n/a         ;
; instr_debug[18] ; 2.5 V        ; 0 in              ; 0 H/in                  ; 0 F/in                  ; short         ; -                   ; open           ; open             ; open   ; 0 in             ; 0 H/in                 ; 0 F/in                 ; short        ; open          ; open            ; open  ; 0 V                 ; -                  ; n/a           ; n/a             ; n/a         ;
; instr_debug[19] ; 2.5 V        ; 0 in              ; 0 H/in                  ; 0 F/in                  ; short         ; -                   ; open           ; open             ; open   ; 0 in             ; 0 H/in                 ; 0 F/in                 ; short        ; open          ; open            ; open  ; 0 V                 ; -                  ; n/a           ; n/a             ; n/a         ;
; instr_debug[20] ; 2.5 V        ; 0 in              ; 0 H/in                  ; 0 F/in                  ; short         ; -                   ; open           ; open             ; open   ; 0 in             ; 0 H/in                 ; 0 F/in                 ; short        ; open          ; open            ; open  ; 0 V                 ; -                  ; n/a           ; n/a             ; n/a         ;
; instr_debug[21] ; 2.5 V        ; 0 in              ; 0 H/in                  ; 0 F/in                  ; short         ; -                   ; open           ; open             ; open   ; 0 in             ; 0 H/in                 ; 0 F/in                 ; short        ; open          ; open            ; open  ; 0 V                 ; -                  ; n/a           ; n/a             ; n/a         ;
; instr_debug[22] ; 2.5 V        ; 0 in              ; 0 H/in                  ; 0 F/in                  ; short         ; -                   ; open           ; open             ; open   ; 0 in             ; 0 H/in                 ; 0 F/in                 ; short        ; open          ; open            ; open  ; 0 V                 ; -                  ; n/a           ; n/a             ; n/a         ;
; instr_debug[23] ; 2.5 V        ; 0 in              ; 0 H/in                  ; 0 F/in                  ; short         ; -                   ; open           ; open             ; open   ; 0 in             ; 0 H/in                 ; 0 F/in                 ; short        ; open          ; open            ; open  ; 0 V                 ; -                  ; n/a           ; n/a             ; n/a         ;
; instr_debug[24] ; 2.5 V        ; 0 in              ; 0 H/in                  ; 0 F/in                  ; short         ; -                   ; open           ; open             ; open   ; 0 in             ; 0 H/in                 ; 0 F/in                 ; short        ; open          ; open            ; open  ; 0 V                 ; -                  ; n/a           ; n/a             ; n/a         ;
; instr_debug[25] ; 2.5 V        ; 0 in              ; 0 H/in                  ; 0 F/in                  ; short         ; -                   ; open           ; open             ; open   ; 0 in             ; 0 H/in                 ; 0 F/in                 ; short        ; open          ; open            ; open  ; 0 V                 ; -                  ; n/a           ; n/a             ; n/a         ;
; instr_debug[26] ; 2.5 V        ; 0 in              ; 0 H/in                  ; 0 F/in                  ; short         ; -                   ; open           ; open             ; open   ; 0 in             ; 0 H/in                 ; 0 F/in                 ; short        ; open          ; open            ; open  ; 0 V                 ; -                  ; n/a           ; n/a             ; n/a         ;
; instr_debug[27] ; 2.5 V        ; 0 in              ; 0 H/in                  ; 0 F/in                  ; short         ; -                   ; open           ; open             ; open   ; 0 in             ; 0 H/in                 ; 0 F/in                 ; short        ; open          ; open            ; open  ; 0 V                 ; -                  ; n/a           ; n/a             ; n/a         ;
; instr_debug[28] ; 2.5 V        ; 0 in              ; 0 H/in                  ; 0 F/in                  ; short         ; -                   ; open           ; open             ; open   ; 0 in             ; 0 H/in                 ; 0 F/in                 ; short        ; open          ; open            ; open  ; 0 V                 ; -                  ; n/a           ; n/a             ; n/a         ;
; instr_debug[29] ; 2.5 V        ; 0 in              ; 0 H/in                  ; 0 F/in                  ; short         ; -                   ; open           ; open             ; open   ; 0 in             ; 0 H/in                 ; 0 F/in                 ; short        ; open          ; open            ; open  ; 0 V                 ; -                  ; n/a           ; n/a             ; n/a         ;
; instr_debug[30] ; 2.5 V        ; 0 in              ; 0 H/in                  ; 0 F/in                  ; short         ; -                   ; open           ; open             ; open   ; 0 in             ; 0 H/in                 ; 0 F/in                 ; short        ; open          ; open            ; open  ; 0 V                 ; -                  ; n/a           ; n/a             ; n/a         ;
; instr_debug[31] ; 2.5 V        ; 0 in              ; 0 H/in                  ; 0 F/in                  ; short         ; -                   ; open           ; open             ; open   ; 0 in             ; 0 H/in                 ; 0 F/in                 ; short        ; open          ; open            ; open  ; 0 V                 ; -                  ; n/a           ; n/a             ; n/a         ;
; rs1_debug[0]    ; 2.5 V        ; 0 in              ; 0 H/in                  ; 0 F/in                  ; short         ; -                   ; open           ; open             ; open   ; 0 in             ; 0 H/in                 ; 0 F/in                 ; short        ; open          ; open            ; open  ; 0 V                 ; -                  ; n/a           ; n/a             ; n/a         ;
; rs1_debug[1]    ; 2.5 V        ; 0 in              ; 0 H/in                  ; 0 F/in                  ; short         ; -                   ; open           ; open             ; open   ; 0 in             ; 0 H/in                 ; 0 F/in                 ; short        ; open          ; open            ; open  ; 0 V                 ; -                  ; n/a           ; n/a             ; n/a         ;
; rs1_debug[2]    ; 2.5 V        ; 0 in              ; 0 H/in                  ; 0 F/in                  ; short         ; -                   ; open           ; open             ; open   ; 0 in             ; 0 H/in                 ; 0 F/in                 ; short        ; open          ; open            ; open  ; 0 V                 ; -                  ; n/a           ; n/a             ; n/a         ;
; rs1_debug[3]    ; 2.5 V        ; 0 in              ; 0 H/in                  ; 0 F/in                  ; short         ; -                   ; open           ; open             ; open   ; 0 in             ; 0 H/in                 ; 0 F/in                 ; short        ; open          ; open            ; open  ; 0 V                 ; -                  ; n/a           ; n/a             ; n/a         ;
; rs1_debug[4]    ; 2.5 V        ; 0 in              ; 0 H/in                  ; 0 F/in                  ; short         ; -                   ; open           ; open             ; open   ; 0 in             ; 0 H/in                 ; 0 F/in                 ; short        ; open          ; open            ; open  ; 0 V                 ; -                  ; n/a           ; n/a             ; n/a         ;
; rs1_debug[5]    ; 2.5 V        ; 0 in              ; 0 H/in                  ; 0 F/in                  ; short         ; -                   ; open           ; open             ; open   ; 0 in             ; 0 H/in                 ; 0 F/in                 ; short        ; open          ; open            ; open  ; 0 V                 ; -                  ; n/a           ; n/a             ; n/a         ;
; rs1_debug[6]    ; 2.5 V        ; 0 in              ; 0 H/in                  ; 0 F/in                  ; short         ; -                   ; open           ; open             ; open   ; 0 in             ; 0 H/in                 ; 0 F/in                 ; short        ; open          ; open            ; open  ; 0 V                 ; -                  ; n/a           ; n/a             ; n/a         ;
; rs1_debug[7]    ; 2.5 V        ; 0 in              ; 0 H/in                  ; 0 F/in                  ; short         ; -                   ; open           ; open             ; open   ; 0 in             ; 0 H/in                 ; 0 F/in                 ; short        ; open          ; open            ; open  ; 0 V                 ; -                  ; n/a           ; n/a             ; n/a         ;
; rs1_debug[8]    ; 2.5 V        ; 0 in              ; 0 H/in                  ; 0 F/in                  ; short         ; -                   ; open           ; open             ; open   ; 0 in             ; 0 H/in                 ; 0 F/in                 ; short        ; open          ; open            ; open  ; 0 V                 ; -                  ; n/a           ; n/a             ; n/a         ;
; rs1_debug[9]    ; 2.5 V        ; 0 in              ; 0 H/in                  ; 0 F/in                  ; short         ; -                   ; open           ; open             ; open   ; 0 in             ; 0 H/in                 ; 0 F/in                 ; short        ; open          ; open            ; open  ; 0 V                 ; -                  ; n/a           ; n/a             ; n/a         ;
; rs1_debug[10]   ; 2.5 V        ; 0 in              ; 0 H/in                  ; 0 F/in                  ; short         ; -                   ; open           ; open             ; open   ; 0 in             ; 0 H/in                 ; 0 F/in                 ; short        ; open          ; open            ; open  ; 0 V                 ; -                  ; n/a           ; n/a             ; n/a         ;
; rs1_debug[11]   ; 2.5 V        ; 0 in              ; 0 H/in                  ; 0 F/in                  ; short         ; -                   ; open           ; open             ; open   ; 0 in             ; 0 H/in                 ; 0 F/in                 ; short        ; open          ; open            ; open  ; 0 V                 ; -                  ; n/a           ; n/a             ; n/a         ;
; rs1_debug[12]   ; 2.5 V        ; 0 in              ; 0 H/in                  ; 0 F/in                  ; short         ; -                   ; open           ; open             ; open   ; 0 in             ; 0 H/in                 ; 0 F/in                 ; short        ; open          ; open            ; open  ; 0 V                 ; -                  ; n/a           ; n/a             ; n/a         ;
; rs1_debug[13]   ; 2.5 V        ; 0 in              ; 0 H/in                  ; 0 F/in                  ; short         ; -                   ; open           ; open             ; open   ; 0 in             ; 0 H/in                 ; 0 F/in                 ; short        ; open          ; open            ; open  ; 0 V                 ; -                  ; n/a           ; n/a             ; n/a         ;
; rs1_debug[14]   ; 2.5 V        ; 0 in              ; 0 H/in                  ; 0 F/in                  ; short         ; -                   ; open           ; open             ; open   ; 0 in             ; 0 H/in                 ; 0 F/in                 ; short        ; open          ; open            ; open  ; 0 V                 ; -                  ; n/a           ; n/a             ; n/a         ;
; rs1_debug[15]   ; 2.5 V        ; 0 in              ; 0 H/in                  ; 0 F/in                  ; short         ; -                   ; open           ; open             ; open   ; 0 in             ; 0 H/in                 ; 0 F/in                 ; short        ; open          ; open            ; open  ; 0 V                 ; -                  ; n/a           ; n/a             ; n/a         ;
; rs1_debug[16]   ; 2.5 V        ; 0 in              ; 0 H/in                  ; 0 F/in                  ; short         ; -                   ; open           ; open             ; open   ; 0 in             ; 0 H/in                 ; 0 F/in                 ; short        ; open          ; open            ; open  ; 0 V                 ; -                  ; n/a           ; n/a             ; n/a         ;
; rs1_debug[17]   ; 2.5 V        ; 0 in              ; 0 H/in                  ; 0 F/in                  ; short         ; -                   ; open           ; open             ; open   ; 0 in             ; 0 H/in                 ; 0 F/in                 ; short        ; open          ; open            ; open  ; 0 V                 ; -                  ; n/a           ; n/a             ; n/a         ;
; rs1_debug[18]   ; 2.5 V        ; 0 in              ; 0 H/in                  ; 0 F/in                  ; short         ; -                   ; open           ; open             ; open   ; 0 in             ; 0 H/in                 ; 0 F/in                 ; short        ; open          ; open            ; open  ; 0 V                 ; -                  ; n/a           ; n/a             ; n/a         ;
; rs1_debug[19]   ; 2.5 V        ; 0 in              ; 0 H/in                  ; 0 F/in                  ; short         ; -                   ; open           ; open             ; open   ; 0 in             ; 0 H/in                 ; 0 F/in                 ; short        ; open          ; open            ; open  ; 0 V                 ; -                  ; n/a           ; n/a             ; n/a         ;
; rs1_debug[20]   ; 2.5 V        ; 0 in              ; 0 H/in                  ; 0 F/in                  ; short         ; -                   ; open           ; open             ; open   ; 0 in             ; 0 H/in                 ; 0 F/in                 ; short        ; open          ; open            ; open  ; 0 V                 ; -                  ; n/a           ; n/a             ; n/a         ;
; rs1_debug[21]   ; 2.5 V        ; 0 in              ; 0 H/in                  ; 0 F/in                  ; short         ; -                   ; open           ; open             ; open   ; 0 in             ; 0 H/in                 ; 0 F/in                 ; short        ; open          ; open            ; open  ; 0 V                 ; -                  ; n/a           ; n/a             ; n/a         ;
; rs1_debug[22]   ; 2.5 V        ; 0 in              ; 0 H/in                  ; 0 F/in                  ; short         ; -                   ; open           ; open             ; open   ; 0 in             ; 0 H/in                 ; 0 F/in                 ; short        ; open          ; open            ; open  ; 0 V                 ; -                  ; n/a           ; n/a             ; n/a         ;
; rs1_debug[23]   ; 2.5 V        ; 0 in              ; 0 H/in                  ; 0 F/in                  ; short         ; -                   ; open           ; open             ; open   ; 0 in             ; 0 H/in                 ; 0 F/in                 ; short        ; open          ; open            ; open  ; 0 V                 ; -                  ; n/a           ; n/a             ; n/a         ;
; rs1_debug[24]   ; 2.5 V        ; 0 in              ; 0 H/in                  ; 0 F/in                  ; short         ; -                   ; open           ; open             ; open   ; 0 in             ; 0 H/in                 ; 0 F/in                 ; short        ; open          ; open            ; open  ; 0 V                 ; -                  ; n/a           ; n/a             ; n/a         ;
; rs1_debug[25]   ; 2.5 V        ; 0 in              ; 0 H/in                  ; 0 F/in                  ; short         ; -                   ; open           ; open             ; open   ; 0 in             ; 0 H/in                 ; 0 F/in                 ; short        ; open          ; open            ; open  ; 0 V                 ; -                  ; n/a           ; n/a             ; n/a         ;
; rs1_debug[26]   ; 2.5 V        ; 0 in              ; 0 H/in                  ; 0 F/in                  ; short         ; -                   ; open           ; open             ; open   ; 0 in             ; 0 H/in                 ; 0 F/in                 ; short        ; open          ; open            ; open  ; 0 V                 ; -                  ; n/a           ; n/a             ; n/a         ;
; rs1_debug[27]   ; 2.5 V        ; 0 in              ; 0 H/in                  ; 0 F/in                  ; short         ; -                   ; open           ; open             ; open   ; 0 in             ; 0 H/in                 ; 0 F/in                 ; short        ; open          ; open            ; open  ; 0 V                 ; -                  ; n/a           ; n/a             ; n/a         ;
; rs1_debug[28]   ; 2.5 V        ; 0 in              ; 0 H/in                  ; 0 F/in                  ; short         ; -                   ; open           ; open             ; open   ; 0 in             ; 0 H/in                 ; 0 F/in                 ; short        ; open          ; open            ; open  ; 0 V                 ; -                  ; n/a           ; n/a             ; n/a         ;
; rs1_debug[29]   ; 2.5 V        ; 0 in              ; 0 H/in                  ; 0 F/in                  ; short         ; -                   ; open           ; open             ; open   ; 0 in             ; 0 H/in                 ; 0 F/in                 ; short        ; open          ; open            ; open  ; 0 V                 ; -                  ; n/a           ; n/a             ; n/a         ;
; rs1_debug[30]   ; 2.5 V        ; 0 in              ; 0 H/in                  ; 0 F/in                  ; short         ; -                   ; open           ; open             ; open   ; 0 in             ; 0 H/in                 ; 0 F/in                 ; short        ; open          ; open            ; open  ; 0 V                 ; -                  ; n/a           ; n/a             ; n/a         ;
; rs1_debug[31]   ; 2.5 V        ; 0 in              ; 0 H/in                  ; 0 F/in                  ; short         ; -                   ; open           ; open             ; open   ; 0 in             ; 0 H/in                 ; 0 F/in                 ; short        ; open          ; open            ; open  ; 0 V                 ; -                  ; n/a           ; n/a             ; n/a         ;
; rs2_debug[0]    ; 2.5 V        ; 0 in              ; 0 H/in                  ; 0 F/in                  ; short         ; -                   ; open           ; open             ; open   ; 0 in             ; 0 H/in                 ; 0 F/in                 ; short        ; open          ; open            ; open  ; 0 V                 ; -                  ; n/a           ; n/a             ; n/a         ;
; rs2_debug[1]    ; 2.5 V        ; 0 in              ; 0 H/in                  ; 0 F/in                  ; short         ; -                   ; open           ; open             ; open   ; 0 in             ; 0 H/in                 ; 0 F/in                 ; short        ; open          ; open            ; open  ; 0 V                 ; -                  ; n/a           ; n/a             ; n/a         ;
; rs2_debug[2]    ; 2.5 V        ; 0 in              ; 0 H/in                  ; 0 F/in                  ; short         ; -                   ; open           ; open             ; open   ; 0 in             ; 0 H/in                 ; 0 F/in                 ; short        ; open          ; open            ; open  ; 0 V                 ; -                  ; n/a           ; n/a             ; n/a         ;
; rs2_debug[3]    ; 2.5 V        ; 0 in              ; 0 H/in                  ; 0 F/in                  ; short         ; -                   ; open           ; open             ; open   ; 0 in             ; 0 H/in                 ; 0 F/in                 ; short        ; open          ; open            ; open  ; 0 V                 ; -                  ; n/a           ; n/a             ; n/a         ;
; rs2_debug[4]    ; 2.5 V        ; 0 in              ; 0 H/in                  ; 0 F/in                  ; short         ; -                   ; open           ; open             ; open   ; 0 in             ; 0 H/in                 ; 0 F/in                 ; short        ; open          ; open            ; open  ; 0 V                 ; -                  ; n/a           ; n/a             ; n/a         ;
; rs2_debug[5]    ; 2.5 V        ; 0 in              ; 0 H/in                  ; 0 F/in                  ; short         ; -                   ; open           ; open             ; open   ; 0 in             ; 0 H/in                 ; 0 F/in                 ; short        ; open          ; open            ; open  ; 0 V                 ; -                  ; n/a           ; n/a             ; n/a         ;
; rs2_debug[6]    ; 2.5 V        ; 0 in              ; 0 H/in                  ; 0 F/in                  ; short         ; -                   ; open           ; open             ; open   ; 0 in             ; 0 H/in                 ; 0 F/in                 ; short        ; open          ; open            ; open  ; 0 V                 ; -                  ; n/a           ; n/a             ; n/a         ;
; rs2_debug[7]    ; 2.5 V        ; 0 in              ; 0 H/in                  ; 0 F/in                  ; short         ; -                   ; open           ; open             ; open   ; 0 in             ; 0 H/in                 ; 0 F/in                 ; short        ; open          ; open            ; open  ; 0 V                 ; -                  ; n/a           ; n/a             ; n/a         ;
; rs2_debug[8]    ; 2.5 V        ; 0 in              ; 0 H/in                  ; 0 F/in                  ; short         ; -                   ; open           ; open             ; open   ; 0 in             ; 0 H/in                 ; 0 F/in                 ; short        ; open          ; open            ; open  ; 0 V                 ; -                  ; n/a           ; n/a             ; n/a         ;
; rs2_debug[9]    ; 2.5 V        ; 0 in              ; 0 H/in                  ; 0 F/in                  ; short         ; -                   ; open           ; open             ; open   ; 0 in             ; 0 H/in                 ; 0 F/in                 ; short        ; open          ; open            ; open  ; 0 V                 ; -                  ; n/a           ; n/a             ; n/a         ;
; rs2_debug[10]   ; 2.5 V        ; 0 in              ; 0 H/in                  ; 0 F/in                  ; short         ; -                   ; open           ; open             ; open   ; 0 in             ; 0 H/in                 ; 0 F/in                 ; short        ; open          ; open            ; open  ; 0 V                 ; -                  ; n/a           ; n/a             ; n/a         ;
; rs2_debug[11]   ; 2.5 V        ; 0 in              ; 0 H/in                  ; 0 F/in                  ; short         ; -                   ; open           ; open             ; open   ; 0 in             ; 0 H/in                 ; 0 F/in                 ; short        ; open          ; open            ; open  ; 0 V                 ; -                  ; n/a           ; n/a             ; n/a         ;
; rs2_debug[12]   ; 2.5 V        ; 0 in              ; 0 H/in                  ; 0 F/in                  ; short         ; -                   ; open           ; open             ; open   ; 0 in             ; 0 H/in                 ; 0 F/in                 ; short        ; open          ; open            ; open  ; 0 V                 ; -                  ; n/a           ; n/a             ; n/a         ;
; rs2_debug[13]   ; 2.5 V        ; 0 in              ; 0 H/in                  ; 0 F/in                  ; short         ; -                   ; open           ; open             ; open   ; 0 in             ; 0 H/in                 ; 0 F/in                 ; short        ; open          ; open            ; open  ; 0 V                 ; -                  ; n/a           ; n/a             ; n/a         ;
; rs2_debug[14]   ; 2.5 V        ; 0 in              ; 0 H/in                  ; 0 F/in                  ; short         ; -                   ; open           ; open             ; open   ; 0 in             ; 0 H/in                 ; 0 F/in                 ; short        ; open          ; open            ; open  ; 0 V                 ; -                  ; n/a           ; n/a             ; n/a         ;
; rs2_debug[15]   ; 2.5 V        ; 0 in              ; 0 H/in                  ; 0 F/in                  ; short         ; -                   ; open           ; open             ; open   ; 0 in             ; 0 H/in                 ; 0 F/in                 ; short        ; open          ; open            ; open  ; 0 V                 ; -                  ; n/a           ; n/a             ; n/a         ;
; rs2_debug[16]   ; 2.5 V        ; 0 in              ; 0 H/in                  ; 0 F/in                  ; short         ; -                   ; open           ; open             ; open   ; 0 in             ; 0 H/in                 ; 0 F/in                 ; short        ; open          ; open            ; open  ; 0 V                 ; -                  ; n/a           ; n/a             ; n/a         ;
; rs2_debug[17]   ; 2.5 V        ; 0 in              ; 0 H/in                  ; 0 F/in                  ; short         ; -                   ; open           ; open             ; open   ; 0 in             ; 0 H/in                 ; 0 F/in                 ; short        ; open          ; open            ; open  ; 0 V                 ; -                  ; n/a           ; n/a             ; n/a         ;
; rs2_debug[18]   ; 2.5 V        ; 0 in              ; 0 H/in                  ; 0 F/in                  ; short         ; -                   ; open           ; open             ; open   ; 0 in             ; 0 H/in                 ; 0 F/in                 ; short        ; open          ; open            ; open  ; 0 V                 ; -                  ; n/a           ; n/a             ; n/a         ;
; rs2_debug[19]   ; 2.5 V        ; 0 in              ; 0 H/in                  ; 0 F/in                  ; short         ; -                   ; open           ; open             ; open   ; 0 in             ; 0 H/in                 ; 0 F/in                 ; short        ; open          ; open            ; open  ; 0 V                 ; -                  ; n/a           ; n/a             ; n/a         ;
; rs2_debug[20]   ; 2.5 V        ; 0 in              ; 0 H/in                  ; 0 F/in                  ; short         ; -                   ; open           ; open             ; open   ; 0 in             ; 0 H/in                 ; 0 F/in                 ; short        ; open          ; open            ; open  ; 0 V                 ; -                  ; n/a           ; n/a             ; n/a         ;
; rs2_debug[21]   ; 2.5 V        ; 0 in              ; 0 H/in                  ; 0 F/in                  ; short         ; -                   ; open           ; open             ; open   ; 0 in             ; 0 H/in                 ; 0 F/in                 ; short        ; open          ; open            ; open  ; 0 V                 ; -                  ; n/a           ; n/a             ; n/a         ;
; rs2_debug[22]   ; 2.5 V        ; 0 in              ; 0 H/in                  ; 0 F/in                  ; short         ; -                   ; open           ; open             ; open   ; 0 in             ; 0 H/in                 ; 0 F/in                 ; short        ; open          ; open            ; open  ; 0 V                 ; -                  ; n/a           ; n/a             ; n/a         ;
; rs2_debug[23]   ; 2.5 V        ; 0 in              ; 0 H/in                  ; 0 F/in                  ; short         ; -                   ; open           ; open             ; open   ; 0 in             ; 0 H/in                 ; 0 F/in                 ; short        ; open          ; open            ; open  ; 0 V                 ; -                  ; n/a           ; n/a             ; n/a         ;
; rs2_debug[24]   ; 2.5 V        ; 0 in              ; 0 H/in                  ; 0 F/in                  ; short         ; -                   ; open           ; open             ; open   ; 0 in             ; 0 H/in                 ; 0 F/in                 ; short        ; open          ; open            ; open  ; 0 V                 ; -                  ; n/a           ; n/a             ; n/a         ;
; rs2_debug[25]   ; 2.5 V        ; 0 in              ; 0 H/in                  ; 0 F/in                  ; short         ; -                   ; open           ; open             ; open   ; 0 in             ; 0 H/in                 ; 0 F/in                 ; short        ; open          ; open            ; open  ; 0 V                 ; -                  ; n/a           ; n/a             ; n/a         ;
; rs2_debug[26]   ; 2.5 V        ; 0 in              ; 0 H/in                  ; 0 F/in                  ; short         ; -                   ; open           ; open             ; open   ; 0 in             ; 0 H/in                 ; 0 F/in                 ; short        ; open          ; open            ; open  ; 0 V                 ; -                  ; n/a           ; n/a             ; n/a         ;
; rs2_debug[27]   ; 2.5 V        ; 0 in              ; 0 H/in                  ; 0 F/in                  ; short         ; -                   ; open           ; open             ; open   ; 0 in             ; 0 H/in                 ; 0 F/in                 ; short        ; open          ; open            ; open  ; 0 V                 ; -                  ; n/a           ; n/a             ; n/a         ;
; rs2_debug[28]   ; 2.5 V        ; 0 in              ; 0 H/in                  ; 0 F/in                  ; short         ; -                   ; open           ; open             ; open   ; 0 in             ; 0 H/in                 ; 0 F/in                 ; short        ; open          ; open            ; open  ; 0 V                 ; -                  ; n/a           ; n/a             ; n/a         ;
; rs2_debug[29]   ; 2.5 V        ; 0 in              ; 0 H/in                  ; 0 F/in                  ; short         ; -                   ; open           ; open             ; open   ; 0 in             ; 0 H/in                 ; 0 F/in                 ; short        ; open          ; open            ; open  ; 0 V                 ; -                  ; n/a           ; n/a             ; n/a         ;
; rs2_debug[30]   ; 2.5 V        ; 0 in              ; 0 H/in                  ; 0 F/in                  ; short         ; -                   ; open           ; open             ; open   ; 0 in             ; 0 H/in                 ; 0 F/in                 ; short        ; open          ; open            ; open  ; 0 V                 ; -                  ; n/a           ; n/a             ; n/a         ;
; rs2_debug[31]   ; 2.5 V        ; 0 in              ; 0 H/in                  ; 0 F/in                  ; short         ; -                   ; open           ; open             ; open   ; 0 in             ; 0 H/in                 ; 0 F/in                 ; short        ; open          ; open            ; open  ; 0 V                 ; -                  ; n/a           ; n/a             ; n/a         ;
; ~ALTERA_NCEO~   ; 2.5 V        ; 0 in              ; 0 H/in                  ; 0 F/in                  ; short         ; -                   ; open           ; open             ; open   ; 0 in             ; 0 H/in                 ; 0 F/in                 ; short        ; open          ; open            ; open  ; 0 V                 ; -                  ; n/a           ; n/a             ; n/a         ;
; ~ALTERA_DCLK~   ; 2.5 V        ; 0 in              ; 0 H/in                  ; 0 F/in                  ; short         ; -                   ; open           ; open             ; open   ; 0 in             ; 0 H/in                 ; 0 F/in                 ; short        ; open          ; open            ; open  ; 0 V                 ; -                  ; n/a           ; n/a             ; n/a         ;
+-----------------+--------------+-------------------+-------------------------+-------------------------+---------------+---------------------+----------------+------------------+--------+------------------+------------------------+------------------------+--------------+---------------+-----------------+-------+---------------------+--------------------+---------------+-----------------+-------------+


+------------------------------------------------------------------------+
; Input Transition Times                                                 ;
+---------------------+--------------+-----------------+-----------------+
; Pin                 ; I/O Standard ; 10-90 Rise Time ; 90-10 Fall Time ;
+---------------------+--------------+-----------------+-----------------+
; clk                 ; 2.5 V        ; 2000 ps         ; 2000 ps         ;
; rst                 ; 2.5 V        ; 2000 ps         ; 2000 ps         ;
; ~ALTERA_DATA0~      ; 2.5 V        ; 2000 ps         ; 2000 ps         ;
; ~ALTERA_ASDO_DATA1~ ; 2.5 V        ; 2000 ps         ; 2000 ps         ;
; ~ALTERA_NCSO~       ; 2.5 V        ; 2000 ps         ; 2000 ps         ;
+---------------------+--------------+-----------------+-----------------+


+----------------------------------------------------------------------------------------------------------------------------------------------------------------------------------------------------------------------------------------------------------------------------------------------------------------------------------------------------------------------------------------------------------------------------------------------------------------------------------------------------------------------------------------------------------------------------------------------------------------------------------------------------------------------------------------------+
; Signal Integrity Metrics (Slow 1200mv 0c Model)                                                                                                                                                                                                                                                                                                                                                                                                                                                                                                                                                                                                                                              ;
+-----------------+--------------+---------------------+---------------------+------------------------------+------------------------------+---------------------+---------------------+--------------------------------------+--------------------------------------+-----------------------------+-----------------------------+----------------------------+----------------------------+-----------------------------+-----------------------------+--------------------+--------------------+-------------------------------------+-------------------------------------+----------------------------+----------------------------+---------------------------+---------------------------+
; Pin             ; I/O Standard ; Board Delay on Rise ; Board Delay on Fall ; Steady State Voh at FPGA Pin ; Steady State Vol at FPGA Pin ; Voh Max at FPGA Pin ; Vol Min at FPGA Pin ; Ringback Voltage on Rise at FPGA Pin ; Ringback Voltage on Fall at FPGA Pin ; 10-90 Rise Time at FPGA Pin ; 90-10 Fall Time at FPGA Pin ; Monotonic Rise at FPGA Pin ; Monotonic Fall at FPGA Pin ; Steady State Voh at Far-end ; Steady State Vol at Far-end ; Voh Max at Far-end ; Vol Min at Far-end ; Ringback Voltage on Rise at Far-end ; Ringback Voltage on Fall at Far-end ; 10-90 Rise Time at Far-end ; 90-10 Fall Time at Far-end ; Monotonic Rise at Far-end ; Monotonic Fall at Far-end ;
+-----------------+--------------+---------------------+---------------------+------------------------------+------------------------------+---------------------+---------------------+--------------------------------------+--------------------------------------+-----------------------------+-----------------------------+----------------------------+----------------------------+-----------------------------+-----------------------------+--------------------+--------------------+-------------------------------------+-------------------------------------+----------------------------+----------------------------+---------------------------+---------------------------+
; pc_debug[0]     ; 2.5 V        ; 0 s                 ; 0 s                 ; 2.32 V                       ; 5.95e-09 V                   ; 2.38 V              ; -0.016 V            ; 0.22 V                               ; 0.025 V                              ; 3.06e-10 s                  ; 3.3e-10 s                   ; Yes                        ; Yes                        ; 2.32 V                      ; 5.95e-09 V                  ; 2.38 V             ; -0.016 V           ; 0.22 V                              ; 0.025 V                             ; 3.06e-10 s                 ; 3.3e-10 s                  ; Yes                       ; Yes                       ;
; pc_debug[1]     ; 2.5 V        ; 0 s                 ; 0 s                 ; 2.32 V                       ; 5.95e-09 V                   ; 2.38 V              ; -0.016 V            ; 0.22 V                               ; 0.025 V                              ; 3.06e-10 s                  ; 3.3e-10 s                   ; Yes                        ; Yes                        ; 2.32 V                      ; 5.95e-09 V                  ; 2.38 V             ; -0.016 V           ; 0.22 V                              ; 0.025 V                             ; 3.06e-10 s                 ; 3.3e-10 s                  ; Yes                       ; Yes                       ;
; pc_debug[2]     ; 2.5 V        ; 0 s                 ; 0 s                 ; 2.32 V                       ; 4.44e-09 V                   ; 2.38 V              ; -0.0145 V           ; 0.169 V                              ; 0.026 V                              ; 4.83e-10 s                  ; 4.71e-10 s                  ; Yes                        ; Yes                        ; 2.32 V                      ; 4.44e-09 V                  ; 2.38 V             ; -0.0145 V          ; 0.169 V                             ; 0.026 V                             ; 4.83e-10 s                 ; 4.71e-10 s                 ; Yes                       ; Yes                       ;
; pc_debug[3]     ; 2.5 V        ; 0 s                 ; 0 s                 ; 2.32 V                       ; 4.44e-09 V                   ; 2.38 V              ; -0.0145 V           ; 0.169 V                              ; 0.026 V                              ; 4.83e-10 s                  ; 4.71e-10 s                  ; Yes                        ; Yes                        ; 2.32 V                      ; 4.44e-09 V                  ; 2.38 V             ; -0.0145 V          ; 0.169 V                             ; 0.026 V                             ; 4.83e-10 s                 ; 4.71e-10 s                 ; Yes                       ; Yes                       ;
; pc_debug[4]     ; 2.5 V        ; 0 s                 ; 0 s                 ; 2.32 V                       ; 4.44e-09 V                   ; 2.38 V              ; -0.0145 V           ; 0.169 V                              ; 0.026 V                              ; 4.83e-10 s                  ; 4.71e-10 s                  ; Yes                        ; Yes                        ; 2.32 V                      ; 4.44e-09 V                  ; 2.38 V             ; -0.0145 V          ; 0.169 V                             ; 0.026 V                             ; 4.83e-10 s                 ; 4.71e-10 s                 ; Yes                       ; Yes                       ;
; pc_debug[5]     ; 2.5 V        ; 0 s                 ; 0 s                 ; 2.32 V                       ; 4.44e-09 V                   ; 2.38 V              ; -0.0145 V           ; 0.169 V                              ; 0.026 V                              ; 4.83e-10 s                  ; 4.71e-10 s                  ; Yes                        ; Yes                        ; 2.32 V                      ; 4.44e-09 V                  ; 2.38 V             ; -0.0145 V          ; 0.169 V                             ; 0.026 V                             ; 4.83e-10 s                 ; 4.71e-10 s                 ; Yes                       ; Yes                       ;
; pc_debug[6]     ; 2.5 V        ; 0 s                 ; 0 s                 ; 2.32 V                       ; 4.44e-09 V                   ; 2.38 V              ; -0.0145 V           ; 0.169 V                              ; 0.026 V                              ; 4.83e-10 s                  ; 4.71e-10 s                  ; Yes                        ; Yes                        ; 2.32 V                      ; 4.44e-09 V                  ; 2.38 V             ; -0.0145 V          ; 0.169 V                             ; 0.026 V                             ; 4.83e-10 s                 ; 4.71e-10 s                 ; Yes                       ; Yes                       ;
; pc_debug[7]     ; 2.5 V        ; 0 s                 ; 0 s                 ; 2.32 V                       ; 4.44e-09 V                   ; 2.38 V              ; -0.0145 V           ; 0.169 V                              ; 0.026 V                              ; 4.83e-10 s                  ; 4.71e-10 s                  ; Yes                        ; Yes                        ; 2.32 V                      ; 4.44e-09 V                  ; 2.38 V             ; -0.0145 V          ; 0.169 V                             ; 0.026 V                             ; 4.83e-10 s                 ; 4.71e-10 s                 ; Yes                       ; Yes                       ;
; pc_debug[8]     ; 2.5 V        ; 0 s                 ; 0 s                 ; 2.32 V                       ; 4.44e-09 V                   ; 2.38 V              ; -0.0145 V           ; 0.169 V                              ; 0.026 V                              ; 4.83e-10 s                  ; 4.71e-10 s                  ; Yes                        ; Yes                        ; 2.32 V                      ; 4.44e-09 V                  ; 2.38 V             ; -0.0145 V          ; 0.169 V                             ; 0.026 V                             ; 4.83e-10 s                 ; 4.71e-10 s                 ; Yes                       ; Yes                       ;
; pc_debug[9]     ; 2.5 V        ; 0 s                 ; 0 s                 ; 2.32 V                       ; 4.44e-09 V                   ; 2.38 V              ; -0.0145 V           ; 0.169 V                              ; 0.026 V                              ; 4.83e-10 s                  ; 4.71e-10 s                  ; Yes                        ; Yes                        ; 2.32 V                      ; 4.44e-09 V                  ; 2.38 V             ; -0.0145 V          ; 0.169 V                             ; 0.026 V                             ; 4.83e-10 s                 ; 4.71e-10 s                 ; Yes                       ; Yes                       ;
; pc_debug[10]    ; 2.5 V        ; 0 s                 ; 0 s                 ; 2.32 V                       ; 4.44e-09 V                   ; 2.38 V              ; -0.0145 V           ; 0.169 V                              ; 0.026 V                              ; 4.83e-10 s                  ; 4.71e-10 s                  ; Yes                        ; Yes                        ; 2.32 V                      ; 4.44e-09 V                  ; 2.38 V             ; -0.0145 V          ; 0.169 V                             ; 0.026 V                             ; 4.83e-10 s                 ; 4.71e-10 s                 ; Yes                       ; Yes                       ;
; pc_debug[11]    ; 2.5 V        ; 0 s                 ; 0 s                 ; 2.32 V                       ; 4.44e-09 V                   ; 2.38 V              ; -0.0145 V           ; 0.169 V                              ; 0.026 V                              ; 4.83e-10 s                  ; 4.71e-10 s                  ; Yes                        ; Yes                        ; 2.32 V                      ; 4.44e-09 V                  ; 2.38 V             ; -0.0145 V          ; 0.169 V                             ; 0.026 V                             ; 4.83e-10 s                 ; 4.71e-10 s                 ; Yes                       ; Yes                       ;
; pc_debug[12]    ; 2.5 V        ; 0 s                 ; 0 s                 ; 2.32 V                       ; 4.44e-09 V                   ; 2.38 V              ; -0.0145 V           ; 0.169 V                              ; 0.026 V                              ; 4.83e-10 s                  ; 4.71e-10 s                  ; Yes                        ; Yes                        ; 2.32 V                      ; 4.44e-09 V                  ; 2.38 V             ; -0.0145 V          ; 0.169 V                             ; 0.026 V                             ; 4.83e-10 s                 ; 4.71e-10 s                 ; Yes                       ; Yes                       ;
; pc_debug[13]    ; 2.5 V        ; 0 s                 ; 0 s                 ; 2.32 V                       ; 4.44e-09 V                   ; 2.38 V              ; -0.0145 V           ; 0.169 V                              ; 0.026 V                              ; 4.83e-10 s                  ; 4.71e-10 s                  ; Yes                        ; Yes                        ; 2.32 V                      ; 4.44e-09 V                  ; 2.38 V             ; -0.0145 V          ; 0.169 V                             ; 0.026 V                             ; 4.83e-10 s                 ; 4.71e-10 s                 ; Yes                       ; Yes                       ;
; pc_debug[14]    ; 2.5 V        ; 0 s                 ; 0 s                 ; 2.32 V                       ; 4.44e-09 V                   ; 2.38 V              ; -0.0145 V           ; 0.169 V                              ; 0.026 V                              ; 4.83e-10 s                  ; 4.71e-10 s                  ; Yes                        ; Yes                        ; 2.32 V                      ; 4.44e-09 V                  ; 2.38 V             ; -0.0145 V          ; 0.169 V                             ; 0.026 V                             ; 4.83e-10 s                 ; 4.71e-10 s                 ; Yes                       ; Yes                       ;
; pc_debug[15]    ; 2.5 V        ; 0 s                 ; 0 s                 ; 2.32 V                       ; 4.44e-09 V                   ; 2.38 V              ; -0.0145 V           ; 0.169 V                              ; 0.026 V                              ; 4.83e-10 s                  ; 4.71e-10 s                  ; Yes                        ; Yes                        ; 2.32 V                      ; 4.44e-09 V                  ; 2.38 V             ; -0.0145 V          ; 0.169 V                             ; 0.026 V                             ; 4.83e-10 s                 ; 4.71e-10 s                 ; Yes                       ; Yes                       ;
; pc_debug[16]    ; 2.5 V        ; 0 s                 ; 0 s                 ; 2.32 V                       ; 4.44e-09 V                   ; 2.38 V              ; -0.0145 V           ; 0.169 V                              ; 0.026 V                              ; 4.83e-10 s                  ; 4.71e-10 s                  ; Yes                        ; Yes                        ; 2.32 V                      ; 4.44e-09 V                  ; 2.38 V             ; -0.0145 V          ; 0.169 V                             ; 0.026 V                             ; 4.83e-10 s                 ; 4.71e-10 s                 ; Yes                       ; Yes                       ;
; pc_debug[17]    ; 2.5 V        ; 0 s                 ; 0 s                 ; 2.32 V                       ; 4.44e-09 V                   ; 2.38 V              ; -0.0145 V           ; 0.169 V                              ; 0.026 V                              ; 4.83e-10 s                  ; 4.71e-10 s                  ; Yes                        ; Yes                        ; 2.32 V                      ; 4.44e-09 V                  ; 2.38 V             ; -0.0145 V          ; 0.169 V                             ; 0.026 V                             ; 4.83e-10 s                 ; 4.71e-10 s                 ; Yes                       ; Yes                       ;
; pc_debug[18]    ; 2.5 V        ; 0 s                 ; 0 s                 ; 2.32 V                       ; 4.44e-09 V                   ; 2.38 V              ; -0.0145 V           ; 0.169 V                              ; 0.026 V                              ; 4.83e-10 s                  ; 4.71e-10 s                  ; Yes                        ; Yes                        ; 2.32 V                      ; 4.44e-09 V                  ; 2.38 V             ; -0.0145 V          ; 0.169 V                             ; 0.026 V                             ; 4.83e-10 s                 ; 4.71e-10 s                 ; Yes                       ; Yes                       ;
; pc_debug[19]    ; 2.5 V        ; 0 s                 ; 0 s                 ; 2.32 V                       ; 4.44e-09 V                   ; 2.38 V              ; -0.0145 V           ; 0.169 V                              ; 0.026 V                              ; 4.83e-10 s                  ; 4.71e-10 s                  ; Yes                        ; Yes                        ; 2.32 V                      ; 4.44e-09 V                  ; 2.38 V             ; -0.0145 V          ; 0.169 V                             ; 0.026 V                             ; 4.83e-10 s                 ; 4.71e-10 s                 ; Yes                       ; Yes                       ;
; pc_debug[20]    ; 2.5 V        ; 0 s                 ; 0 s                 ; 2.32 V                       ; 4.44e-09 V                   ; 2.38 V              ; -0.0145 V           ; 0.169 V                              ; 0.026 V                              ; 4.83e-10 s                  ; 4.71e-10 s                  ; Yes                        ; Yes                        ; 2.32 V                      ; 4.44e-09 V                  ; 2.38 V             ; -0.0145 V          ; 0.169 V                             ; 0.026 V                             ; 4.83e-10 s                 ; 4.71e-10 s                 ; Yes                       ; Yes                       ;
; pc_debug[21]    ; 2.5 V        ; 0 s                 ; 0 s                 ; 2.32 V                       ; 4.44e-09 V                   ; 2.38 V              ; -0.0145 V           ; 0.169 V                              ; 0.026 V                              ; 4.83e-10 s                  ; 4.71e-10 s                  ; Yes                        ; Yes                        ; 2.32 V                      ; 4.44e-09 V                  ; 2.38 V             ; -0.0145 V          ; 0.169 V                             ; 0.026 V                             ; 4.83e-10 s                 ; 4.71e-10 s                 ; Yes                       ; Yes                       ;
; pc_debug[22]    ; 2.5 V        ; 0 s                 ; 0 s                 ; 2.32 V                       ; 4.44e-09 V                   ; 2.38 V              ; -0.0145 V           ; 0.169 V                              ; 0.026 V                              ; 4.83e-10 s                  ; 4.71e-10 s                  ; Yes                        ; Yes                        ; 2.32 V                      ; 4.44e-09 V                  ; 2.38 V             ; -0.0145 V          ; 0.169 V                             ; 0.026 V                             ; 4.83e-10 s                 ; 4.71e-10 s                 ; Yes                       ; Yes                       ;
; pc_debug[23]    ; 2.5 V        ; 0 s                 ; 0 s                 ; 2.32 V                       ; 4.44e-09 V                   ; 2.38 V              ; -0.0145 V           ; 0.169 V                              ; 0.026 V                              ; 4.83e-10 s                  ; 4.71e-10 s                  ; Yes                        ; Yes                        ; 2.32 V                      ; 4.44e-09 V                  ; 2.38 V             ; -0.0145 V          ; 0.169 V                             ; 0.026 V                             ; 4.83e-10 s                 ; 4.71e-10 s                 ; Yes                       ; Yes                       ;
; pc_debug[24]    ; 2.5 V        ; 0 s                 ; 0 s                 ; 2.32 V                       ; 4.44e-09 V                   ; 2.38 V              ; -0.0145 V           ; 0.169 V                              ; 0.026 V                              ; 4.83e-10 s                  ; 4.71e-10 s                  ; Yes                        ; Yes                        ; 2.32 V                      ; 4.44e-09 V                  ; 2.38 V             ; -0.0145 V          ; 0.169 V                             ; 0.026 V                             ; 4.83e-10 s                 ; 4.71e-10 s                 ; Yes                       ; Yes                       ;
; pc_debug[25]    ; 2.5 V        ; 0 s                 ; 0 s                 ; 2.32 V                       ; 4.44e-09 V                   ; 2.38 V              ; -0.0145 V           ; 0.169 V                              ; 0.026 V                              ; 4.83e-10 s                  ; 4.71e-10 s                  ; Yes                        ; Yes                        ; 2.32 V                      ; 4.44e-09 V                  ; 2.38 V             ; -0.0145 V          ; 0.169 V                             ; 0.026 V                             ; 4.83e-10 s                 ; 4.71e-10 s                 ; Yes                       ; Yes                       ;
; pc_debug[26]    ; 2.5 V        ; 0 s                 ; 0 s                 ; 2.32 V                       ; 4.44e-09 V                   ; 2.39 V              ; -0.0265 V           ; 0.2 V                                ; 0.033 V                              ; 2.94e-10 s                  ; 3.12e-10 s                  ; Yes                        ; Yes                        ; 2.32 V                      ; 4.44e-09 V                  ; 2.39 V             ; -0.0265 V          ; 0.2 V                               ; 0.033 V                             ; 2.94e-10 s                 ; 3.12e-10 s                 ; Yes                       ; Yes                       ;
; pc_debug[27]    ; 2.5 V        ; 0 s                 ; 0 s                 ; 2.32 V                       ; 4.44e-09 V                   ; 2.39 V              ; -0.0265 V           ; 0.2 V                                ; 0.033 V                              ; 2.94e-10 s                  ; 3.12e-10 s                  ; Yes                        ; Yes                        ; 2.32 V                      ; 4.44e-09 V                  ; 2.39 V             ; -0.0265 V          ; 0.2 V                               ; 0.033 V                             ; 2.94e-10 s                 ; 3.12e-10 s                 ; Yes                       ; Yes                       ;
; pc_debug[28]    ; 2.5 V        ; 0 s                 ; 0 s                 ; 2.32 V                       ; 4.44e-09 V                   ; 2.33 V              ; -0.00624 V          ; 0.185 V                              ; 0.097 V                              ; 2.82e-09 s                  ; 2.56e-09 s                  ; No                         ; Yes                        ; 2.32 V                      ; 4.44e-09 V                  ; 2.33 V             ; -0.00624 V         ; 0.185 V                             ; 0.097 V                             ; 2.82e-09 s                 ; 2.56e-09 s                 ; No                        ; Yes                       ;
; pc_debug[29]    ; 2.5 V        ; 0 s                 ; 0 s                 ; 2.32 V                       ; 4.44e-09 V                   ; 2.38 V              ; -0.0145 V           ; 0.169 V                              ; 0.026 V                              ; 4.83e-10 s                  ; 4.71e-10 s                  ; Yes                        ; Yes                        ; 2.32 V                      ; 4.44e-09 V                  ; 2.38 V             ; -0.0145 V          ; 0.169 V                             ; 0.026 V                             ; 4.83e-10 s                 ; 4.71e-10 s                 ; Yes                       ; Yes                       ;
; pc_debug[30]    ; 2.5 V        ; 0 s                 ; 0 s                 ; 2.32 V                       ; 4.44e-09 V                   ; 2.38 V              ; -0.0145 V           ; 0.169 V                              ; 0.026 V                              ; 4.83e-10 s                  ; 4.71e-10 s                  ; Yes                        ; Yes                        ; 2.32 V                      ; 4.44e-09 V                  ; 2.38 V             ; -0.0145 V          ; 0.169 V                             ; 0.026 V                             ; 4.83e-10 s                 ; 4.71e-10 s                 ; Yes                       ; Yes                       ;
; pc_debug[31]    ; 2.5 V        ; 0 s                 ; 0 s                 ; 2.32 V                       ; 4.44e-09 V                   ; 2.38 V              ; -0.0145 V           ; 0.169 V                              ; 0.026 V                              ; 4.83e-10 s                  ; 4.71e-10 s                  ; Yes                        ; Yes                        ; 2.32 V                      ; 4.44e-09 V                  ; 2.38 V             ; -0.0145 V          ; 0.169 V                             ; 0.026 V                             ; 4.83e-10 s                 ; 4.71e-10 s                 ; Yes                       ; Yes                       ;
; instr_debug[0]  ; 2.5 V        ; 0 s                 ; 0 s                 ; 2.32 V                       ; 5.95e-09 V                   ; 2.38 V              ; -0.016 V            ; 0.22 V                               ; 0.025 V                              ; 3.06e-10 s                  ; 3.3e-10 s                   ; Yes                        ; Yes                        ; 2.32 V                      ; 5.95e-09 V                  ; 2.38 V             ; -0.016 V           ; 0.22 V                              ; 0.025 V                             ; 3.06e-10 s                 ; 3.3e-10 s                  ; Yes                       ; Yes                       ;
; instr_debug[1]  ; 2.5 V        ; 0 s                 ; 0 s                 ; 2.32 V                       ; 5.95e-09 V                   ; 2.38 V              ; -0.016 V            ; 0.22 V                               ; 0.025 V                              ; 3.06e-10 s                  ; 3.3e-10 s                   ; Yes                        ; Yes                        ; 2.32 V                      ; 5.95e-09 V                  ; 2.38 V             ; -0.016 V           ; 0.22 V                              ; 0.025 V                             ; 3.06e-10 s                 ; 3.3e-10 s                  ; Yes                       ; Yes                       ;
; instr_debug[2]  ; 2.5 V        ; 0 s                 ; 0 s                 ; 2.32 V                       ; 5.95e-09 V                   ; 2.38 V              ; -0.016 V            ; 0.22 V                               ; 0.025 V                              ; 3.06e-10 s                  ; 3.3e-10 s                   ; Yes                        ; Yes                        ; 2.32 V                      ; 5.95e-09 V                  ; 2.38 V             ; -0.016 V           ; 0.22 V                              ; 0.025 V                             ; 3.06e-10 s                 ; 3.3e-10 s                  ; Yes                       ; Yes                       ;
; instr_debug[3]  ; 2.5 V        ; 0 s                 ; 0 s                 ; 2.32 V                       ; 4.44e-09 V                   ; 2.38 V              ; -0.0145 V           ; 0.169 V                              ; 0.026 V                              ; 4.83e-10 s                  ; 4.71e-10 s                  ; Yes                        ; Yes                        ; 2.32 V                      ; 4.44e-09 V                  ; 2.38 V             ; -0.0145 V          ; 0.169 V                             ; 0.026 V                             ; 4.83e-10 s                 ; 4.71e-10 s                 ; Yes                       ; Yes                       ;
; instr_debug[4]  ; 2.5 V        ; 0 s                 ; 0 s                 ; 2.32 V                       ; 5.95e-09 V                   ; 2.38 V              ; -0.016 V            ; 0.22 V                               ; 0.025 V                              ; 3.06e-10 s                  ; 3.3e-10 s                   ; Yes                        ; Yes                        ; 2.32 V                      ; 5.95e-09 V                  ; 2.38 V             ; -0.016 V           ; 0.22 V                              ; 0.025 V                             ; 3.06e-10 s                 ; 3.3e-10 s                  ; Yes                       ; Yes                       ;
; instr_debug[5]  ; 2.5 V        ; 0 s                 ; 0 s                 ; 2.32 V                       ; 5.95e-09 V                   ; 2.38 V              ; -0.016 V            ; 0.22 V                               ; 0.025 V                              ; 3.06e-10 s                  ; 3.3e-10 s                   ; Yes                        ; Yes                        ; 2.32 V                      ; 5.95e-09 V                  ; 2.38 V             ; -0.016 V           ; 0.22 V                              ; 0.025 V                             ; 3.06e-10 s                 ; 3.3e-10 s                  ; Yes                       ; Yes                       ;
; instr_debug[6]  ; 2.5 V        ; 0 s                 ; 0 s                 ; 2.32 V                       ; 5.95e-09 V                   ; 2.38 V              ; -0.016 V            ; 0.22 V                               ; 0.025 V                              ; 3.06e-10 s                  ; 3.3e-10 s                   ; Yes                        ; Yes                        ; 2.32 V                      ; 5.95e-09 V                  ; 2.38 V             ; -0.016 V           ; 0.22 V                              ; 0.025 V                             ; 3.06e-10 s                 ; 3.3e-10 s                  ; Yes                       ; Yes                       ;
; instr_debug[7]  ; 2.5 V        ; 0 s                 ; 0 s                 ; 2.32 V                       ; 5.95e-09 V                   ; 2.38 V              ; -0.016 V            ; 0.22 V                               ; 0.025 V                              ; 3.06e-10 s                  ; 3.3e-10 s                   ; Yes                        ; Yes                        ; 2.32 V                      ; 5.95e-09 V                  ; 2.38 V             ; -0.016 V           ; 0.22 V                              ; 0.025 V                             ; 3.06e-10 s                 ; 3.3e-10 s                  ; Yes                       ; Yes                       ;
; instr_debug[8]  ; 2.5 V        ; 0 s                 ; 0 s                 ; 2.32 V                       ; 4.44e-09 V                   ; 2.33 V              ; -0.00624 V          ; 0.185 V                              ; 0.097 V                              ; 2.82e-09 s                  ; 2.56e-09 s                  ; No                         ; Yes                        ; 2.32 V                      ; 4.44e-09 V                  ; 2.33 V             ; -0.00624 V         ; 0.185 V                             ; 0.097 V                             ; 2.82e-09 s                 ; 2.56e-09 s                 ; No                        ; Yes                       ;
; instr_debug[9]  ; 2.5 V        ; 0 s                 ; 0 s                 ; 2.32 V                       ; 4.44e-09 V                   ; 2.38 V              ; -0.0145 V           ; 0.169 V                              ; 0.026 V                              ; 4.83e-10 s                  ; 4.71e-10 s                  ; Yes                        ; Yes                        ; 2.32 V                      ; 4.44e-09 V                  ; 2.38 V             ; -0.0145 V          ; 0.169 V                             ; 0.026 V                             ; 4.83e-10 s                 ; 4.71e-10 s                 ; Yes                       ; Yes                       ;
; instr_debug[10] ; 2.5 V        ; 0 s                 ; 0 s                 ; 2.32 V                       ; 4.44e-09 V                   ; 2.38 V              ; -0.0145 V           ; 0.169 V                              ; 0.026 V                              ; 4.83e-10 s                  ; 4.71e-10 s                  ; Yes                        ; Yes                        ; 2.32 V                      ; 4.44e-09 V                  ; 2.38 V             ; -0.0145 V          ; 0.169 V                             ; 0.026 V                             ; 4.83e-10 s                 ; 4.71e-10 s                 ; Yes                       ; Yes                       ;
; instr_debug[11] ; 2.5 V        ; 0 s                 ; 0 s                 ; 2.32 V                       ; 4.44e-09 V                   ; 2.38 V              ; -0.0145 V           ; 0.169 V                              ; 0.026 V                              ; 4.83e-10 s                  ; 4.71e-10 s                  ; Yes                        ; Yes                        ; 2.32 V                      ; 4.44e-09 V                  ; 2.38 V             ; -0.0145 V          ; 0.169 V                             ; 0.026 V                             ; 4.83e-10 s                 ; 4.71e-10 s                 ; Yes                       ; Yes                       ;
; instr_debug[12] ; 2.5 V        ; 0 s                 ; 0 s                 ; 2.32 V                       ; 4.44e-09 V                   ; 2.38 V              ; -0.0145 V           ; 0.169 V                              ; 0.026 V                              ; 4.83e-10 s                  ; 4.71e-10 s                  ; Yes                        ; Yes                        ; 2.32 V                      ; 4.44e-09 V                  ; 2.38 V             ; -0.0145 V          ; 0.169 V                             ; 0.026 V                             ; 4.83e-10 s                 ; 4.71e-10 s                 ; Yes                       ; Yes                       ;
; instr_debug[13] ; 2.5 V        ; 0 s                 ; 0 s                 ; 2.32 V                       ; 4.44e-09 V                   ; 2.38 V              ; -0.0145 V           ; 0.169 V                              ; 0.026 V                              ; 4.83e-10 s                  ; 4.71e-10 s                  ; Yes                        ; Yes                        ; 2.32 V                      ; 4.44e-09 V                  ; 2.38 V             ; -0.0145 V          ; 0.169 V                             ; 0.026 V                             ; 4.83e-10 s                 ; 4.71e-10 s                 ; Yes                       ; Yes                       ;
; instr_debug[14] ; 2.5 V        ; 0 s                 ; 0 s                 ; 2.32 V                       ; 4.44e-09 V                   ; 2.38 V              ; -0.0145 V           ; 0.169 V                              ; 0.026 V                              ; 4.83e-10 s                  ; 4.71e-10 s                  ; Yes                        ; Yes                        ; 2.32 V                      ; 4.44e-09 V                  ; 2.38 V             ; -0.0145 V          ; 0.169 V                             ; 0.026 V                             ; 4.83e-10 s                 ; 4.71e-10 s                 ; Yes                       ; Yes                       ;
; instr_debug[15] ; 2.5 V        ; 0 s                 ; 0 s                 ; 2.32 V                       ; 4.44e-09 V                   ; 2.38 V              ; -0.0145 V           ; 0.169 V                              ; 0.026 V                              ; 4.83e-10 s                  ; 4.71e-10 s                  ; Yes                        ; Yes                        ; 2.32 V                      ; 4.44e-09 V                  ; 2.38 V             ; -0.0145 V          ; 0.169 V                             ; 0.026 V                             ; 4.83e-10 s                 ; 4.71e-10 s                 ; Yes                       ; Yes                       ;
; instr_debug[16] ; 2.5 V        ; 0 s                 ; 0 s                 ; 2.32 V                       ; 5.95e-09 V                   ; 2.38 V              ; -0.016 V            ; 0.22 V                               ; 0.025 V                              ; 3.06e-10 s                  ; 3.3e-10 s                   ; Yes                        ; Yes                        ; 2.32 V                      ; 5.95e-09 V                  ; 2.38 V             ; -0.016 V           ; 0.22 V                              ; 0.025 V                             ; 3.06e-10 s                 ; 3.3e-10 s                  ; Yes                       ; Yes                       ;
; instr_debug[17] ; 2.5 V        ; 0 s                 ; 0 s                 ; 2.32 V                       ; 4.44e-09 V                   ; 2.38 V              ; -0.0145 V           ; 0.169 V                              ; 0.026 V                              ; 4.83e-10 s                  ; 4.71e-10 s                  ; Yes                        ; Yes                        ; 2.32 V                      ; 4.44e-09 V                  ; 2.38 V             ; -0.0145 V          ; 0.169 V                             ; 0.026 V                             ; 4.83e-10 s                 ; 4.71e-10 s                 ; Yes                       ; Yes                       ;
; instr_debug[18] ; 2.5 V        ; 0 s                 ; 0 s                 ; 2.32 V                       ; 4.44e-09 V                   ; 2.38 V              ; -0.0145 V           ; 0.169 V                              ; 0.026 V                              ; 4.83e-10 s                  ; 4.71e-10 s                  ; Yes                        ; Yes                        ; 2.32 V                      ; 4.44e-09 V                  ; 2.38 V             ; -0.0145 V          ; 0.169 V                             ; 0.026 V                             ; 4.83e-10 s                 ; 4.71e-10 s                 ; Yes                       ; Yes                       ;
; instr_debug[19] ; 2.5 V        ; 0 s                 ; 0 s                 ; 2.32 V                       ; 4.44e-09 V                   ; 2.38 V              ; -0.0145 V           ; 0.169 V                              ; 0.026 V                              ; 4.83e-10 s                  ; 4.71e-10 s                  ; Yes                        ; Yes                        ; 2.32 V                      ; 4.44e-09 V                  ; 2.38 V             ; -0.0145 V          ; 0.169 V                             ; 0.026 V                             ; 4.83e-10 s                 ; 4.71e-10 s                 ; Yes                       ; Yes                       ;
; instr_debug[20] ; 2.5 V        ; 0 s                 ; 0 s                 ; 2.32 V                       ; 4.44e-09 V                   ; 2.33 V              ; -0.00624 V          ; 0.185 V                              ; 0.097 V                              ; 2.82e-09 s                  ; 2.56e-09 s                  ; No                         ; Yes                        ; 2.32 V                      ; 4.44e-09 V                  ; 2.33 V             ; -0.00624 V         ; 0.185 V                             ; 0.097 V                             ; 2.82e-09 s                 ; 2.56e-09 s                 ; No                        ; Yes                       ;
; instr_debug[21] ; 2.5 V        ; 0 s                 ; 0 s                 ; 2.32 V                       ; 4.44e-09 V                   ; 2.38 V              ; -0.0145 V           ; 0.169 V                              ; 0.026 V                              ; 4.83e-10 s                  ; 4.71e-10 s                  ; Yes                        ; Yes                        ; 2.32 V                      ; 4.44e-09 V                  ; 2.38 V             ; -0.0145 V          ; 0.169 V                             ; 0.026 V                             ; 4.83e-10 s                 ; 4.71e-10 s                 ; Yes                       ; Yes                       ;
; instr_debug[22] ; 2.5 V        ; 0 s                 ; 0 s                 ; 2.32 V                       ; 4.44e-09 V                   ; 2.38 V              ; -0.0145 V           ; 0.169 V                              ; 0.026 V                              ; 4.83e-10 s                  ; 4.71e-10 s                  ; Yes                        ; Yes                        ; 2.32 V                      ; 4.44e-09 V                  ; 2.38 V             ; -0.0145 V          ; 0.169 V                             ; 0.026 V                             ; 4.83e-10 s                 ; 4.71e-10 s                 ; Yes                       ; Yes                       ;
; instr_debug[23] ; 2.5 V        ; 0 s                 ; 0 s                 ; 2.32 V                       ; 4.44e-09 V                   ; 2.38 V              ; -0.0145 V           ; 0.169 V                              ; 0.026 V                              ; 4.83e-10 s                  ; 4.71e-10 s                  ; Yes                        ; Yes                        ; 2.32 V                      ; 4.44e-09 V                  ; 2.38 V             ; -0.0145 V          ; 0.169 V                             ; 0.026 V                             ; 4.83e-10 s                 ; 4.71e-10 s                 ; Yes                       ; Yes                       ;
; instr_debug[24] ; 2.5 V        ; 0 s                 ; 0 s                 ; 2.32 V                       ; 4.44e-09 V                   ; 2.38 V              ; -0.0145 V           ; 0.169 V                              ; 0.026 V                              ; 4.83e-10 s                  ; 4.71e-10 s                  ; Yes                        ; Yes                        ; 2.32 V                      ; 4.44e-09 V                  ; 2.38 V             ; -0.0145 V          ; 0.169 V                             ; 0.026 V                             ; 4.83e-10 s                 ; 4.71e-10 s                 ; Yes                       ; Yes                       ;
; instr_debug[25] ; 2.5 V        ; 0 s                 ; 0 s                 ; 2.32 V                       ; 4.44e-09 V                   ; 2.38 V              ; -0.0145 V           ; 0.169 V                              ; 0.026 V                              ; 4.83e-10 s                  ; 4.71e-10 s                  ; Yes                        ; Yes                        ; 2.32 V                      ; 4.44e-09 V                  ; 2.38 V             ; -0.0145 V          ; 0.169 V                             ; 0.026 V                             ; 4.83e-10 s                 ; 4.71e-10 s                 ; Yes                       ; Yes                       ;
; instr_debug[26] ; 2.5 V        ; 0 s                 ; 0 s                 ; 2.32 V                       ; 4.44e-09 V                   ; 2.38 V              ; -0.0145 V           ; 0.169 V                              ; 0.026 V                              ; 4.83e-10 s                  ; 4.71e-10 s                  ; Yes                        ; Yes                        ; 2.32 V                      ; 4.44e-09 V                  ; 2.38 V             ; -0.0145 V          ; 0.169 V                             ; 0.026 V                             ; 4.83e-10 s                 ; 4.71e-10 s                 ; Yes                       ; Yes                       ;
; instr_debug[27] ; 2.5 V        ; 0 s                 ; 0 s                 ; 2.32 V                       ; 4.44e-09 V                   ; 2.33 V              ; -0.00624 V          ; 0.185 V                              ; 0.097 V                              ; 2.82e-09 s                  ; 2.56e-09 s                  ; No                         ; Yes                        ; 2.32 V                      ; 4.44e-09 V                  ; 2.33 V             ; -0.00624 V         ; 0.185 V                             ; 0.097 V                             ; 2.82e-09 s                 ; 2.56e-09 s                 ; No                        ; Yes                       ;
; instr_debug[28] ; 2.5 V        ; 0 s                 ; 0 s                 ; 2.32 V                       ; 4.44e-09 V                   ; 2.38 V              ; -0.0145 V           ; 0.169 V                              ; 0.026 V                              ; 4.83e-10 s                  ; 4.71e-10 s                  ; Yes                        ; Yes                        ; 2.32 V                      ; 4.44e-09 V                  ; 2.38 V             ; -0.0145 V          ; 0.169 V                             ; 0.026 V                             ; 4.83e-10 s                 ; 4.71e-10 s                 ; Yes                       ; Yes                       ;
; instr_debug[29] ; 2.5 V        ; 0 s                 ; 0 s                 ; 2.32 V                       ; 4.44e-09 V                   ; 2.38 V              ; -0.0145 V           ; 0.169 V                              ; 0.026 V                              ; 4.83e-10 s                  ; 4.71e-10 s                  ; Yes                        ; Yes                        ; 2.32 V                      ; 4.44e-09 V                  ; 2.38 V             ; -0.0145 V          ; 0.169 V                             ; 0.026 V                             ; 4.83e-10 s                 ; 4.71e-10 s                 ; Yes                       ; Yes                       ;
; instr_debug[30] ; 2.5 V        ; 0 s                 ; 0 s                 ; 2.32 V                       ; 4.44e-09 V                   ; 2.38 V              ; -0.0145 V           ; 0.169 V                              ; 0.026 V                              ; 4.83e-10 s                  ; 4.71e-10 s                  ; Yes                        ; Yes                        ; 2.32 V                      ; 4.44e-09 V                  ; 2.38 V             ; -0.0145 V          ; 0.169 V                             ; 0.026 V                             ; 4.83e-10 s                 ; 4.71e-10 s                 ; Yes                       ; Yes                       ;
; instr_debug[31] ; 2.5 V        ; 0 s                 ; 0 s                 ; 2.32 V                       ; 4.44e-09 V                   ; 2.38 V              ; -0.0145 V           ; 0.169 V                              ; 0.026 V                              ; 4.83e-10 s                  ; 4.71e-10 s                  ; Yes                        ; Yes                        ; 2.32 V                      ; 4.44e-09 V                  ; 2.38 V             ; -0.0145 V          ; 0.169 V                             ; 0.026 V                             ; 4.83e-10 s                 ; 4.71e-10 s                 ; Yes                       ; Yes                       ;
; rs1_debug[0]    ; 2.5 V        ; 0 s                 ; 0 s                 ; 2.32 V                       ; 5.95e-09 V                   ; 2.38 V              ; -0.016 V            ; 0.22 V                               ; 0.025 V                              ; 3.06e-10 s                  ; 3.3e-10 s                   ; Yes                        ; Yes                        ; 2.32 V                      ; 5.95e-09 V                  ; 2.38 V             ; -0.016 V           ; 0.22 V                              ; 0.025 V                             ; 3.06e-10 s                 ; 3.3e-10 s                  ; Yes                       ; Yes                       ;
; rs1_debug[1]    ; 2.5 V        ; 0 s                 ; 0 s                 ; 2.32 V                       ; 5.95e-09 V                   ; 2.38 V              ; -0.016 V            ; 0.22 V                               ; 0.025 V                              ; 3.06e-10 s                  ; 3.3e-10 s                   ; Yes                        ; Yes                        ; 2.32 V                      ; 5.95e-09 V                  ; 2.38 V             ; -0.016 V           ; 0.22 V                              ; 0.025 V                             ; 3.06e-10 s                 ; 3.3e-10 s                  ; Yes                       ; Yes                       ;
; rs1_debug[2]    ; 2.5 V        ; 0 s                 ; 0 s                 ; 2.32 V                       ; 5.95e-09 V                   ; 2.38 V              ; -0.016 V            ; 0.22 V                               ; 0.025 V                              ; 3.06e-10 s                  ; 3.3e-10 s                   ; Yes                        ; Yes                        ; 2.32 V                      ; 5.95e-09 V                  ; 2.38 V             ; -0.016 V           ; 0.22 V                              ; 0.025 V                             ; 3.06e-10 s                 ; 3.3e-10 s                  ; Yes                       ; Yes                       ;
; rs1_debug[3]    ; 2.5 V        ; 0 s                 ; 0 s                 ; 2.32 V                       ; 5.95e-09 V                   ; 2.38 V              ; -0.016 V            ; 0.22 V                               ; 0.025 V                              ; 3.06e-10 s                  ; 3.3e-10 s                   ; Yes                        ; Yes                        ; 2.32 V                      ; 5.95e-09 V                  ; 2.38 V             ; -0.016 V           ; 0.22 V                              ; 0.025 V                             ; 3.06e-10 s                 ; 3.3e-10 s                  ; Yes                       ; Yes                       ;
; rs1_debug[4]    ; 2.5 V        ; 0 s                 ; 0 s                 ; 2.32 V                       ; 5.95e-09 V                   ; 2.38 V              ; -0.016 V            ; 0.22 V                               ; 0.025 V                              ; 3.06e-10 s                  ; 3.3e-10 s                   ; Yes                        ; Yes                        ; 2.32 V                      ; 5.95e-09 V                  ; 2.38 V             ; -0.016 V           ; 0.22 V                              ; 0.025 V                             ; 3.06e-10 s                 ; 3.3e-10 s                  ; Yes                       ; Yes                       ;
; rs1_debug[5]    ; 2.5 V        ; 0 s                 ; 0 s                 ; 2.32 V                       ; 4.44e-09 V                   ; 2.38 V              ; -0.0145 V           ; 0.169 V                              ; 0.026 V                              ; 4.83e-10 s                  ; 4.71e-10 s                  ; Yes                        ; Yes                        ; 2.32 V                      ; 4.44e-09 V                  ; 2.38 V             ; -0.0145 V          ; 0.169 V                             ; 0.026 V                             ; 4.83e-10 s                 ; 4.71e-10 s                 ; Yes                       ; Yes                       ;
; rs1_debug[6]    ; 2.5 V        ; 0 s                 ; 0 s                 ; 2.32 V                       ; 5.95e-09 V                   ; 2.38 V              ; -0.016 V            ; 0.22 V                               ; 0.025 V                              ; 3.06e-10 s                  ; 3.3e-10 s                   ; Yes                        ; Yes                        ; 2.32 V                      ; 5.95e-09 V                  ; 2.38 V             ; -0.016 V           ; 0.22 V                              ; 0.025 V                             ; 3.06e-10 s                 ; 3.3e-10 s                  ; Yes                       ; Yes                       ;
; rs1_debug[7]    ; 2.5 V        ; 0 s                 ; 0 s                 ; 2.32 V                       ; 5.95e-09 V                   ; 2.38 V              ; -0.016 V            ; 0.22 V                               ; 0.025 V                              ; 3.06e-10 s                  ; 3.3e-10 s                   ; Yes                        ; Yes                        ; 2.32 V                      ; 5.95e-09 V                  ; 2.38 V             ; -0.016 V           ; 0.22 V                              ; 0.025 V                             ; 3.06e-10 s                 ; 3.3e-10 s                  ; Yes                       ; Yes                       ;
; rs1_debug[8]    ; 2.5 V        ; 0 s                 ; 0 s                 ; 2.32 V                       ; 5.95e-09 V                   ; 2.38 V              ; -0.016 V            ; 0.22 V                               ; 0.025 V                              ; 3.06e-10 s                  ; 3.3e-10 s                   ; Yes                        ; Yes                        ; 2.32 V                      ; 5.95e-09 V                  ; 2.38 V             ; -0.016 V           ; 0.22 V                              ; 0.025 V                             ; 3.06e-10 s                 ; 3.3e-10 s                  ; Yes                       ; Yes                       ;
; rs1_debug[9]    ; 2.5 V        ; 0 s                 ; 0 s                 ; 2.32 V                       ; 4.44e-09 V                   ; 2.38 V              ; -0.0145 V           ; 0.169 V                              ; 0.026 V                              ; 4.83e-10 s                  ; 4.71e-10 s                  ; Yes                        ; Yes                        ; 2.32 V                      ; 4.44e-09 V                  ; 2.38 V             ; -0.0145 V          ; 0.169 V                             ; 0.026 V                             ; 4.83e-10 s                 ; 4.71e-10 s                 ; Yes                       ; Yes                       ;
; rs1_debug[10]   ; 2.5 V        ; 0 s                 ; 0 s                 ; 2.32 V                       ; 5.95e-09 V                   ; 2.38 V              ; -0.016 V            ; 0.22 V                               ; 0.025 V                              ; 3.06e-10 s                  ; 3.3e-10 s                   ; Yes                        ; Yes                        ; 2.32 V                      ; 5.95e-09 V                  ; 2.38 V             ; -0.016 V           ; 0.22 V                              ; 0.025 V                             ; 3.06e-10 s                 ; 3.3e-10 s                  ; Yes                       ; Yes                       ;
; rs1_debug[11]   ; 2.5 V        ; 0 s                 ; 0 s                 ; 2.32 V                       ; 5.95e-09 V                   ; 2.38 V              ; -0.016 V            ; 0.22 V                               ; 0.025 V                              ; 3.06e-10 s                  ; 3.3e-10 s                   ; Yes                        ; Yes                        ; 2.32 V                      ; 5.95e-09 V                  ; 2.38 V             ; -0.016 V           ; 0.22 V                              ; 0.025 V                             ; 3.06e-10 s                 ; 3.3e-10 s                  ; Yes                       ; Yes                       ;
; rs1_debug[12]   ; 2.5 V        ; 0 s                 ; 0 s                 ; 2.32 V                       ; 5.95e-09 V                   ; 2.38 V              ; -0.016 V            ; 0.22 V                               ; 0.025 V                              ; 3.06e-10 s                  ; 3.3e-10 s                   ; Yes                        ; Yes                        ; 2.32 V                      ; 5.95e-09 V                  ; 2.38 V             ; -0.016 V           ; 0.22 V                              ; 0.025 V                             ; 3.06e-10 s                 ; 3.3e-10 s                  ; Yes                       ; Yes                       ;
; rs1_debug[13]   ; 2.5 V        ; 0 s                 ; 0 s                 ; 2.32 V                       ; 4.44e-09 V                   ; 2.38 V              ; -0.0145 V           ; 0.169 V                              ; 0.026 V                              ; 4.83e-10 s                  ; 4.71e-10 s                  ; Yes                        ; Yes                        ; 2.32 V                      ; 4.44e-09 V                  ; 2.38 V             ; -0.0145 V          ; 0.169 V                             ; 0.026 V                             ; 4.83e-10 s                 ; 4.71e-10 s                 ; Yes                       ; Yes                       ;
; rs1_debug[14]   ; 2.5 V        ; 0 s                 ; 0 s                 ; 2.32 V                       ; 5.95e-09 V                   ; 2.38 V              ; -0.016 V            ; 0.22 V                               ; 0.025 V                              ; 3.06e-10 s                  ; 3.3e-10 s                   ; Yes                        ; Yes                        ; 2.32 V                      ; 5.95e-09 V                  ; 2.38 V             ; -0.016 V           ; 0.22 V                              ; 0.025 V                             ; 3.06e-10 s                 ; 3.3e-10 s                  ; Yes                       ; Yes                       ;
; rs1_debug[15]   ; 2.5 V        ; 0 s                 ; 0 s                 ; 2.32 V                       ; 5.95e-09 V                   ; 2.38 V              ; -0.016 V            ; 0.22 V                               ; 0.025 V                              ; 3.06e-10 s                  ; 3.3e-10 s                   ; Yes                        ; Yes                        ; 2.32 V                      ; 5.95e-09 V                  ; 2.38 V             ; -0.016 V           ; 0.22 V                              ; 0.025 V                             ; 3.06e-10 s                 ; 3.3e-10 s                  ; Yes                       ; Yes                       ;
; rs1_debug[16]   ; 2.5 V        ; 0 s                 ; 0 s                 ; 2.32 V                       ; 4.44e-09 V                   ; 2.38 V              ; -0.0145 V           ; 0.169 V                              ; 0.026 V                              ; 4.83e-10 s                  ; 4.71e-10 s                  ; Yes                        ; Yes                        ; 2.32 V                      ; 4.44e-09 V                  ; 2.38 V             ; -0.0145 V          ; 0.169 V                             ; 0.026 V                             ; 4.83e-10 s                 ; 4.71e-10 s                 ; Yes                       ; Yes                       ;
; rs1_debug[17]   ; 2.5 V        ; 0 s                 ; 0 s                 ; 2.32 V                       ; 5.95e-09 V                   ; 2.38 V              ; -0.016 V            ; 0.22 V                               ; 0.025 V                              ; 3.06e-10 s                  ; 3.3e-10 s                   ; Yes                        ; Yes                        ; 2.32 V                      ; 5.95e-09 V                  ; 2.38 V             ; -0.016 V           ; 0.22 V                              ; 0.025 V                             ; 3.06e-10 s                 ; 3.3e-10 s                  ; Yes                       ; Yes                       ;
; rs1_debug[18]   ; 2.5 V        ; 0 s                 ; 0 s                 ; 2.32 V                       ; 5.95e-09 V                   ; 2.38 V              ; -0.016 V            ; 0.22 V                               ; 0.025 V                              ; 3.06e-10 s                  ; 3.3e-10 s                   ; Yes                        ; Yes                        ; 2.32 V                      ; 5.95e-09 V                  ; 2.38 V             ; -0.016 V           ; 0.22 V                              ; 0.025 V                             ; 3.06e-10 s                 ; 3.3e-10 s                  ; Yes                       ; Yes                       ;
; rs1_debug[19]   ; 2.5 V        ; 0 s                 ; 0 s                 ; 2.32 V                       ; 5.95e-09 V                   ; 2.38 V              ; -0.016 V            ; 0.22 V                               ; 0.025 V                              ; 3.06e-10 s                  ; 3.3e-10 s                   ; Yes                        ; Yes                        ; 2.32 V                      ; 5.95e-09 V                  ; 2.38 V             ; -0.016 V           ; 0.22 V                              ; 0.025 V                             ; 3.06e-10 s                 ; 3.3e-10 s                  ; Yes                       ; Yes                       ;
; rs1_debug[20]   ; 2.5 V        ; 0 s                 ; 0 s                 ; 2.32 V                       ; 5.95e-09 V                   ; 2.38 V              ; -0.016 V            ; 0.22 V                               ; 0.025 V                              ; 3.06e-10 s                  ; 3.3e-10 s                   ; Yes                        ; Yes                        ; 2.32 V                      ; 5.95e-09 V                  ; 2.38 V             ; -0.016 V           ; 0.22 V                              ; 0.025 V                             ; 3.06e-10 s                 ; 3.3e-10 s                  ; Yes                       ; Yes                       ;
; rs1_debug[21]   ; 2.5 V        ; 0 s                 ; 0 s                 ; 2.32 V                       ; 5.95e-09 V                   ; 2.38 V              ; -0.016 V            ; 0.22 V                               ; 0.025 V                              ; 3.06e-10 s                  ; 3.3e-10 s                   ; Yes                        ; Yes                        ; 2.32 V                      ; 5.95e-09 V                  ; 2.38 V             ; -0.016 V           ; 0.22 V                              ; 0.025 V                             ; 3.06e-10 s                 ; 3.3e-10 s                  ; Yes                       ; Yes                       ;
; rs1_debug[22]   ; 2.5 V        ; 0 s                 ; 0 s                 ; 2.32 V                       ; 5.95e-09 V                   ; 2.38 V              ; -0.016 V            ; 0.22 V                               ; 0.025 V                              ; 3.06e-10 s                  ; 3.3e-10 s                   ; Yes                        ; Yes                        ; 2.32 V                      ; 5.95e-09 V                  ; 2.38 V             ; -0.016 V           ; 0.22 V                              ; 0.025 V                             ; 3.06e-10 s                 ; 3.3e-10 s                  ; Yes                       ; Yes                       ;
; rs1_debug[23]   ; 2.5 V        ; 0 s                 ; 0 s                 ; 2.32 V                       ; 5.95e-09 V                   ; 2.38 V              ; -0.016 V            ; 0.22 V                               ; 0.025 V                              ; 3.06e-10 s                  ; 3.3e-10 s                   ; Yes                        ; Yes                        ; 2.32 V                      ; 5.95e-09 V                  ; 2.38 V             ; -0.016 V           ; 0.22 V                              ; 0.025 V                             ; 3.06e-10 s                 ; 3.3e-10 s                  ; Yes                       ; Yes                       ;
; rs1_debug[24]   ; 2.5 V        ; 0 s                 ; 0 s                 ; 2.32 V                       ; 5.95e-09 V                   ; 2.38 V              ; -0.016 V            ; 0.22 V                               ; 0.025 V                              ; 3.06e-10 s                  ; 3.3e-10 s                   ; Yes                        ; Yes                        ; 2.32 V                      ; 5.95e-09 V                  ; 2.38 V             ; -0.016 V           ; 0.22 V                              ; 0.025 V                             ; 3.06e-10 s                 ; 3.3e-10 s                  ; Yes                       ; Yes                       ;
; rs1_debug[25]   ; 2.5 V        ; 0 s                 ; 0 s                 ; 2.32 V                       ; 4.44e-09 V                   ; 2.38 V              ; -0.0145 V           ; 0.169 V                              ; 0.026 V                              ; 4.83e-10 s                  ; 4.71e-10 s                  ; Yes                        ; Yes                        ; 2.32 V                      ; 4.44e-09 V                  ; 2.38 V             ; -0.0145 V          ; 0.169 V                             ; 0.026 V                             ; 4.83e-10 s                 ; 4.71e-10 s                 ; Yes                       ; Yes                       ;
; rs1_debug[26]   ; 2.5 V        ; 0 s                 ; 0 s                 ; 2.32 V                       ; 4.44e-09 V                   ; 2.38 V              ; -0.0145 V           ; 0.169 V                              ; 0.026 V                              ; 4.83e-10 s                  ; 4.71e-10 s                  ; Yes                        ; Yes                        ; 2.32 V                      ; 4.44e-09 V                  ; 2.38 V             ; -0.0145 V          ; 0.169 V                             ; 0.026 V                             ; 4.83e-10 s                 ; 4.71e-10 s                 ; Yes                       ; Yes                       ;
; rs1_debug[27]   ; 2.5 V        ; 0 s                 ; 0 s                 ; 2.32 V                       ; 4.44e-09 V                   ; 2.38 V              ; -0.0145 V           ; 0.169 V                              ; 0.026 V                              ; 4.83e-10 s                  ; 4.71e-10 s                  ; Yes                        ; Yes                        ; 2.32 V                      ; 4.44e-09 V                  ; 2.38 V             ; -0.0145 V          ; 0.169 V                             ; 0.026 V                             ; 4.83e-10 s                 ; 4.71e-10 s                 ; Yes                       ; Yes                       ;
; rs1_debug[28]   ; 2.5 V        ; 0 s                 ; 0 s                 ; 2.32 V                       ; 5.95e-09 V                   ; 2.38 V              ; -0.016 V            ; 0.22 V                               ; 0.025 V                              ; 3.06e-10 s                  ; 3.3e-10 s                   ; Yes                        ; Yes                        ; 2.32 V                      ; 5.95e-09 V                  ; 2.38 V             ; -0.016 V           ; 0.22 V                              ; 0.025 V                             ; 3.06e-10 s                 ; 3.3e-10 s                  ; Yes                       ; Yes                       ;
; rs1_debug[29]   ; 2.5 V        ; 0 s                 ; 0 s                 ; 2.32 V                       ; 5.95e-09 V                   ; 2.38 V              ; -0.016 V            ; 0.22 V                               ; 0.025 V                              ; 3.06e-10 s                  ; 3.3e-10 s                   ; Yes                        ; Yes                        ; 2.32 V                      ; 5.95e-09 V                  ; 2.38 V             ; -0.016 V           ; 0.22 V                              ; 0.025 V                             ; 3.06e-10 s                 ; 3.3e-10 s                  ; Yes                       ; Yes                       ;
; rs1_debug[30]   ; 2.5 V        ; 0 s                 ; 0 s                 ; 2.32 V                       ; 5.95e-09 V                   ; 2.38 V              ; -0.016 V            ; 0.22 V                               ; 0.025 V                              ; 3.06e-10 s                  ; 3.3e-10 s                   ; Yes                        ; Yes                        ; 2.32 V                      ; 5.95e-09 V                  ; 2.38 V             ; -0.016 V           ; 0.22 V                              ; 0.025 V                             ; 3.06e-10 s                 ; 3.3e-10 s                  ; Yes                       ; Yes                       ;
; rs1_debug[31]   ; 2.5 V        ; 0 s                 ; 0 s                 ; 2.32 V                       ; 5.95e-09 V                   ; 2.38 V              ; -0.016 V            ; 0.22 V                               ; 0.025 V                              ; 3.06e-10 s                  ; 3.3e-10 s                   ; Yes                        ; Yes                        ; 2.32 V                      ; 5.95e-09 V                  ; 2.38 V             ; -0.016 V           ; 0.22 V                              ; 0.025 V                             ; 3.06e-10 s                 ; 3.3e-10 s                  ; Yes                       ; Yes                       ;
; rs2_debug[0]    ; 2.5 V        ; 0 s                 ; 0 s                 ; 2.32 V                       ; 5.95e-09 V                   ; 2.38 V              ; -0.016 V            ; 0.22 V                               ; 0.025 V                              ; 3.06e-10 s                  ; 3.3e-10 s                   ; Yes                        ; Yes                        ; 2.32 V                      ; 5.95e-09 V                  ; 2.38 V             ; -0.016 V           ; 0.22 V                              ; 0.025 V                             ; 3.06e-10 s                 ; 3.3e-10 s                  ; Yes                       ; Yes                       ;
; rs2_debug[1]    ; 2.5 V        ; 0 s                 ; 0 s                 ; 2.32 V                       ; 5.95e-09 V                   ; 2.38 V              ; -0.016 V            ; 0.22 V                               ; 0.025 V                              ; 3.06e-10 s                  ; 3.3e-10 s                   ; Yes                        ; Yes                        ; 2.32 V                      ; 5.95e-09 V                  ; 2.38 V             ; -0.016 V           ; 0.22 V                              ; 0.025 V                             ; 3.06e-10 s                 ; 3.3e-10 s                  ; Yes                       ; Yes                       ;
; rs2_debug[2]    ; 2.5 V        ; 0 s                 ; 0 s                 ; 2.32 V                       ; 5.95e-09 V                   ; 2.33 V              ; -0.00616 V          ; 0.191 V                              ; 0.099 V                              ; 2.83e-09 s                  ; 2.56e-09 s                  ; No                         ; Yes                        ; 2.32 V                      ; 5.95e-09 V                  ; 2.33 V             ; -0.00616 V         ; 0.191 V                             ; 0.099 V                             ; 2.83e-09 s                 ; 2.56e-09 s                 ; No                        ; Yes                       ;
; rs2_debug[3]    ; 2.5 V        ; 0 s                 ; 0 s                 ; 2.32 V                       ; 5.95e-09 V                   ; 2.38 V              ; -0.016 V            ; 0.22 V                               ; 0.025 V                              ; 3.06e-10 s                  ; 3.3e-10 s                   ; Yes                        ; Yes                        ; 2.32 V                      ; 5.95e-09 V                  ; 2.38 V             ; -0.016 V           ; 0.22 V                              ; 0.025 V                             ; 3.06e-10 s                 ; 3.3e-10 s                  ; Yes                       ; Yes                       ;
; rs2_debug[4]    ; 2.5 V        ; 0 s                 ; 0 s                 ; 2.32 V                       ; 5.95e-09 V                   ; 2.38 V              ; -0.016 V            ; 0.22 V                               ; 0.025 V                              ; 3.06e-10 s                  ; 3.3e-10 s                   ; Yes                        ; Yes                        ; 2.32 V                      ; 5.95e-09 V                  ; 2.38 V             ; -0.016 V           ; 0.22 V                              ; 0.025 V                             ; 3.06e-10 s                 ; 3.3e-10 s                  ; Yes                       ; Yes                       ;
; rs2_debug[5]    ; 2.5 V        ; 0 s                 ; 0 s                 ; 2.32 V                       ; 5.95e-09 V                   ; 2.38 V              ; -0.016 V            ; 0.22 V                               ; 0.025 V                              ; 3.06e-10 s                  ; 3.3e-10 s                   ; Yes                        ; Yes                        ; 2.32 V                      ; 5.95e-09 V                  ; 2.38 V             ; -0.016 V           ; 0.22 V                              ; 0.025 V                             ; 3.06e-10 s                 ; 3.3e-10 s                  ; Yes                       ; Yes                       ;
; rs2_debug[6]    ; 2.5 V        ; 0 s                 ; 0 s                 ; 2.32 V                       ; 5.95e-09 V                   ; 2.38 V              ; -0.016 V            ; 0.22 V                               ; 0.025 V                              ; 3.06e-10 s                  ; 3.3e-10 s                   ; Yes                        ; Yes                        ; 2.32 V                      ; 5.95e-09 V                  ; 2.38 V             ; -0.016 V           ; 0.22 V                              ; 0.025 V                             ; 3.06e-10 s                 ; 3.3e-10 s                  ; Yes                       ; Yes                       ;
; rs2_debug[7]    ; 2.5 V        ; 0 s                 ; 0 s                 ; 2.32 V                       ; 5.95e-09 V                   ; 2.38 V              ; -0.016 V            ; 0.22 V                               ; 0.025 V                              ; 3.06e-10 s                  ; 3.3e-10 s                   ; Yes                        ; Yes                        ; 2.32 V                      ; 5.95e-09 V                  ; 2.38 V             ; -0.016 V           ; 0.22 V                              ; 0.025 V                             ; 3.06e-10 s                 ; 3.3e-10 s                  ; Yes                       ; Yes                       ;
; rs2_debug[8]    ; 2.5 V        ; 0 s                 ; 0 s                 ; 2.32 V                       ; 5.95e-09 V                   ; 2.38 V              ; -0.016 V            ; 0.22 V                               ; 0.025 V                              ; 3.06e-10 s                  ; 3.3e-10 s                   ; Yes                        ; Yes                        ; 2.32 V                      ; 5.95e-09 V                  ; 2.38 V             ; -0.016 V           ; 0.22 V                              ; 0.025 V                             ; 3.06e-10 s                 ; 3.3e-10 s                  ; Yes                       ; Yes                       ;
; rs2_debug[9]    ; 2.5 V        ; 0 s                 ; 0 s                 ; 2.32 V                       ; 5.95e-09 V                   ; 2.38 V              ; -0.016 V            ; 0.22 V                               ; 0.025 V                              ; 3.06e-10 s                  ; 3.3e-10 s                   ; Yes                        ; Yes                        ; 2.32 V                      ; 5.95e-09 V                  ; 2.38 V             ; -0.016 V           ; 0.22 V                              ; 0.025 V                             ; 3.06e-10 s                 ; 3.3e-10 s                  ; Yes                       ; Yes                       ;
; rs2_debug[10]   ; 2.5 V        ; 0 s                 ; 0 s                 ; 2.32 V                       ; 5.95e-09 V                   ; 2.38 V              ; -0.016 V            ; 0.22 V                               ; 0.025 V                              ; 3.06e-10 s                  ; 3.3e-10 s                   ; Yes                        ; Yes                        ; 2.32 V                      ; 5.95e-09 V                  ; 2.38 V             ; -0.016 V           ; 0.22 V                              ; 0.025 V                             ; 3.06e-10 s                 ; 3.3e-10 s                  ; Yes                       ; Yes                       ;
; rs2_debug[11]   ; 2.5 V        ; 0 s                 ; 0 s                 ; 2.32 V                       ; 5.95e-09 V                   ; 2.38 V              ; -0.016 V            ; 0.22 V                               ; 0.025 V                              ; 3.06e-10 s                  ; 3.3e-10 s                   ; Yes                        ; Yes                        ; 2.32 V                      ; 5.95e-09 V                  ; 2.38 V             ; -0.016 V           ; 0.22 V                              ; 0.025 V                             ; 3.06e-10 s                 ; 3.3e-10 s                  ; Yes                       ; Yes                       ;
; rs2_debug[12]   ; 2.5 V        ; 0 s                 ; 0 s                 ; 2.32 V                       ; 5.95e-09 V                   ; 2.38 V              ; -0.016 V            ; 0.22 V                               ; 0.025 V                              ; 3.06e-10 s                  ; 3.3e-10 s                   ; Yes                        ; Yes                        ; 2.32 V                      ; 5.95e-09 V                  ; 2.38 V             ; -0.016 V           ; 0.22 V                              ; 0.025 V                             ; 3.06e-10 s                 ; 3.3e-10 s                  ; Yes                       ; Yes                       ;
; rs2_debug[13]   ; 2.5 V        ; 0 s                 ; 0 s                 ; 2.32 V                       ; 5.95e-09 V                   ; 2.38 V              ; -0.016 V            ; 0.22 V                               ; 0.025 V                              ; 3.06e-10 s                  ; 3.3e-10 s                   ; Yes                        ; Yes                        ; 2.32 V                      ; 5.95e-09 V                  ; 2.38 V             ; -0.016 V           ; 0.22 V                              ; 0.025 V                             ; 3.06e-10 s                 ; 3.3e-10 s                  ; Yes                       ; Yes                       ;
; rs2_debug[14]   ; 2.5 V        ; 0 s                 ; 0 s                 ; 2.32 V                       ; 4.44e-09 V                   ; 2.38 V              ; -0.0145 V           ; 0.169 V                              ; 0.026 V                              ; 4.83e-10 s                  ; 4.71e-10 s                  ; Yes                        ; Yes                        ; 2.32 V                      ; 4.44e-09 V                  ; 2.38 V             ; -0.0145 V          ; 0.169 V                             ; 0.026 V                             ; 4.83e-10 s                 ; 4.71e-10 s                 ; Yes                       ; Yes                       ;
; rs2_debug[15]   ; 2.5 V        ; 0 s                 ; 0 s                 ; 2.32 V                       ; 5.95e-09 V                   ; 2.38 V              ; -0.016 V            ; 0.22 V                               ; 0.025 V                              ; 3.06e-10 s                  ; 3.3e-10 s                   ; Yes                        ; Yes                        ; 2.32 V                      ; 5.95e-09 V                  ; 2.38 V             ; -0.016 V           ; 0.22 V                              ; 0.025 V                             ; 3.06e-10 s                 ; 3.3e-10 s                  ; Yes                       ; Yes                       ;
; rs2_debug[16]   ; 2.5 V        ; 0 s                 ; 0 s                 ; 2.32 V                       ; 4.44e-09 V                   ; 2.38 V              ; -0.0145 V           ; 0.169 V                              ; 0.026 V                              ; 4.83e-10 s                  ; 4.71e-10 s                  ; Yes                        ; Yes                        ; 2.32 V                      ; 4.44e-09 V                  ; 2.38 V             ; -0.0145 V          ; 0.169 V                             ; 0.026 V                             ; 4.83e-10 s                 ; 4.71e-10 s                 ; Yes                       ; Yes                       ;
; rs2_debug[17]   ; 2.5 V        ; 0 s                 ; 0 s                 ; 2.32 V                       ; 5.95e-09 V                   ; 2.33 V              ; -0.00616 V          ; 0.191 V                              ; 0.099 V                              ; 2.83e-09 s                  ; 2.56e-09 s                  ; No                         ; Yes                        ; 2.32 V                      ; 5.95e-09 V                  ; 2.33 V             ; -0.00616 V         ; 0.191 V                             ; 0.099 V                             ; 2.83e-09 s                 ; 2.56e-09 s                 ; No                        ; Yes                       ;
; rs2_debug[18]   ; 2.5 V        ; 0 s                 ; 0 s                 ; 2.32 V                       ; 5.95e-09 V                   ; 2.38 V              ; -0.016 V            ; 0.22 V                               ; 0.025 V                              ; 3.06e-10 s                  ; 3.3e-10 s                   ; Yes                        ; Yes                        ; 2.32 V                      ; 5.95e-09 V                  ; 2.38 V             ; -0.016 V           ; 0.22 V                              ; 0.025 V                             ; 3.06e-10 s                 ; 3.3e-10 s                  ; Yes                       ; Yes                       ;
; rs2_debug[19]   ; 2.5 V        ; 0 s                 ; 0 s                 ; 2.32 V                       ; 4.44e-09 V                   ; 2.38 V              ; -0.0145 V           ; 0.169 V                              ; 0.026 V                              ; 4.83e-10 s                  ; 4.71e-10 s                  ; Yes                        ; Yes                        ; 2.32 V                      ; 4.44e-09 V                  ; 2.38 V             ; -0.0145 V          ; 0.169 V                             ; 0.026 V                             ; 4.83e-10 s                 ; 4.71e-10 s                 ; Yes                       ; Yes                       ;
; rs2_debug[20]   ; 2.5 V        ; 0 s                 ; 0 s                 ; 2.32 V                       ; 5.95e-09 V                   ; 2.38 V              ; -0.016 V            ; 0.22 V                               ; 0.025 V                              ; 3.06e-10 s                  ; 3.3e-10 s                   ; Yes                        ; Yes                        ; 2.32 V                      ; 5.95e-09 V                  ; 2.38 V             ; -0.016 V           ; 0.22 V                              ; 0.025 V                             ; 3.06e-10 s                 ; 3.3e-10 s                  ; Yes                       ; Yes                       ;
; rs2_debug[21]   ; 2.5 V        ; 0 s                 ; 0 s                 ; 2.32 V                       ; 5.95e-09 V                   ; 2.38 V              ; -0.016 V            ; 0.22 V                               ; 0.025 V                              ; 3.06e-10 s                  ; 3.3e-10 s                   ; Yes                        ; Yes                        ; 2.32 V                      ; 5.95e-09 V                  ; 2.38 V             ; -0.016 V           ; 0.22 V                              ; 0.025 V                             ; 3.06e-10 s                 ; 3.3e-10 s                  ; Yes                       ; Yes                       ;
; rs2_debug[22]   ; 2.5 V        ; 0 s                 ; 0 s                 ; 2.32 V                       ; 5.95e-09 V                   ; 2.38 V              ; -0.016 V            ; 0.22 V                               ; 0.025 V                              ; 3.06e-10 s                  ; 3.3e-10 s                   ; Yes                        ; Yes                        ; 2.32 V                      ; 5.95e-09 V                  ; 2.38 V             ; -0.016 V           ; 0.22 V                              ; 0.025 V                             ; 3.06e-10 s                 ; 3.3e-10 s                  ; Yes                       ; Yes                       ;
; rs2_debug[23]   ; 2.5 V        ; 0 s                 ; 0 s                 ; 2.32 V                       ; 5.95e-09 V                   ; 2.38 V              ; -0.016 V            ; 0.22 V                               ; 0.025 V                              ; 3.06e-10 s                  ; 3.3e-10 s                   ; Yes                        ; Yes                        ; 2.32 V                      ; 5.95e-09 V                  ; 2.38 V             ; -0.016 V           ; 0.22 V                              ; 0.025 V                             ; 3.06e-10 s                 ; 3.3e-10 s                  ; Yes                       ; Yes                       ;
; rs2_debug[24]   ; 2.5 V        ; 0 s                 ; 0 s                 ; 2.32 V                       ; 5.95e-09 V                   ; 2.38 V              ; -0.016 V            ; 0.22 V                               ; 0.025 V                              ; 3.06e-10 s                  ; 3.3e-10 s                   ; Yes                        ; Yes                        ; 2.32 V                      ; 5.95e-09 V                  ; 2.38 V             ; -0.016 V           ; 0.22 V                              ; 0.025 V                             ; 3.06e-10 s                 ; 3.3e-10 s                  ; Yes                       ; Yes                       ;
; rs2_debug[25]   ; 2.5 V        ; 0 s                 ; 0 s                 ; 2.32 V                       ; 4.44e-09 V                   ; 2.38 V              ; -0.0145 V           ; 0.169 V                              ; 0.026 V                              ; 4.83e-10 s                  ; 4.71e-10 s                  ; Yes                        ; Yes                        ; 2.32 V                      ; 4.44e-09 V                  ; 2.38 V             ; -0.0145 V          ; 0.169 V                             ; 0.026 V                             ; 4.83e-10 s                 ; 4.71e-10 s                 ; Yes                       ; Yes                       ;
; rs2_debug[26]   ; 2.5 V        ; 0 s                 ; 0 s                 ; 2.32 V                       ; 5.95e-09 V                   ; 2.38 V              ; -0.016 V            ; 0.22 V                               ; 0.025 V                              ; 3.06e-10 s                  ; 3.3e-10 s                   ; Yes                        ; Yes                        ; 2.32 V                      ; 5.95e-09 V                  ; 2.38 V             ; -0.016 V           ; 0.22 V                              ; 0.025 V                             ; 3.06e-10 s                 ; 3.3e-10 s                  ; Yes                       ; Yes                       ;
; rs2_debug[27]   ; 2.5 V        ; 0 s                 ; 0 s                 ; 2.32 V                       ; 4.44e-09 V                   ; 2.38 V              ; -0.0145 V           ; 0.169 V                              ; 0.026 V                              ; 4.83e-10 s                  ; 4.71e-10 s                  ; Yes                        ; Yes                        ; 2.32 V                      ; 4.44e-09 V                  ; 2.38 V             ; -0.0145 V          ; 0.169 V                             ; 0.026 V                             ; 4.83e-10 s                 ; 4.71e-10 s                 ; Yes                       ; Yes                       ;
; rs2_debug[28]   ; 2.5 V        ; 0 s                 ; 0 s                 ; 2.32 V                       ; 5.95e-09 V                   ; 2.38 V              ; -0.016 V            ; 0.22 V                               ; 0.025 V                              ; 3.06e-10 s                  ; 3.3e-10 s                   ; Yes                        ; Yes                        ; 2.32 V                      ; 5.95e-09 V                  ; 2.38 V             ; -0.016 V           ; 0.22 V                              ; 0.025 V                             ; 3.06e-10 s                 ; 3.3e-10 s                  ; Yes                       ; Yes                       ;
; rs2_debug[29]   ; 2.5 V        ; 0 s                 ; 0 s                 ; 2.32 V                       ; 5.95e-09 V                   ; 2.38 V              ; -0.016 V            ; 0.22 V                               ; 0.025 V                              ; 3.06e-10 s                  ; 3.3e-10 s                   ; Yes                        ; Yes                        ; 2.32 V                      ; 5.95e-09 V                  ; 2.38 V             ; -0.016 V           ; 0.22 V                              ; 0.025 V                             ; 3.06e-10 s                 ; 3.3e-10 s                  ; Yes                       ; Yes                       ;
; rs2_debug[30]   ; 2.5 V        ; 0 s                 ; 0 s                 ; 2.32 V                       ; 5.95e-09 V                   ; 2.38 V              ; -0.016 V            ; 0.22 V                               ; 0.025 V                              ; 3.06e-10 s                  ; 3.3e-10 s                   ; Yes                        ; Yes                        ; 2.32 V                      ; 5.95e-09 V                  ; 2.38 V             ; -0.016 V           ; 0.22 V                              ; 0.025 V                             ; 3.06e-10 s                 ; 3.3e-10 s                  ; Yes                       ; Yes                       ;
; rs2_debug[31]   ; 2.5 V        ; 0 s                 ; 0 s                 ; 2.32 V                       ; 5.95e-09 V                   ; 2.33 V              ; -0.00616 V          ; 0.191 V                              ; 0.099 V                              ; 2.83e-09 s                  ; 2.56e-09 s                  ; No                         ; Yes                        ; 2.32 V                      ; 5.95e-09 V                  ; 2.33 V             ; -0.00616 V         ; 0.191 V                             ; 0.099 V                             ; 2.83e-09 s                 ; 2.56e-09 s                 ; No                        ; Yes                       ;
; ~ALTERA_NCEO~   ; 2.5 V        ; 0 s                 ; 0 s                 ; 2.32 V                       ; 3.99e-09 V                   ; 2.53 V              ; -0.0412 V           ; 0.279 V                              ; 0.088 V                              ; 1.14e-10 s                  ; 2.15e-10 s                  ; No                         ; Yes                        ; 2.32 V                      ; 3.99e-09 V                  ; 2.53 V             ; -0.0412 V          ; 0.279 V                             ; 0.088 V                             ; 1.14e-10 s                 ; 2.15e-10 s                 ; No                        ; Yes                       ;
; ~ALTERA_DCLK~   ; 2.5 V        ; 0 s                 ; 0 s                 ; 2.32 V                       ; 5.21e-09 V                   ; 2.38 V              ; -0.0507 V           ; 0.161 V                              ; 0.093 V                              ; 2.91e-10 s                  ; 2.66e-10 s                  ; Yes                        ; Yes                        ; 2.32 V                      ; 5.21e-09 V                  ; 2.38 V             ; -0.0507 V          ; 0.161 V                             ; 0.093 V                             ; 2.91e-10 s                 ; 2.66e-10 s                 ; Yes                       ; Yes                       ;
+-----------------+--------------+---------------------+---------------------+------------------------------+------------------------------+---------------------+---------------------+--------------------------------------+--------------------------------------+-----------------------------+-----------------------------+----------------------------+----------------------------+-----------------------------+-----------------------------+--------------------+--------------------+-------------------------------------+-------------------------------------+----------------------------+----------------------------+---------------------------+---------------------------+


+----------------------------------------------------------------------------------------------------------------------------------------------------------------------------------------------------------------------------------------------------------------------------------------------------------------------------------------------------------------------------------------------------------------------------------------------------------------------------------------------------------------------------------------------------------------------------------------------------------------------------------------------------------------------------------------------+
; Signal Integrity Metrics (Slow 1200mv 85c Model)                                                                                                                                                                                                                                                                                                                                                                                                                                                                                                                                                                                                                                             ;
+-----------------+--------------+---------------------+---------------------+------------------------------+------------------------------+---------------------+---------------------+--------------------------------------+--------------------------------------+-----------------------------+-----------------------------+----------------------------+----------------------------+-----------------------------+-----------------------------+--------------------+--------------------+-------------------------------------+-------------------------------------+----------------------------+----------------------------+---------------------------+---------------------------+
; Pin             ; I/O Standard ; Board Delay on Rise ; Board Delay on Fall ; Steady State Voh at FPGA Pin ; Steady State Vol at FPGA Pin ; Voh Max at FPGA Pin ; Vol Min at FPGA Pin ; Ringback Voltage on Rise at FPGA Pin ; Ringback Voltage on Fall at FPGA Pin ; 10-90 Rise Time at FPGA Pin ; 90-10 Fall Time at FPGA Pin ; Monotonic Rise at FPGA Pin ; Monotonic Fall at FPGA Pin ; Steady State Voh at Far-end ; Steady State Vol at Far-end ; Voh Max at Far-end ; Vol Min at Far-end ; Ringback Voltage on Rise at Far-end ; Ringback Voltage on Fall at Far-end ; 10-90 Rise Time at Far-end ; 90-10 Fall Time at Far-end ; Monotonic Rise at Far-end ; Monotonic Fall at Far-end ;
+-----------------+--------------+---------------------+---------------------+------------------------------+------------------------------+---------------------+---------------------+--------------------------------------+--------------------------------------+-----------------------------+-----------------------------+----------------------------+----------------------------+-----------------------------+-----------------------------+--------------------+--------------------+-------------------------------------+-------------------------------------+----------------------------+----------------------------+---------------------------+---------------------------+
; pc_debug[0]     ; 2.5 V        ; 0 s                 ; 0 s                 ; 2.32 V                       ; 1.06e-06 V                   ; 2.36 V              ; -0.00724 V          ; 0.107 V                              ; 0.02 V                               ; 4.5e-10 s                   ; 4.25e-10 s                  ; Yes                        ; Yes                        ; 2.32 V                      ; 1.06e-06 V                  ; 2.36 V             ; -0.00724 V         ; 0.107 V                             ; 0.02 V                              ; 4.5e-10 s                  ; 4.25e-10 s                 ; Yes                       ; Yes                       ;
; pc_debug[1]     ; 2.5 V        ; 0 s                 ; 0 s                 ; 2.32 V                       ; 1.06e-06 V                   ; 2.36 V              ; -0.00724 V          ; 0.107 V                              ; 0.02 V                               ; 4.5e-10 s                   ; 4.25e-10 s                  ; Yes                        ; Yes                        ; 2.32 V                      ; 1.06e-06 V                  ; 2.36 V             ; -0.00724 V         ; 0.107 V                             ; 0.02 V                              ; 4.5e-10 s                  ; 4.25e-10 s                 ; Yes                       ; Yes                       ;
; pc_debug[2]     ; 2.5 V        ; 0 s                 ; 0 s                 ; 2.32 V                       ; 7.16e-07 V                   ; 2.35 V              ; -0.00832 V          ; 0.101 V                              ; 0.024 V                              ; 6.39e-10 s                  ; 6e-10 s                     ; Yes                        ; Yes                        ; 2.32 V                      ; 7.16e-07 V                  ; 2.35 V             ; -0.00832 V         ; 0.101 V                             ; 0.024 V                             ; 6.39e-10 s                 ; 6e-10 s                    ; Yes                       ; Yes                       ;
; pc_debug[3]     ; 2.5 V        ; 0 s                 ; 0 s                 ; 2.32 V                       ; 7.16e-07 V                   ; 2.35 V              ; -0.00832 V          ; 0.101 V                              ; 0.024 V                              ; 6.39e-10 s                  ; 6e-10 s                     ; Yes                        ; Yes                        ; 2.32 V                      ; 7.16e-07 V                  ; 2.35 V             ; -0.00832 V         ; 0.101 V                             ; 0.024 V                             ; 6.39e-10 s                 ; 6e-10 s                    ; Yes                       ; Yes                       ;
; pc_debug[4]     ; 2.5 V        ; 0 s                 ; 0 s                 ; 2.32 V                       ; 7.16e-07 V                   ; 2.35 V              ; -0.00832 V          ; 0.101 V                              ; 0.024 V                              ; 6.39e-10 s                  ; 6e-10 s                     ; Yes                        ; Yes                        ; 2.32 V                      ; 7.16e-07 V                  ; 2.35 V             ; -0.00832 V         ; 0.101 V                             ; 0.024 V                             ; 6.39e-10 s                 ; 6e-10 s                    ; Yes                       ; Yes                       ;
; pc_debug[5]     ; 2.5 V        ; 0 s                 ; 0 s                 ; 2.32 V                       ; 7.16e-07 V                   ; 2.35 V              ; -0.00832 V          ; 0.101 V                              ; 0.024 V                              ; 6.39e-10 s                  ; 6e-10 s                     ; Yes                        ; Yes                        ; 2.32 V                      ; 7.16e-07 V                  ; 2.35 V             ; -0.00832 V         ; 0.101 V                             ; 0.024 V                             ; 6.39e-10 s                 ; 6e-10 s                    ; Yes                       ; Yes                       ;
; pc_debug[6]     ; 2.5 V        ; 0 s                 ; 0 s                 ; 2.32 V                       ; 7.16e-07 V                   ; 2.35 V              ; -0.00832 V          ; 0.101 V                              ; 0.024 V                              ; 6.39e-10 s                  ; 6e-10 s                     ; Yes                        ; Yes                        ; 2.32 V                      ; 7.16e-07 V                  ; 2.35 V             ; -0.00832 V         ; 0.101 V                             ; 0.024 V                             ; 6.39e-10 s                 ; 6e-10 s                    ; Yes                       ; Yes                       ;
; pc_debug[7]     ; 2.5 V        ; 0 s                 ; 0 s                 ; 2.32 V                       ; 7.16e-07 V                   ; 2.35 V              ; -0.00832 V          ; 0.101 V                              ; 0.024 V                              ; 6.39e-10 s                  ; 6e-10 s                     ; Yes                        ; Yes                        ; 2.32 V                      ; 7.16e-07 V                  ; 2.35 V             ; -0.00832 V         ; 0.101 V                             ; 0.024 V                             ; 6.39e-10 s                 ; 6e-10 s                    ; Yes                       ; Yes                       ;
; pc_debug[8]     ; 2.5 V        ; 0 s                 ; 0 s                 ; 2.32 V                       ; 7.16e-07 V                   ; 2.35 V              ; -0.00832 V          ; 0.101 V                              ; 0.024 V                              ; 6.39e-10 s                  ; 6e-10 s                     ; Yes                        ; Yes                        ; 2.32 V                      ; 7.16e-07 V                  ; 2.35 V             ; -0.00832 V         ; 0.101 V                             ; 0.024 V                             ; 6.39e-10 s                 ; 6e-10 s                    ; Yes                       ; Yes                       ;
; pc_debug[9]     ; 2.5 V        ; 0 s                 ; 0 s                 ; 2.32 V                       ; 7.16e-07 V                   ; 2.35 V              ; -0.00832 V          ; 0.101 V                              ; 0.024 V                              ; 6.39e-10 s                  ; 6e-10 s                     ; Yes                        ; Yes                        ; 2.32 V                      ; 7.16e-07 V                  ; 2.35 V             ; -0.00832 V         ; 0.101 V                             ; 0.024 V                             ; 6.39e-10 s                 ; 6e-10 s                    ; Yes                       ; Yes                       ;
; pc_debug[10]    ; 2.5 V        ; 0 s                 ; 0 s                 ; 2.32 V                       ; 7.16e-07 V                   ; 2.35 V              ; -0.00832 V          ; 0.101 V                              ; 0.024 V                              ; 6.39e-10 s                  ; 6e-10 s                     ; Yes                        ; Yes                        ; 2.32 V                      ; 7.16e-07 V                  ; 2.35 V             ; -0.00832 V         ; 0.101 V                             ; 0.024 V                             ; 6.39e-10 s                 ; 6e-10 s                    ; Yes                       ; Yes                       ;
; pc_debug[11]    ; 2.5 V        ; 0 s                 ; 0 s                 ; 2.32 V                       ; 7.16e-07 V                   ; 2.35 V              ; -0.00832 V          ; 0.101 V                              ; 0.024 V                              ; 6.39e-10 s                  ; 6e-10 s                     ; Yes                        ; Yes                        ; 2.32 V                      ; 7.16e-07 V                  ; 2.35 V             ; -0.00832 V         ; 0.101 V                             ; 0.024 V                             ; 6.39e-10 s                 ; 6e-10 s                    ; Yes                       ; Yes                       ;
; pc_debug[12]    ; 2.5 V        ; 0 s                 ; 0 s                 ; 2.32 V                       ; 7.16e-07 V                   ; 2.35 V              ; -0.00832 V          ; 0.101 V                              ; 0.024 V                              ; 6.39e-10 s                  ; 6e-10 s                     ; Yes                        ; Yes                        ; 2.32 V                      ; 7.16e-07 V                  ; 2.35 V             ; -0.00832 V         ; 0.101 V                             ; 0.024 V                             ; 6.39e-10 s                 ; 6e-10 s                    ; Yes                       ; Yes                       ;
; pc_debug[13]    ; 2.5 V        ; 0 s                 ; 0 s                 ; 2.32 V                       ; 7.16e-07 V                   ; 2.35 V              ; -0.00832 V          ; 0.101 V                              ; 0.024 V                              ; 6.39e-10 s                  ; 6e-10 s                     ; Yes                        ; Yes                        ; 2.32 V                      ; 7.16e-07 V                  ; 2.35 V             ; -0.00832 V         ; 0.101 V                             ; 0.024 V                             ; 6.39e-10 s                 ; 6e-10 s                    ; Yes                       ; Yes                       ;
; pc_debug[14]    ; 2.5 V        ; 0 s                 ; 0 s                 ; 2.32 V                       ; 7.16e-07 V                   ; 2.35 V              ; -0.00832 V          ; 0.101 V                              ; 0.024 V                              ; 6.39e-10 s                  ; 6e-10 s                     ; Yes                        ; Yes                        ; 2.32 V                      ; 7.16e-07 V                  ; 2.35 V             ; -0.00832 V         ; 0.101 V                             ; 0.024 V                             ; 6.39e-10 s                 ; 6e-10 s                    ; Yes                       ; Yes                       ;
; pc_debug[15]    ; 2.5 V        ; 0 s                 ; 0 s                 ; 2.32 V                       ; 7.16e-07 V                   ; 2.35 V              ; -0.00832 V          ; 0.101 V                              ; 0.024 V                              ; 6.39e-10 s                  ; 6e-10 s                     ; Yes                        ; Yes                        ; 2.32 V                      ; 7.16e-07 V                  ; 2.35 V             ; -0.00832 V         ; 0.101 V                             ; 0.024 V                             ; 6.39e-10 s                 ; 6e-10 s                    ; Yes                       ; Yes                       ;
; pc_debug[16]    ; 2.5 V        ; 0 s                 ; 0 s                 ; 2.32 V                       ; 7.16e-07 V                   ; 2.35 V              ; -0.00832 V          ; 0.101 V                              ; 0.024 V                              ; 6.39e-10 s                  ; 6e-10 s                     ; Yes                        ; Yes                        ; 2.32 V                      ; 7.16e-07 V                  ; 2.35 V             ; -0.00832 V         ; 0.101 V                             ; 0.024 V                             ; 6.39e-10 s                 ; 6e-10 s                    ; Yes                       ; Yes                       ;
; pc_debug[17]    ; 2.5 V        ; 0 s                 ; 0 s                 ; 2.32 V                       ; 7.16e-07 V                   ; 2.35 V              ; -0.00832 V          ; 0.101 V                              ; 0.024 V                              ; 6.39e-10 s                  ; 6e-10 s                     ; Yes                        ; Yes                        ; 2.32 V                      ; 7.16e-07 V                  ; 2.35 V             ; -0.00832 V         ; 0.101 V                             ; 0.024 V                             ; 6.39e-10 s                 ; 6e-10 s                    ; Yes                       ; Yes                       ;
; pc_debug[18]    ; 2.5 V        ; 0 s                 ; 0 s                 ; 2.32 V                       ; 7.16e-07 V                   ; 2.35 V              ; -0.00832 V          ; 0.101 V                              ; 0.024 V                              ; 6.39e-10 s                  ; 6e-10 s                     ; Yes                        ; Yes                        ; 2.32 V                      ; 7.16e-07 V                  ; 2.35 V             ; -0.00832 V         ; 0.101 V                             ; 0.024 V                             ; 6.39e-10 s                 ; 6e-10 s                    ; Yes                       ; Yes                       ;
; pc_debug[19]    ; 2.5 V        ; 0 s                 ; 0 s                 ; 2.32 V                       ; 7.16e-07 V                   ; 2.35 V              ; -0.00832 V          ; 0.101 V                              ; 0.024 V                              ; 6.39e-10 s                  ; 6e-10 s                     ; Yes                        ; Yes                        ; 2.32 V                      ; 7.16e-07 V                  ; 2.35 V             ; -0.00832 V         ; 0.101 V                             ; 0.024 V                             ; 6.39e-10 s                 ; 6e-10 s                    ; Yes                       ; Yes                       ;
; pc_debug[20]    ; 2.5 V        ; 0 s                 ; 0 s                 ; 2.32 V                       ; 7.16e-07 V                   ; 2.35 V              ; -0.00832 V          ; 0.101 V                              ; 0.024 V                              ; 6.39e-10 s                  ; 6e-10 s                     ; Yes                        ; Yes                        ; 2.32 V                      ; 7.16e-07 V                  ; 2.35 V             ; -0.00832 V         ; 0.101 V                             ; 0.024 V                             ; 6.39e-10 s                 ; 6e-10 s                    ; Yes                       ; Yes                       ;
; pc_debug[21]    ; 2.5 V        ; 0 s                 ; 0 s                 ; 2.32 V                       ; 7.16e-07 V                   ; 2.35 V              ; -0.00832 V          ; 0.101 V                              ; 0.024 V                              ; 6.39e-10 s                  ; 6e-10 s                     ; Yes                        ; Yes                        ; 2.32 V                      ; 7.16e-07 V                  ; 2.35 V             ; -0.00832 V         ; 0.101 V                             ; 0.024 V                             ; 6.39e-10 s                 ; 6e-10 s                    ; Yes                       ; Yes                       ;
; pc_debug[22]    ; 2.5 V        ; 0 s                 ; 0 s                 ; 2.32 V                       ; 7.16e-07 V                   ; 2.35 V              ; -0.00832 V          ; 0.101 V                              ; 0.024 V                              ; 6.39e-10 s                  ; 6e-10 s                     ; Yes                        ; Yes                        ; 2.32 V                      ; 7.16e-07 V                  ; 2.35 V             ; -0.00832 V         ; 0.101 V                             ; 0.024 V                             ; 6.39e-10 s                 ; 6e-10 s                    ; Yes                       ; Yes                       ;
; pc_debug[23]    ; 2.5 V        ; 0 s                 ; 0 s                 ; 2.32 V                       ; 7.16e-07 V                   ; 2.35 V              ; -0.00832 V          ; 0.101 V                              ; 0.024 V                              ; 6.39e-10 s                  ; 6e-10 s                     ; Yes                        ; Yes                        ; 2.32 V                      ; 7.16e-07 V                  ; 2.35 V             ; -0.00832 V         ; 0.101 V                             ; 0.024 V                             ; 6.39e-10 s                 ; 6e-10 s                    ; Yes                       ; Yes                       ;
; pc_debug[24]    ; 2.5 V        ; 0 s                 ; 0 s                 ; 2.32 V                       ; 7.16e-07 V                   ; 2.35 V              ; -0.00832 V          ; 0.101 V                              ; 0.024 V                              ; 6.39e-10 s                  ; 6e-10 s                     ; Yes                        ; Yes                        ; 2.32 V                      ; 7.16e-07 V                  ; 2.35 V             ; -0.00832 V         ; 0.101 V                             ; 0.024 V                             ; 6.39e-10 s                 ; 6e-10 s                    ; Yes                       ; Yes                       ;
; pc_debug[25]    ; 2.5 V        ; 0 s                 ; 0 s                 ; 2.32 V                       ; 7.16e-07 V                   ; 2.35 V              ; -0.00832 V          ; 0.101 V                              ; 0.024 V                              ; 6.39e-10 s                  ; 6e-10 s                     ; Yes                        ; Yes                        ; 2.32 V                      ; 7.16e-07 V                  ; 2.35 V             ; -0.00832 V         ; 0.101 V                             ; 0.024 V                             ; 6.39e-10 s                 ; 6e-10 s                    ; Yes                       ; Yes                       ;
; pc_debug[26]    ; 2.5 V        ; 0 s                 ; 0 s                 ; 2.32 V                       ; 7.16e-07 V                   ; 2.36 V              ; -0.00476 V          ; 0.096 V                              ; 0.013 V                              ; 4.39e-10 s                  ; 4.15e-10 s                  ; Yes                        ; Yes                        ; 2.32 V                      ; 7.16e-07 V                  ; 2.36 V             ; -0.00476 V         ; 0.096 V                             ; 0.013 V                             ; 4.39e-10 s                 ; 4.15e-10 s                 ; Yes                       ; Yes                       ;
; pc_debug[27]    ; 2.5 V        ; 0 s                 ; 0 s                 ; 2.32 V                       ; 7.16e-07 V                   ; 2.36 V              ; -0.00476 V          ; 0.096 V                              ; 0.013 V                              ; 4.39e-10 s                  ; 4.15e-10 s                  ; Yes                        ; Yes                        ; 2.32 V                      ; 7.16e-07 V                  ; 2.36 V             ; -0.00476 V         ; 0.096 V                             ; 0.013 V                             ; 4.39e-10 s                 ; 4.15e-10 s                 ; Yes                       ; Yes                       ;
; pc_debug[28]    ; 2.5 V        ; 0 s                 ; 0 s                 ; 2.32 V                       ; 7.16e-07 V                   ; 2.33 V              ; -0.00349 V          ; 0.163 V                              ; 0.074 V                              ; 3.33e-09 s                  ; 3.14e-09 s                  ; Yes                        ; Yes                        ; 2.32 V                      ; 7.16e-07 V                  ; 2.33 V             ; -0.00349 V         ; 0.163 V                             ; 0.074 V                             ; 3.33e-09 s                 ; 3.14e-09 s                 ; Yes                       ; Yes                       ;
; pc_debug[29]    ; 2.5 V        ; 0 s                 ; 0 s                 ; 2.32 V                       ; 7.16e-07 V                   ; 2.35 V              ; -0.00832 V          ; 0.101 V                              ; 0.024 V                              ; 6.39e-10 s                  ; 6e-10 s                     ; Yes                        ; Yes                        ; 2.32 V                      ; 7.16e-07 V                  ; 2.35 V             ; -0.00832 V         ; 0.101 V                             ; 0.024 V                             ; 6.39e-10 s                 ; 6e-10 s                    ; Yes                       ; Yes                       ;
; pc_debug[30]    ; 2.5 V        ; 0 s                 ; 0 s                 ; 2.32 V                       ; 7.16e-07 V                   ; 2.35 V              ; -0.00832 V          ; 0.101 V                              ; 0.024 V                              ; 6.39e-10 s                  ; 6e-10 s                     ; Yes                        ; Yes                        ; 2.32 V                      ; 7.16e-07 V                  ; 2.35 V             ; -0.00832 V         ; 0.101 V                             ; 0.024 V                             ; 6.39e-10 s                 ; 6e-10 s                    ; Yes                       ; Yes                       ;
; pc_debug[31]    ; 2.5 V        ; 0 s                 ; 0 s                 ; 2.32 V                       ; 7.16e-07 V                   ; 2.35 V              ; -0.00832 V          ; 0.101 V                              ; 0.024 V                              ; 6.39e-10 s                  ; 6e-10 s                     ; Yes                        ; Yes                        ; 2.32 V                      ; 7.16e-07 V                  ; 2.35 V             ; -0.00832 V         ; 0.101 V                             ; 0.024 V                             ; 6.39e-10 s                 ; 6e-10 s                    ; Yes                       ; Yes                       ;
; instr_debug[0]  ; 2.5 V        ; 0 s                 ; 0 s                 ; 2.32 V                       ; 1.06e-06 V                   ; 2.36 V              ; -0.00724 V          ; 0.107 V                              ; 0.02 V                               ; 4.5e-10 s                   ; 4.25e-10 s                  ; Yes                        ; Yes                        ; 2.32 V                      ; 1.06e-06 V                  ; 2.36 V             ; -0.00724 V         ; 0.107 V                             ; 0.02 V                              ; 4.5e-10 s                  ; 4.25e-10 s                 ; Yes                       ; Yes                       ;
; instr_debug[1]  ; 2.5 V        ; 0 s                 ; 0 s                 ; 2.32 V                       ; 1.06e-06 V                   ; 2.36 V              ; -0.00724 V          ; 0.107 V                              ; 0.02 V                               ; 4.5e-10 s                   ; 4.25e-10 s                  ; Yes                        ; Yes                        ; 2.32 V                      ; 1.06e-06 V                  ; 2.36 V             ; -0.00724 V         ; 0.107 V                             ; 0.02 V                              ; 4.5e-10 s                  ; 4.25e-10 s                 ; Yes                       ; Yes                       ;
; instr_debug[2]  ; 2.5 V        ; 0 s                 ; 0 s                 ; 2.32 V                       ; 1.06e-06 V                   ; 2.36 V              ; -0.00724 V          ; 0.107 V                              ; 0.02 V                               ; 4.5e-10 s                   ; 4.25e-10 s                  ; Yes                        ; Yes                        ; 2.32 V                      ; 1.06e-06 V                  ; 2.36 V             ; -0.00724 V         ; 0.107 V                             ; 0.02 V                              ; 4.5e-10 s                  ; 4.25e-10 s                 ; Yes                       ; Yes                       ;
; instr_debug[3]  ; 2.5 V        ; 0 s                 ; 0 s                 ; 2.32 V                       ; 7.16e-07 V                   ; 2.35 V              ; -0.00832 V          ; 0.101 V                              ; 0.024 V                              ; 6.39e-10 s                  ; 6e-10 s                     ; Yes                        ; Yes                        ; 2.32 V                      ; 7.16e-07 V                  ; 2.35 V             ; -0.00832 V         ; 0.101 V                             ; 0.024 V                             ; 6.39e-10 s                 ; 6e-10 s                    ; Yes                       ; Yes                       ;
; instr_debug[4]  ; 2.5 V        ; 0 s                 ; 0 s                 ; 2.32 V                       ; 1.06e-06 V                   ; 2.36 V              ; -0.00724 V          ; 0.107 V                              ; 0.02 V                               ; 4.5e-10 s                   ; 4.25e-10 s                  ; Yes                        ; Yes                        ; 2.32 V                      ; 1.06e-06 V                  ; 2.36 V             ; -0.00724 V         ; 0.107 V                             ; 0.02 V                              ; 4.5e-10 s                  ; 4.25e-10 s                 ; Yes                       ; Yes                       ;
; instr_debug[5]  ; 2.5 V        ; 0 s                 ; 0 s                 ; 2.32 V                       ; 1.06e-06 V                   ; 2.36 V              ; -0.00724 V          ; 0.107 V                              ; 0.02 V                               ; 4.5e-10 s                   ; 4.25e-10 s                  ; Yes                        ; Yes                        ; 2.32 V                      ; 1.06e-06 V                  ; 2.36 V             ; -0.00724 V         ; 0.107 V                             ; 0.02 V                              ; 4.5e-10 s                  ; 4.25e-10 s                 ; Yes                       ; Yes                       ;
; instr_debug[6]  ; 2.5 V        ; 0 s                 ; 0 s                 ; 2.32 V                       ; 1.06e-06 V                   ; 2.36 V              ; -0.00724 V          ; 0.107 V                              ; 0.02 V                               ; 4.5e-10 s                   ; 4.25e-10 s                  ; Yes                        ; Yes                        ; 2.32 V                      ; 1.06e-06 V                  ; 2.36 V             ; -0.00724 V         ; 0.107 V                             ; 0.02 V                              ; 4.5e-10 s                  ; 4.25e-10 s                 ; Yes                       ; Yes                       ;
; instr_debug[7]  ; 2.5 V        ; 0 s                 ; 0 s                 ; 2.32 V                       ; 1.06e-06 V                   ; 2.36 V              ; -0.00724 V          ; 0.107 V                              ; 0.02 V                               ; 4.5e-10 s                   ; 4.25e-10 s                  ; Yes                        ; Yes                        ; 2.32 V                      ; 1.06e-06 V                  ; 2.36 V             ; -0.00724 V         ; 0.107 V                             ; 0.02 V                              ; 4.5e-10 s                  ; 4.25e-10 s                 ; Yes                       ; Yes                       ;
; instr_debug[8]  ; 2.5 V        ; 0 s                 ; 0 s                 ; 2.32 V                       ; 7.16e-07 V                   ; 2.33 V              ; -0.00349 V          ; 0.163 V                              ; 0.074 V                              ; 3.33e-09 s                  ; 3.14e-09 s                  ; Yes                        ; Yes                        ; 2.32 V                      ; 7.16e-07 V                  ; 2.33 V             ; -0.00349 V         ; 0.163 V                             ; 0.074 V                             ; 3.33e-09 s                 ; 3.14e-09 s                 ; Yes                       ; Yes                       ;
; instr_debug[9]  ; 2.5 V        ; 0 s                 ; 0 s                 ; 2.32 V                       ; 7.16e-07 V                   ; 2.35 V              ; -0.00832 V          ; 0.101 V                              ; 0.024 V                              ; 6.39e-10 s                  ; 6e-10 s                     ; Yes                        ; Yes                        ; 2.32 V                      ; 7.16e-07 V                  ; 2.35 V             ; -0.00832 V         ; 0.101 V                             ; 0.024 V                             ; 6.39e-10 s                 ; 6e-10 s                    ; Yes                       ; Yes                       ;
; instr_debug[10] ; 2.5 V        ; 0 s                 ; 0 s                 ; 2.32 V                       ; 7.16e-07 V                   ; 2.35 V              ; -0.00832 V          ; 0.101 V                              ; 0.024 V                              ; 6.39e-10 s                  ; 6e-10 s                     ; Yes                        ; Yes                        ; 2.32 V                      ; 7.16e-07 V                  ; 2.35 V             ; -0.00832 V         ; 0.101 V                             ; 0.024 V                             ; 6.39e-10 s                 ; 6e-10 s                    ; Yes                       ; Yes                       ;
; instr_debug[11] ; 2.5 V        ; 0 s                 ; 0 s                 ; 2.32 V                       ; 7.16e-07 V                   ; 2.35 V              ; -0.00832 V          ; 0.101 V                              ; 0.024 V                              ; 6.39e-10 s                  ; 6e-10 s                     ; Yes                        ; Yes                        ; 2.32 V                      ; 7.16e-07 V                  ; 2.35 V             ; -0.00832 V         ; 0.101 V                             ; 0.024 V                             ; 6.39e-10 s                 ; 6e-10 s                    ; Yes                       ; Yes                       ;
; instr_debug[12] ; 2.5 V        ; 0 s                 ; 0 s                 ; 2.32 V                       ; 7.16e-07 V                   ; 2.35 V              ; -0.00832 V          ; 0.101 V                              ; 0.024 V                              ; 6.39e-10 s                  ; 6e-10 s                     ; Yes                        ; Yes                        ; 2.32 V                      ; 7.16e-07 V                  ; 2.35 V             ; -0.00832 V         ; 0.101 V                             ; 0.024 V                             ; 6.39e-10 s                 ; 6e-10 s                    ; Yes                       ; Yes                       ;
; instr_debug[13] ; 2.5 V        ; 0 s                 ; 0 s                 ; 2.32 V                       ; 7.16e-07 V                   ; 2.35 V              ; -0.00832 V          ; 0.101 V                              ; 0.024 V                              ; 6.39e-10 s                  ; 6e-10 s                     ; Yes                        ; Yes                        ; 2.32 V                      ; 7.16e-07 V                  ; 2.35 V             ; -0.00832 V         ; 0.101 V                             ; 0.024 V                             ; 6.39e-10 s                 ; 6e-10 s                    ; Yes                       ; Yes                       ;
; instr_debug[14] ; 2.5 V        ; 0 s                 ; 0 s                 ; 2.32 V                       ; 7.16e-07 V                   ; 2.35 V              ; -0.00832 V          ; 0.101 V                              ; 0.024 V                              ; 6.39e-10 s                  ; 6e-10 s                     ; Yes                        ; Yes                        ; 2.32 V                      ; 7.16e-07 V                  ; 2.35 V             ; -0.00832 V         ; 0.101 V                             ; 0.024 V                             ; 6.39e-10 s                 ; 6e-10 s                    ; Yes                       ; Yes                       ;
; instr_debug[15] ; 2.5 V        ; 0 s                 ; 0 s                 ; 2.32 V                       ; 7.16e-07 V                   ; 2.35 V              ; -0.00832 V          ; 0.101 V                              ; 0.024 V                              ; 6.39e-10 s                  ; 6e-10 s                     ; Yes                        ; Yes                        ; 2.32 V                      ; 7.16e-07 V                  ; 2.35 V             ; -0.00832 V         ; 0.101 V                             ; 0.024 V                             ; 6.39e-10 s                 ; 6e-10 s                    ; Yes                       ; Yes                       ;
; instr_debug[16] ; 2.5 V        ; 0 s                 ; 0 s                 ; 2.32 V                       ; 1.06e-06 V                   ; 2.36 V              ; -0.00724 V          ; 0.107 V                              ; 0.02 V                               ; 4.5e-10 s                   ; 4.25e-10 s                  ; Yes                        ; Yes                        ; 2.32 V                      ; 1.06e-06 V                  ; 2.36 V             ; -0.00724 V         ; 0.107 V                             ; 0.02 V                              ; 4.5e-10 s                  ; 4.25e-10 s                 ; Yes                       ; Yes                       ;
; instr_debug[17] ; 2.5 V        ; 0 s                 ; 0 s                 ; 2.32 V                       ; 7.16e-07 V                   ; 2.35 V              ; -0.00832 V          ; 0.101 V                              ; 0.024 V                              ; 6.39e-10 s                  ; 6e-10 s                     ; Yes                        ; Yes                        ; 2.32 V                      ; 7.16e-07 V                  ; 2.35 V             ; -0.00832 V         ; 0.101 V                             ; 0.024 V                             ; 6.39e-10 s                 ; 6e-10 s                    ; Yes                       ; Yes                       ;
; instr_debug[18] ; 2.5 V        ; 0 s                 ; 0 s                 ; 2.32 V                       ; 7.16e-07 V                   ; 2.35 V              ; -0.00832 V          ; 0.101 V                              ; 0.024 V                              ; 6.39e-10 s                  ; 6e-10 s                     ; Yes                        ; Yes                        ; 2.32 V                      ; 7.16e-07 V                  ; 2.35 V             ; -0.00832 V         ; 0.101 V                             ; 0.024 V                             ; 6.39e-10 s                 ; 6e-10 s                    ; Yes                       ; Yes                       ;
; instr_debug[19] ; 2.5 V        ; 0 s                 ; 0 s                 ; 2.32 V                       ; 7.16e-07 V                   ; 2.35 V              ; -0.00832 V          ; 0.101 V                              ; 0.024 V                              ; 6.39e-10 s                  ; 6e-10 s                     ; Yes                        ; Yes                        ; 2.32 V                      ; 7.16e-07 V                  ; 2.35 V             ; -0.00832 V         ; 0.101 V                             ; 0.024 V                             ; 6.39e-10 s                 ; 6e-10 s                    ; Yes                       ; Yes                       ;
; instr_debug[20] ; 2.5 V        ; 0 s                 ; 0 s                 ; 2.32 V                       ; 7.16e-07 V                   ; 2.33 V              ; -0.00349 V          ; 0.163 V                              ; 0.074 V                              ; 3.33e-09 s                  ; 3.14e-09 s                  ; Yes                        ; Yes                        ; 2.32 V                      ; 7.16e-07 V                  ; 2.33 V             ; -0.00349 V         ; 0.163 V                             ; 0.074 V                             ; 3.33e-09 s                 ; 3.14e-09 s                 ; Yes                       ; Yes                       ;
; instr_debug[21] ; 2.5 V        ; 0 s                 ; 0 s                 ; 2.32 V                       ; 7.16e-07 V                   ; 2.35 V              ; -0.00832 V          ; 0.101 V                              ; 0.024 V                              ; 6.39e-10 s                  ; 6e-10 s                     ; Yes                        ; Yes                        ; 2.32 V                      ; 7.16e-07 V                  ; 2.35 V             ; -0.00832 V         ; 0.101 V                             ; 0.024 V                             ; 6.39e-10 s                 ; 6e-10 s                    ; Yes                       ; Yes                       ;
; instr_debug[22] ; 2.5 V        ; 0 s                 ; 0 s                 ; 2.32 V                       ; 7.16e-07 V                   ; 2.35 V              ; -0.00832 V          ; 0.101 V                              ; 0.024 V                              ; 6.39e-10 s                  ; 6e-10 s                     ; Yes                        ; Yes                        ; 2.32 V                      ; 7.16e-07 V                  ; 2.35 V             ; -0.00832 V         ; 0.101 V                             ; 0.024 V                             ; 6.39e-10 s                 ; 6e-10 s                    ; Yes                       ; Yes                       ;
; instr_debug[23] ; 2.5 V        ; 0 s                 ; 0 s                 ; 2.32 V                       ; 7.16e-07 V                   ; 2.35 V              ; -0.00832 V          ; 0.101 V                              ; 0.024 V                              ; 6.39e-10 s                  ; 6e-10 s                     ; Yes                        ; Yes                        ; 2.32 V                      ; 7.16e-07 V                  ; 2.35 V             ; -0.00832 V         ; 0.101 V                             ; 0.024 V                             ; 6.39e-10 s                 ; 6e-10 s                    ; Yes                       ; Yes                       ;
; instr_debug[24] ; 2.5 V        ; 0 s                 ; 0 s                 ; 2.32 V                       ; 7.16e-07 V                   ; 2.35 V              ; -0.00832 V          ; 0.101 V                              ; 0.024 V                              ; 6.39e-10 s                  ; 6e-10 s                     ; Yes                        ; Yes                        ; 2.32 V                      ; 7.16e-07 V                  ; 2.35 V             ; -0.00832 V         ; 0.101 V                             ; 0.024 V                             ; 6.39e-10 s                 ; 6e-10 s                    ; Yes                       ; Yes                       ;
; instr_debug[25] ; 2.5 V        ; 0 s                 ; 0 s                 ; 2.32 V                       ; 7.16e-07 V                   ; 2.35 V              ; -0.00832 V          ; 0.101 V                              ; 0.024 V                              ; 6.39e-10 s                  ; 6e-10 s                     ; Yes                        ; Yes                        ; 2.32 V                      ; 7.16e-07 V                  ; 2.35 V             ; -0.00832 V         ; 0.101 V                             ; 0.024 V                             ; 6.39e-10 s                 ; 6e-10 s                    ; Yes                       ; Yes                       ;
; instr_debug[26] ; 2.5 V        ; 0 s                 ; 0 s                 ; 2.32 V                       ; 7.16e-07 V                   ; 2.35 V              ; -0.00832 V          ; 0.101 V                              ; 0.024 V                              ; 6.39e-10 s                  ; 6e-10 s                     ; Yes                        ; Yes                        ; 2.32 V                      ; 7.16e-07 V                  ; 2.35 V             ; -0.00832 V         ; 0.101 V                             ; 0.024 V                             ; 6.39e-10 s                 ; 6e-10 s                    ; Yes                       ; Yes                       ;
; instr_debug[27] ; 2.5 V        ; 0 s                 ; 0 s                 ; 2.32 V                       ; 7.16e-07 V                   ; 2.33 V              ; -0.00349 V          ; 0.163 V                              ; 0.074 V                              ; 3.33e-09 s                  ; 3.14e-09 s                  ; Yes                        ; Yes                        ; 2.32 V                      ; 7.16e-07 V                  ; 2.33 V             ; -0.00349 V         ; 0.163 V                             ; 0.074 V                             ; 3.33e-09 s                 ; 3.14e-09 s                 ; Yes                       ; Yes                       ;
; instr_debug[28] ; 2.5 V        ; 0 s                 ; 0 s                 ; 2.32 V                       ; 7.16e-07 V                   ; 2.35 V              ; -0.00832 V          ; 0.101 V                              ; 0.024 V                              ; 6.39e-10 s                  ; 6e-10 s                     ; Yes                        ; Yes                        ; 2.32 V                      ; 7.16e-07 V                  ; 2.35 V             ; -0.00832 V         ; 0.101 V                             ; 0.024 V                             ; 6.39e-10 s                 ; 6e-10 s                    ; Yes                       ; Yes                       ;
; instr_debug[29] ; 2.5 V        ; 0 s                 ; 0 s                 ; 2.32 V                       ; 7.16e-07 V                   ; 2.35 V              ; -0.00832 V          ; 0.101 V                              ; 0.024 V                              ; 6.39e-10 s                  ; 6e-10 s                     ; Yes                        ; Yes                        ; 2.32 V                      ; 7.16e-07 V                  ; 2.35 V             ; -0.00832 V         ; 0.101 V                             ; 0.024 V                             ; 6.39e-10 s                 ; 6e-10 s                    ; Yes                       ; Yes                       ;
; instr_debug[30] ; 2.5 V        ; 0 s                 ; 0 s                 ; 2.32 V                       ; 7.16e-07 V                   ; 2.35 V              ; -0.00832 V          ; 0.101 V                              ; 0.024 V                              ; 6.39e-10 s                  ; 6e-10 s                     ; Yes                        ; Yes                        ; 2.32 V                      ; 7.16e-07 V                  ; 2.35 V             ; -0.00832 V         ; 0.101 V                             ; 0.024 V                             ; 6.39e-10 s                 ; 6e-10 s                    ; Yes                       ; Yes                       ;
; instr_debug[31] ; 2.5 V        ; 0 s                 ; 0 s                 ; 2.32 V                       ; 7.16e-07 V                   ; 2.35 V              ; -0.00832 V          ; 0.101 V                              ; 0.024 V                              ; 6.39e-10 s                  ; 6e-10 s                     ; Yes                        ; Yes                        ; 2.32 V                      ; 7.16e-07 V                  ; 2.35 V             ; -0.00832 V         ; 0.101 V                             ; 0.024 V                             ; 6.39e-10 s                 ; 6e-10 s                    ; Yes                       ; Yes                       ;
; rs1_debug[0]    ; 2.5 V        ; 0 s                 ; 0 s                 ; 2.32 V                       ; 1.06e-06 V                   ; 2.36 V              ; -0.00724 V          ; 0.107 V                              ; 0.02 V                               ; 4.5e-10 s                   ; 4.25e-10 s                  ; Yes                        ; Yes                        ; 2.32 V                      ; 1.06e-06 V                  ; 2.36 V             ; -0.00724 V         ; 0.107 V                             ; 0.02 V                              ; 4.5e-10 s                  ; 4.25e-10 s                 ; Yes                       ; Yes                       ;
; rs1_debug[1]    ; 2.5 V        ; 0 s                 ; 0 s                 ; 2.32 V                       ; 1.06e-06 V                   ; 2.36 V              ; -0.00724 V          ; 0.107 V                              ; 0.02 V                               ; 4.5e-10 s                   ; 4.25e-10 s                  ; Yes                        ; Yes                        ; 2.32 V                      ; 1.06e-06 V                  ; 2.36 V             ; -0.00724 V         ; 0.107 V                             ; 0.02 V                              ; 4.5e-10 s                  ; 4.25e-10 s                 ; Yes                       ; Yes                       ;
; rs1_debug[2]    ; 2.5 V        ; 0 s                 ; 0 s                 ; 2.32 V                       ; 1.06e-06 V                   ; 2.36 V              ; -0.00724 V          ; 0.107 V                              ; 0.02 V                               ; 4.5e-10 s                   ; 4.25e-10 s                  ; Yes                        ; Yes                        ; 2.32 V                      ; 1.06e-06 V                  ; 2.36 V             ; -0.00724 V         ; 0.107 V                             ; 0.02 V                              ; 4.5e-10 s                  ; 4.25e-10 s                 ; Yes                       ; Yes                       ;
; rs1_debug[3]    ; 2.5 V        ; 0 s                 ; 0 s                 ; 2.32 V                       ; 1.06e-06 V                   ; 2.36 V              ; -0.00724 V          ; 0.107 V                              ; 0.02 V                               ; 4.5e-10 s                   ; 4.25e-10 s                  ; Yes                        ; Yes                        ; 2.32 V                      ; 1.06e-06 V                  ; 2.36 V             ; -0.00724 V         ; 0.107 V                             ; 0.02 V                              ; 4.5e-10 s                  ; 4.25e-10 s                 ; Yes                       ; Yes                       ;
; rs1_debug[4]    ; 2.5 V        ; 0 s                 ; 0 s                 ; 2.32 V                       ; 1.06e-06 V                   ; 2.36 V              ; -0.00724 V          ; 0.107 V                              ; 0.02 V                               ; 4.5e-10 s                   ; 4.25e-10 s                  ; Yes                        ; Yes                        ; 2.32 V                      ; 1.06e-06 V                  ; 2.36 V             ; -0.00724 V         ; 0.107 V                             ; 0.02 V                              ; 4.5e-10 s                  ; 4.25e-10 s                 ; Yes                       ; Yes                       ;
; rs1_debug[5]    ; 2.5 V        ; 0 s                 ; 0 s                 ; 2.32 V                       ; 7.16e-07 V                   ; 2.35 V              ; -0.00832 V          ; 0.101 V                              ; 0.024 V                              ; 6.39e-10 s                  ; 6e-10 s                     ; Yes                        ; Yes                        ; 2.32 V                      ; 7.16e-07 V                  ; 2.35 V             ; -0.00832 V         ; 0.101 V                             ; 0.024 V                             ; 6.39e-10 s                 ; 6e-10 s                    ; Yes                       ; Yes                       ;
; rs1_debug[6]    ; 2.5 V        ; 0 s                 ; 0 s                 ; 2.32 V                       ; 1.06e-06 V                   ; 2.36 V              ; -0.00724 V          ; 0.107 V                              ; 0.02 V                               ; 4.5e-10 s                   ; 4.25e-10 s                  ; Yes                        ; Yes                        ; 2.32 V                      ; 1.06e-06 V                  ; 2.36 V             ; -0.00724 V         ; 0.107 V                             ; 0.02 V                              ; 4.5e-10 s                  ; 4.25e-10 s                 ; Yes                       ; Yes                       ;
; rs1_debug[7]    ; 2.5 V        ; 0 s                 ; 0 s                 ; 2.32 V                       ; 1.06e-06 V                   ; 2.36 V              ; -0.00724 V          ; 0.107 V                              ; 0.02 V                               ; 4.5e-10 s                   ; 4.25e-10 s                  ; Yes                        ; Yes                        ; 2.32 V                      ; 1.06e-06 V                  ; 2.36 V             ; -0.00724 V         ; 0.107 V                             ; 0.02 V                              ; 4.5e-10 s                  ; 4.25e-10 s                 ; Yes                       ; Yes                       ;
; rs1_debug[8]    ; 2.5 V        ; 0 s                 ; 0 s                 ; 2.32 V                       ; 1.06e-06 V                   ; 2.36 V              ; -0.00724 V          ; 0.107 V                              ; 0.02 V                               ; 4.5e-10 s                   ; 4.25e-10 s                  ; Yes                        ; Yes                        ; 2.32 V                      ; 1.06e-06 V                  ; 2.36 V             ; -0.00724 V         ; 0.107 V                             ; 0.02 V                              ; 4.5e-10 s                  ; 4.25e-10 s                 ; Yes                       ; Yes                       ;
; rs1_debug[9]    ; 2.5 V        ; 0 s                 ; 0 s                 ; 2.32 V                       ; 7.16e-07 V                   ; 2.35 V              ; -0.00832 V          ; 0.101 V                              ; 0.024 V                              ; 6.39e-10 s                  ; 6e-10 s                     ; Yes                        ; Yes                        ; 2.32 V                      ; 7.16e-07 V                  ; 2.35 V             ; -0.00832 V         ; 0.101 V                             ; 0.024 V                             ; 6.39e-10 s                 ; 6e-10 s                    ; Yes                       ; Yes                       ;
; rs1_debug[10]   ; 2.5 V        ; 0 s                 ; 0 s                 ; 2.32 V                       ; 1.06e-06 V                   ; 2.36 V              ; -0.00724 V          ; 0.107 V                              ; 0.02 V                               ; 4.5e-10 s                   ; 4.25e-10 s                  ; Yes                        ; Yes                        ; 2.32 V                      ; 1.06e-06 V                  ; 2.36 V             ; -0.00724 V         ; 0.107 V                             ; 0.02 V                              ; 4.5e-10 s                  ; 4.25e-10 s                 ; Yes                       ; Yes                       ;
; rs1_debug[11]   ; 2.5 V        ; 0 s                 ; 0 s                 ; 2.32 V                       ; 1.06e-06 V                   ; 2.36 V              ; -0.00724 V          ; 0.107 V                              ; 0.02 V                               ; 4.5e-10 s                   ; 4.25e-10 s                  ; Yes                        ; Yes                        ; 2.32 V                      ; 1.06e-06 V                  ; 2.36 V             ; -0.00724 V         ; 0.107 V                             ; 0.02 V                              ; 4.5e-10 s                  ; 4.25e-10 s                 ; Yes                       ; Yes                       ;
; rs1_debug[12]   ; 2.5 V        ; 0 s                 ; 0 s                 ; 2.32 V                       ; 1.06e-06 V                   ; 2.36 V              ; -0.00724 V          ; 0.107 V                              ; 0.02 V                               ; 4.5e-10 s                   ; 4.25e-10 s                  ; Yes                        ; Yes                        ; 2.32 V                      ; 1.06e-06 V                  ; 2.36 V             ; -0.00724 V         ; 0.107 V                             ; 0.02 V                              ; 4.5e-10 s                  ; 4.25e-10 s                 ; Yes                       ; Yes                       ;
; rs1_debug[13]   ; 2.5 V        ; 0 s                 ; 0 s                 ; 2.32 V                       ; 7.16e-07 V                   ; 2.35 V              ; -0.00832 V          ; 0.101 V                              ; 0.024 V                              ; 6.39e-10 s                  ; 6e-10 s                     ; Yes                        ; Yes                        ; 2.32 V                      ; 7.16e-07 V                  ; 2.35 V             ; -0.00832 V         ; 0.101 V                             ; 0.024 V                             ; 6.39e-10 s                 ; 6e-10 s                    ; Yes                       ; Yes                       ;
; rs1_debug[14]   ; 2.5 V        ; 0 s                 ; 0 s                 ; 2.32 V                       ; 1.06e-06 V                   ; 2.36 V              ; -0.00724 V          ; 0.107 V                              ; 0.02 V                               ; 4.5e-10 s                   ; 4.25e-10 s                  ; Yes                        ; Yes                        ; 2.32 V                      ; 1.06e-06 V                  ; 2.36 V             ; -0.00724 V         ; 0.107 V                             ; 0.02 V                              ; 4.5e-10 s                  ; 4.25e-10 s                 ; Yes                       ; Yes                       ;
; rs1_debug[15]   ; 2.5 V        ; 0 s                 ; 0 s                 ; 2.32 V                       ; 1.06e-06 V                   ; 2.36 V              ; -0.00724 V          ; 0.107 V                              ; 0.02 V                               ; 4.5e-10 s                   ; 4.25e-10 s                  ; Yes                        ; Yes                        ; 2.32 V                      ; 1.06e-06 V                  ; 2.36 V             ; -0.00724 V         ; 0.107 V                             ; 0.02 V                              ; 4.5e-10 s                  ; 4.25e-10 s                 ; Yes                       ; Yes                       ;
; rs1_debug[16]   ; 2.5 V        ; 0 s                 ; 0 s                 ; 2.32 V                       ; 7.16e-07 V                   ; 2.35 V              ; -0.00832 V          ; 0.101 V                              ; 0.024 V                              ; 6.39e-10 s                  ; 6e-10 s                     ; Yes                        ; Yes                        ; 2.32 V                      ; 7.16e-07 V                  ; 2.35 V             ; -0.00832 V         ; 0.101 V                             ; 0.024 V                             ; 6.39e-10 s                 ; 6e-10 s                    ; Yes                       ; Yes                       ;
; rs1_debug[17]   ; 2.5 V        ; 0 s                 ; 0 s                 ; 2.32 V                       ; 1.06e-06 V                   ; 2.36 V              ; -0.00724 V          ; 0.107 V                              ; 0.02 V                               ; 4.5e-10 s                   ; 4.25e-10 s                  ; Yes                        ; Yes                        ; 2.32 V                      ; 1.06e-06 V                  ; 2.36 V             ; -0.00724 V         ; 0.107 V                             ; 0.02 V                              ; 4.5e-10 s                  ; 4.25e-10 s                 ; Yes                       ; Yes                       ;
; rs1_debug[18]   ; 2.5 V        ; 0 s                 ; 0 s                 ; 2.32 V                       ; 1.06e-06 V                   ; 2.36 V              ; -0.00724 V          ; 0.107 V                              ; 0.02 V                               ; 4.5e-10 s                   ; 4.25e-10 s                  ; Yes                        ; Yes                        ; 2.32 V                      ; 1.06e-06 V                  ; 2.36 V             ; -0.00724 V         ; 0.107 V                             ; 0.02 V                              ; 4.5e-10 s                  ; 4.25e-10 s                 ; Yes                       ; Yes                       ;
; rs1_debug[19]   ; 2.5 V        ; 0 s                 ; 0 s                 ; 2.32 V                       ; 1.06e-06 V                   ; 2.36 V              ; -0.00724 V          ; 0.107 V                              ; 0.02 V                               ; 4.5e-10 s                   ; 4.25e-10 s                  ; Yes                        ; Yes                        ; 2.32 V                      ; 1.06e-06 V                  ; 2.36 V             ; -0.00724 V         ; 0.107 V                             ; 0.02 V                              ; 4.5e-10 s                  ; 4.25e-10 s                 ; Yes                       ; Yes                       ;
; rs1_debug[20]   ; 2.5 V        ; 0 s                 ; 0 s                 ; 2.32 V                       ; 1.06e-06 V                   ; 2.36 V              ; -0.00724 V          ; 0.107 V                              ; 0.02 V                               ; 4.5e-10 s                   ; 4.25e-10 s                  ; Yes                        ; Yes                        ; 2.32 V                      ; 1.06e-06 V                  ; 2.36 V             ; -0.00724 V         ; 0.107 V                             ; 0.02 V                              ; 4.5e-10 s                  ; 4.25e-10 s                 ; Yes                       ; Yes                       ;
; rs1_debug[21]   ; 2.5 V        ; 0 s                 ; 0 s                 ; 2.32 V                       ; 1.06e-06 V                   ; 2.36 V              ; -0.00724 V          ; 0.107 V                              ; 0.02 V                               ; 4.5e-10 s                   ; 4.25e-10 s                  ; Yes                        ; Yes                        ; 2.32 V                      ; 1.06e-06 V                  ; 2.36 V             ; -0.00724 V         ; 0.107 V                             ; 0.02 V                              ; 4.5e-10 s                  ; 4.25e-10 s                 ; Yes                       ; Yes                       ;
; rs1_debug[22]   ; 2.5 V        ; 0 s                 ; 0 s                 ; 2.32 V                       ; 1.06e-06 V                   ; 2.36 V              ; -0.00724 V          ; 0.107 V                              ; 0.02 V                               ; 4.5e-10 s                   ; 4.25e-10 s                  ; Yes                        ; Yes                        ; 2.32 V                      ; 1.06e-06 V                  ; 2.36 V             ; -0.00724 V         ; 0.107 V                             ; 0.02 V                              ; 4.5e-10 s                  ; 4.25e-10 s                 ; Yes                       ; Yes                       ;
; rs1_debug[23]   ; 2.5 V        ; 0 s                 ; 0 s                 ; 2.32 V                       ; 1.06e-06 V                   ; 2.36 V              ; -0.00724 V          ; 0.107 V                              ; 0.02 V                               ; 4.5e-10 s                   ; 4.25e-10 s                  ; Yes                        ; Yes                        ; 2.32 V                      ; 1.06e-06 V                  ; 2.36 V             ; -0.00724 V         ; 0.107 V                             ; 0.02 V                              ; 4.5e-10 s                  ; 4.25e-10 s                 ; Yes                       ; Yes                       ;
; rs1_debug[24]   ; 2.5 V        ; 0 s                 ; 0 s                 ; 2.32 V                       ; 1.06e-06 V                   ; 2.36 V              ; -0.00724 V          ; 0.107 V                              ; 0.02 V                               ; 4.5e-10 s                   ; 4.25e-10 s                  ; Yes                        ; Yes                        ; 2.32 V                      ; 1.06e-06 V                  ; 2.36 V             ; -0.00724 V         ; 0.107 V                             ; 0.02 V                              ; 4.5e-10 s                  ; 4.25e-10 s                 ; Yes                       ; Yes                       ;
; rs1_debug[25]   ; 2.5 V        ; 0 s                 ; 0 s                 ; 2.32 V                       ; 7.16e-07 V                   ; 2.35 V              ; -0.00832 V          ; 0.101 V                              ; 0.024 V                              ; 6.39e-10 s                  ; 6e-10 s                     ; Yes                        ; Yes                        ; 2.32 V                      ; 7.16e-07 V                  ; 2.35 V             ; -0.00832 V         ; 0.101 V                             ; 0.024 V                             ; 6.39e-10 s                 ; 6e-10 s                    ; Yes                       ; Yes                       ;
; rs1_debug[26]   ; 2.5 V        ; 0 s                 ; 0 s                 ; 2.32 V                       ; 7.16e-07 V                   ; 2.35 V              ; -0.00832 V          ; 0.101 V                              ; 0.024 V                              ; 6.39e-10 s                  ; 6e-10 s                     ; Yes                        ; Yes                        ; 2.32 V                      ; 7.16e-07 V                  ; 2.35 V             ; -0.00832 V         ; 0.101 V                             ; 0.024 V                             ; 6.39e-10 s                 ; 6e-10 s                    ; Yes                       ; Yes                       ;
; rs1_debug[27]   ; 2.5 V        ; 0 s                 ; 0 s                 ; 2.32 V                       ; 7.16e-07 V                   ; 2.35 V              ; -0.00832 V          ; 0.101 V                              ; 0.024 V                              ; 6.39e-10 s                  ; 6e-10 s                     ; Yes                        ; Yes                        ; 2.32 V                      ; 7.16e-07 V                  ; 2.35 V             ; -0.00832 V         ; 0.101 V                             ; 0.024 V                             ; 6.39e-10 s                 ; 6e-10 s                    ; Yes                       ; Yes                       ;
; rs1_debug[28]   ; 2.5 V        ; 0 s                 ; 0 s                 ; 2.32 V                       ; 1.06e-06 V                   ; 2.36 V              ; -0.00724 V          ; 0.107 V                              ; 0.02 V                               ; 4.5e-10 s                   ; 4.25e-10 s                  ; Yes                        ; Yes                        ; 2.32 V                      ; 1.06e-06 V                  ; 2.36 V             ; -0.00724 V         ; 0.107 V                             ; 0.02 V                              ; 4.5e-10 s                  ; 4.25e-10 s                 ; Yes                       ; Yes                       ;
; rs1_debug[29]   ; 2.5 V        ; 0 s                 ; 0 s                 ; 2.32 V                       ; 1.06e-06 V                   ; 2.36 V              ; -0.00724 V          ; 0.107 V                              ; 0.02 V                               ; 4.5e-10 s                   ; 4.25e-10 s                  ; Yes                        ; Yes                        ; 2.32 V                      ; 1.06e-06 V                  ; 2.36 V             ; -0.00724 V         ; 0.107 V                             ; 0.02 V                              ; 4.5e-10 s                  ; 4.25e-10 s                 ; Yes                       ; Yes                       ;
; rs1_debug[30]   ; 2.5 V        ; 0 s                 ; 0 s                 ; 2.32 V                       ; 1.06e-06 V                   ; 2.36 V              ; -0.00724 V          ; 0.107 V                              ; 0.02 V                               ; 4.5e-10 s                   ; 4.25e-10 s                  ; Yes                        ; Yes                        ; 2.32 V                      ; 1.06e-06 V                  ; 2.36 V             ; -0.00724 V         ; 0.107 V                             ; 0.02 V                              ; 4.5e-10 s                  ; 4.25e-10 s                 ; Yes                       ; Yes                       ;
; rs1_debug[31]   ; 2.5 V        ; 0 s                 ; 0 s                 ; 2.32 V                       ; 1.06e-06 V                   ; 2.36 V              ; -0.00724 V          ; 0.107 V                              ; 0.02 V                               ; 4.5e-10 s                   ; 4.25e-10 s                  ; Yes                        ; Yes                        ; 2.32 V                      ; 1.06e-06 V                  ; 2.36 V             ; -0.00724 V         ; 0.107 V                             ; 0.02 V                              ; 4.5e-10 s                  ; 4.25e-10 s                 ; Yes                       ; Yes                       ;
; rs2_debug[0]    ; 2.5 V        ; 0 s                 ; 0 s                 ; 2.32 V                       ; 1.06e-06 V                   ; 2.36 V              ; -0.00724 V          ; 0.107 V                              ; 0.02 V                               ; 4.5e-10 s                   ; 4.25e-10 s                  ; Yes                        ; Yes                        ; 2.32 V                      ; 1.06e-06 V                  ; 2.36 V             ; -0.00724 V         ; 0.107 V                             ; 0.02 V                              ; 4.5e-10 s                  ; 4.25e-10 s                 ; Yes                       ; Yes                       ;
; rs2_debug[1]    ; 2.5 V        ; 0 s                 ; 0 s                 ; 2.32 V                       ; 1.06e-06 V                   ; 2.36 V              ; -0.00724 V          ; 0.107 V                              ; 0.02 V                               ; 4.5e-10 s                   ; 4.25e-10 s                  ; Yes                        ; Yes                        ; 2.32 V                      ; 1.06e-06 V                  ; 2.36 V             ; -0.00724 V         ; 0.107 V                             ; 0.02 V                              ; 4.5e-10 s                  ; 4.25e-10 s                 ; Yes                       ; Yes                       ;
; rs2_debug[2]    ; 2.5 V        ; 0 s                 ; 0 s                 ; 2.32 V                       ; 1.06e-06 V                   ; 2.33 V              ; -0.00344 V          ; 0.134 V                              ; 0.075 V                              ; 3.33e-09 s                  ; 3.16e-09 s                  ; Yes                        ; Yes                        ; 2.32 V                      ; 1.06e-06 V                  ; 2.33 V             ; -0.00344 V         ; 0.134 V                             ; 0.075 V                             ; 3.33e-09 s                 ; 3.16e-09 s                 ; Yes                       ; Yes                       ;
; rs2_debug[3]    ; 2.5 V        ; 0 s                 ; 0 s                 ; 2.32 V                       ; 1.06e-06 V                   ; 2.36 V              ; -0.00724 V          ; 0.107 V                              ; 0.02 V                               ; 4.5e-10 s                   ; 4.25e-10 s                  ; Yes                        ; Yes                        ; 2.32 V                      ; 1.06e-06 V                  ; 2.36 V             ; -0.00724 V         ; 0.107 V                             ; 0.02 V                              ; 4.5e-10 s                  ; 4.25e-10 s                 ; Yes                       ; Yes                       ;
; rs2_debug[4]    ; 2.5 V        ; 0 s                 ; 0 s                 ; 2.32 V                       ; 1.06e-06 V                   ; 2.36 V              ; -0.00724 V          ; 0.107 V                              ; 0.02 V                               ; 4.5e-10 s                   ; 4.25e-10 s                  ; Yes                        ; Yes                        ; 2.32 V                      ; 1.06e-06 V                  ; 2.36 V             ; -0.00724 V         ; 0.107 V                             ; 0.02 V                              ; 4.5e-10 s                  ; 4.25e-10 s                 ; Yes                       ; Yes                       ;
; rs2_debug[5]    ; 2.5 V        ; 0 s                 ; 0 s                 ; 2.32 V                       ; 1.06e-06 V                   ; 2.36 V              ; -0.00724 V          ; 0.107 V                              ; 0.02 V                               ; 4.5e-10 s                   ; 4.25e-10 s                  ; Yes                        ; Yes                        ; 2.32 V                      ; 1.06e-06 V                  ; 2.36 V             ; -0.00724 V         ; 0.107 V                             ; 0.02 V                              ; 4.5e-10 s                  ; 4.25e-10 s                 ; Yes                       ; Yes                       ;
; rs2_debug[6]    ; 2.5 V        ; 0 s                 ; 0 s                 ; 2.32 V                       ; 1.06e-06 V                   ; 2.36 V              ; -0.00724 V          ; 0.107 V                              ; 0.02 V                               ; 4.5e-10 s                   ; 4.25e-10 s                  ; Yes                        ; Yes                        ; 2.32 V                      ; 1.06e-06 V                  ; 2.36 V             ; -0.00724 V         ; 0.107 V                             ; 0.02 V                              ; 4.5e-10 s                  ; 4.25e-10 s                 ; Yes                       ; Yes                       ;
; rs2_debug[7]    ; 2.5 V        ; 0 s                 ; 0 s                 ; 2.32 V                       ; 1.06e-06 V                   ; 2.36 V              ; -0.00724 V          ; 0.107 V                              ; 0.02 V                               ; 4.5e-10 s                   ; 4.25e-10 s                  ; Yes                        ; Yes                        ; 2.32 V                      ; 1.06e-06 V                  ; 2.36 V             ; -0.00724 V         ; 0.107 V                             ; 0.02 V                              ; 4.5e-10 s                  ; 4.25e-10 s                 ; Yes                       ; Yes                       ;
; rs2_debug[8]    ; 2.5 V        ; 0 s                 ; 0 s                 ; 2.32 V                       ; 1.06e-06 V                   ; 2.36 V              ; -0.00724 V          ; 0.107 V                              ; 0.02 V                               ; 4.5e-10 s                   ; 4.25e-10 s                  ; Yes                        ; Yes                        ; 2.32 V                      ; 1.06e-06 V                  ; 2.36 V             ; -0.00724 V         ; 0.107 V                             ; 0.02 V                              ; 4.5e-10 s                  ; 4.25e-10 s                 ; Yes                       ; Yes                       ;
; rs2_debug[9]    ; 2.5 V        ; 0 s                 ; 0 s                 ; 2.32 V                       ; 1.06e-06 V                   ; 2.36 V              ; -0.00724 V          ; 0.107 V                              ; 0.02 V                               ; 4.5e-10 s                   ; 4.25e-10 s                  ; Yes                        ; Yes                        ; 2.32 V                      ; 1.06e-06 V                  ; 2.36 V             ; -0.00724 V         ; 0.107 V                             ; 0.02 V                              ; 4.5e-10 s                  ; 4.25e-10 s                 ; Yes                       ; Yes                       ;
; rs2_debug[10]   ; 2.5 V        ; 0 s                 ; 0 s                 ; 2.32 V                       ; 1.06e-06 V                   ; 2.36 V              ; -0.00724 V          ; 0.107 V                              ; 0.02 V                               ; 4.5e-10 s                   ; 4.25e-10 s                  ; Yes                        ; Yes                        ; 2.32 V                      ; 1.06e-06 V                  ; 2.36 V             ; -0.00724 V         ; 0.107 V                             ; 0.02 V                              ; 4.5e-10 s                  ; 4.25e-10 s                 ; Yes                       ; Yes                       ;
; rs2_debug[11]   ; 2.5 V        ; 0 s                 ; 0 s                 ; 2.32 V                       ; 1.06e-06 V                   ; 2.36 V              ; -0.00724 V          ; 0.107 V                              ; 0.02 V                               ; 4.5e-10 s                   ; 4.25e-10 s                  ; Yes                        ; Yes                        ; 2.32 V                      ; 1.06e-06 V                  ; 2.36 V             ; -0.00724 V         ; 0.107 V                             ; 0.02 V                              ; 4.5e-10 s                  ; 4.25e-10 s                 ; Yes                       ; Yes                       ;
; rs2_debug[12]   ; 2.5 V        ; 0 s                 ; 0 s                 ; 2.32 V                       ; 1.06e-06 V                   ; 2.36 V              ; -0.00724 V          ; 0.107 V                              ; 0.02 V                               ; 4.5e-10 s                   ; 4.25e-10 s                  ; Yes                        ; Yes                        ; 2.32 V                      ; 1.06e-06 V                  ; 2.36 V             ; -0.00724 V         ; 0.107 V                             ; 0.02 V                              ; 4.5e-10 s                  ; 4.25e-10 s                 ; Yes                       ; Yes                       ;
; rs2_debug[13]   ; 2.5 V        ; 0 s                 ; 0 s                 ; 2.32 V                       ; 1.06e-06 V                   ; 2.36 V              ; -0.00724 V          ; 0.107 V                              ; 0.02 V                               ; 4.5e-10 s                   ; 4.25e-10 s                  ; Yes                        ; Yes                        ; 2.32 V                      ; 1.06e-06 V                  ; 2.36 V             ; -0.00724 V         ; 0.107 V                             ; 0.02 V                              ; 4.5e-10 s                  ; 4.25e-10 s                 ; Yes                       ; Yes                       ;
; rs2_debug[14]   ; 2.5 V        ; 0 s                 ; 0 s                 ; 2.32 V                       ; 7.16e-07 V                   ; 2.35 V              ; -0.00832 V          ; 0.101 V                              ; 0.024 V                              ; 6.39e-10 s                  ; 6e-10 s                     ; Yes                        ; Yes                        ; 2.32 V                      ; 7.16e-07 V                  ; 2.35 V             ; -0.00832 V         ; 0.101 V                             ; 0.024 V                             ; 6.39e-10 s                 ; 6e-10 s                    ; Yes                       ; Yes                       ;
; rs2_debug[15]   ; 2.5 V        ; 0 s                 ; 0 s                 ; 2.32 V                       ; 1.06e-06 V                   ; 2.36 V              ; -0.00724 V          ; 0.107 V                              ; 0.02 V                               ; 4.5e-10 s                   ; 4.25e-10 s                  ; Yes                        ; Yes                        ; 2.32 V                      ; 1.06e-06 V                  ; 2.36 V             ; -0.00724 V         ; 0.107 V                             ; 0.02 V                              ; 4.5e-10 s                  ; 4.25e-10 s                 ; Yes                       ; Yes                       ;
; rs2_debug[16]   ; 2.5 V        ; 0 s                 ; 0 s                 ; 2.32 V                       ; 7.16e-07 V                   ; 2.35 V              ; -0.00832 V          ; 0.101 V                              ; 0.024 V                              ; 6.39e-10 s                  ; 6e-10 s                     ; Yes                        ; Yes                        ; 2.32 V                      ; 7.16e-07 V                  ; 2.35 V             ; -0.00832 V         ; 0.101 V                             ; 0.024 V                             ; 6.39e-10 s                 ; 6e-10 s                    ; Yes                       ; Yes                       ;
; rs2_debug[17]   ; 2.5 V        ; 0 s                 ; 0 s                 ; 2.32 V                       ; 1.06e-06 V                   ; 2.33 V              ; -0.00344 V          ; 0.134 V                              ; 0.075 V                              ; 3.33e-09 s                  ; 3.16e-09 s                  ; Yes                        ; Yes                        ; 2.32 V                      ; 1.06e-06 V                  ; 2.33 V             ; -0.00344 V         ; 0.134 V                             ; 0.075 V                             ; 3.33e-09 s                 ; 3.16e-09 s                 ; Yes                       ; Yes                       ;
; rs2_debug[18]   ; 2.5 V        ; 0 s                 ; 0 s                 ; 2.32 V                       ; 1.06e-06 V                   ; 2.36 V              ; -0.00724 V          ; 0.107 V                              ; 0.02 V                               ; 4.5e-10 s                   ; 4.25e-10 s                  ; Yes                        ; Yes                        ; 2.32 V                      ; 1.06e-06 V                  ; 2.36 V             ; -0.00724 V         ; 0.107 V                             ; 0.02 V                              ; 4.5e-10 s                  ; 4.25e-10 s                 ; Yes                       ; Yes                       ;
; rs2_debug[19]   ; 2.5 V        ; 0 s                 ; 0 s                 ; 2.32 V                       ; 7.16e-07 V                   ; 2.35 V              ; -0.00832 V          ; 0.101 V                              ; 0.024 V                              ; 6.39e-10 s                  ; 6e-10 s                     ; Yes                        ; Yes                        ; 2.32 V                      ; 7.16e-07 V                  ; 2.35 V             ; -0.00832 V         ; 0.101 V                             ; 0.024 V                             ; 6.39e-10 s                 ; 6e-10 s                    ; Yes                       ; Yes                       ;
; rs2_debug[20]   ; 2.5 V        ; 0 s                 ; 0 s                 ; 2.32 V                       ; 1.06e-06 V                   ; 2.36 V              ; -0.00724 V          ; 0.107 V                              ; 0.02 V                               ; 4.5e-10 s                   ; 4.25e-10 s                  ; Yes                        ; Yes                        ; 2.32 V                      ; 1.06e-06 V                  ; 2.36 V             ; -0.00724 V         ; 0.107 V                             ; 0.02 V                              ; 4.5e-10 s                  ; 4.25e-10 s                 ; Yes                       ; Yes                       ;
; rs2_debug[21]   ; 2.5 V        ; 0 s                 ; 0 s                 ; 2.32 V                       ; 1.06e-06 V                   ; 2.36 V              ; -0.00724 V          ; 0.107 V                              ; 0.02 V                               ; 4.5e-10 s                   ; 4.25e-10 s                  ; Yes                        ; Yes                        ; 2.32 V                      ; 1.06e-06 V                  ; 2.36 V             ; -0.00724 V         ; 0.107 V                             ; 0.02 V                              ; 4.5e-10 s                  ; 4.25e-10 s                 ; Yes                       ; Yes                       ;
; rs2_debug[22]   ; 2.5 V        ; 0 s                 ; 0 s                 ; 2.32 V                       ; 1.06e-06 V                   ; 2.36 V              ; -0.00724 V          ; 0.107 V                              ; 0.02 V                               ; 4.5e-10 s                   ; 4.25e-10 s                  ; Yes                        ; Yes                        ; 2.32 V                      ; 1.06e-06 V                  ; 2.36 V             ; -0.00724 V         ; 0.107 V                             ; 0.02 V                              ; 4.5e-10 s                  ; 4.25e-10 s                 ; Yes                       ; Yes                       ;
; rs2_debug[23]   ; 2.5 V        ; 0 s                 ; 0 s                 ; 2.32 V                       ; 1.06e-06 V                   ; 2.36 V              ; -0.00724 V          ; 0.107 V                              ; 0.02 V                               ; 4.5e-10 s                   ; 4.25e-10 s                  ; Yes                        ; Yes                        ; 2.32 V                      ; 1.06e-06 V                  ; 2.36 V             ; -0.00724 V         ; 0.107 V                             ; 0.02 V                              ; 4.5e-10 s                  ; 4.25e-10 s                 ; Yes                       ; Yes                       ;
; rs2_debug[24]   ; 2.5 V        ; 0 s                 ; 0 s                 ; 2.32 V                       ; 1.06e-06 V                   ; 2.36 V              ; -0.00724 V          ; 0.107 V                              ; 0.02 V                               ; 4.5e-10 s                   ; 4.25e-10 s                  ; Yes                        ; Yes                        ; 2.32 V                      ; 1.06e-06 V                  ; 2.36 V             ; -0.00724 V         ; 0.107 V                             ; 0.02 V                              ; 4.5e-10 s                  ; 4.25e-10 s                 ; Yes                       ; Yes                       ;
; rs2_debug[25]   ; 2.5 V        ; 0 s                 ; 0 s                 ; 2.32 V                       ; 7.16e-07 V                   ; 2.35 V              ; -0.00832 V          ; 0.101 V                              ; 0.024 V                              ; 6.39e-10 s                  ; 6e-10 s                     ; Yes                        ; Yes                        ; 2.32 V                      ; 7.16e-07 V                  ; 2.35 V             ; -0.00832 V         ; 0.101 V                             ; 0.024 V                             ; 6.39e-10 s                 ; 6e-10 s                    ; Yes                       ; Yes                       ;
; rs2_debug[26]   ; 2.5 V        ; 0 s                 ; 0 s                 ; 2.32 V                       ; 1.06e-06 V                   ; 2.36 V              ; -0.00724 V          ; 0.107 V                              ; 0.02 V                               ; 4.5e-10 s                   ; 4.25e-10 s                  ; Yes                        ; Yes                        ; 2.32 V                      ; 1.06e-06 V                  ; 2.36 V             ; -0.00724 V         ; 0.107 V                             ; 0.02 V                              ; 4.5e-10 s                  ; 4.25e-10 s                 ; Yes                       ; Yes                       ;
; rs2_debug[27]   ; 2.5 V        ; 0 s                 ; 0 s                 ; 2.32 V                       ; 7.16e-07 V                   ; 2.35 V              ; -0.00832 V          ; 0.101 V                              ; 0.024 V                              ; 6.39e-10 s                  ; 6e-10 s                     ; Yes                        ; Yes                        ; 2.32 V                      ; 7.16e-07 V                  ; 2.35 V             ; -0.00832 V         ; 0.101 V                             ; 0.024 V                             ; 6.39e-10 s                 ; 6e-10 s                    ; Yes                       ; Yes                       ;
; rs2_debug[28]   ; 2.5 V        ; 0 s                 ; 0 s                 ; 2.32 V                       ; 1.06e-06 V                   ; 2.36 V              ; -0.00724 V          ; 0.107 V                              ; 0.02 V                               ; 4.5e-10 s                   ; 4.25e-10 s                  ; Yes                        ; Yes                        ; 2.32 V                      ; 1.06e-06 V                  ; 2.36 V             ; -0.00724 V         ; 0.107 V                             ; 0.02 V                              ; 4.5e-10 s                  ; 4.25e-10 s                 ; Yes                       ; Yes                       ;
; rs2_debug[29]   ; 2.5 V        ; 0 s                 ; 0 s                 ; 2.32 V                       ; 1.06e-06 V                   ; 2.36 V              ; -0.00724 V          ; 0.107 V                              ; 0.02 V                               ; 4.5e-10 s                   ; 4.25e-10 s                  ; Yes                        ; Yes                        ; 2.32 V                      ; 1.06e-06 V                  ; 2.36 V             ; -0.00724 V         ; 0.107 V                             ; 0.02 V                              ; 4.5e-10 s                  ; 4.25e-10 s                 ; Yes                       ; Yes                       ;
; rs2_debug[30]   ; 2.5 V        ; 0 s                 ; 0 s                 ; 2.32 V                       ; 1.06e-06 V                   ; 2.36 V              ; -0.00724 V          ; 0.107 V                              ; 0.02 V                               ; 4.5e-10 s                   ; 4.25e-10 s                  ; Yes                        ; Yes                        ; 2.32 V                      ; 1.06e-06 V                  ; 2.36 V             ; -0.00724 V         ; 0.107 V                             ; 0.02 V                              ; 4.5e-10 s                  ; 4.25e-10 s                 ; Yes                       ; Yes                       ;
; rs2_debug[31]   ; 2.5 V        ; 0 s                 ; 0 s                 ; 2.32 V                       ; 1.06e-06 V                   ; 2.33 V              ; -0.00344 V          ; 0.134 V                              ; 0.075 V                              ; 3.33e-09 s                  ; 3.16e-09 s                  ; Yes                        ; Yes                        ; 2.32 V                      ; 1.06e-06 V                  ; 2.33 V             ; -0.00344 V         ; 0.134 V                             ; 0.075 V                             ; 3.33e-09 s                 ; 3.16e-09 s                 ; Yes                       ; Yes                       ;
; ~ALTERA_NCEO~   ; 2.5 V        ; 0 s                 ; 0 s                 ; 2.32 V                       ; 6.99e-07 V                   ; 2.39 V              ; -0.0291 V           ; 0.081 V                              ; 0.039 V                              ; 1.9e-10 s                   ; 2.97e-10 s                  ; Yes                        ; Yes                        ; 2.32 V                      ; 6.99e-07 V                  ; 2.39 V             ; -0.0291 V          ; 0.081 V                             ; 0.039 V                             ; 1.9e-10 s                  ; 2.97e-10 s                 ; Yes                       ; Yes                       ;
; ~ALTERA_DCLK~   ; 2.5 V        ; 0 s                 ; 0 s                 ; 2.32 V                       ; 8.5e-07 V                    ; 2.35 V              ; -0.0159 V           ; 0.081 V                              ; 0.032 V                              ; 4.24e-10 s                  ; 3.5e-10 s                   ; Yes                        ; Yes                        ; 2.32 V                      ; 8.5e-07 V                   ; 2.35 V             ; -0.0159 V          ; 0.081 V                             ; 0.032 V                             ; 4.24e-10 s                 ; 3.5e-10 s                  ; Yes                       ; Yes                       ;
+-----------------+--------------+---------------------+---------------------+------------------------------+------------------------------+---------------------+---------------------+--------------------------------------+--------------------------------------+-----------------------------+-----------------------------+----------------------------+----------------------------+-----------------------------+-----------------------------+--------------------+--------------------+-------------------------------------+-------------------------------------+----------------------------+----------------------------+---------------------------+---------------------------+


+----------------------------------------------------------------------------------------------------------------------------------------------------------------------------------------------------------------------------------------------------------------------------------------------------------------------------------------------------------------------------------------------------------------------------------------------------------------------------------------------------------------------------------------------------------------------------------------------------------------------------------------------------------------------------------------------+
; Signal Integrity Metrics (Fast 1200mv 0c Model)                                                                                                                                                                                                                                                                                                                                                                                                                                                                                                                                                                                                                                              ;
+-----------------+--------------+---------------------+---------------------+------------------------------+------------------------------+---------------------+---------------------+--------------------------------------+--------------------------------------+-----------------------------+-----------------------------+----------------------------+----------------------------+-----------------------------+-----------------------------+--------------------+--------------------+-------------------------------------+-------------------------------------+----------------------------+----------------------------+---------------------------+---------------------------+
; Pin             ; I/O Standard ; Board Delay on Rise ; Board Delay on Fall ; Steady State Voh at FPGA Pin ; Steady State Vol at FPGA Pin ; Voh Max at FPGA Pin ; Vol Min at FPGA Pin ; Ringback Voltage on Rise at FPGA Pin ; Ringback Voltage on Fall at FPGA Pin ; 10-90 Rise Time at FPGA Pin ; 90-10 Fall Time at FPGA Pin ; Monotonic Rise at FPGA Pin ; Monotonic Fall at FPGA Pin ; Steady State Voh at Far-end ; Steady State Vol at Far-end ; Voh Max at Far-end ; Vol Min at Far-end ; Ringback Voltage on Rise at Far-end ; Ringback Voltage on Fall at Far-end ; 10-90 Rise Time at Far-end ; 90-10 Fall Time at Far-end ; Monotonic Rise at Far-end ; Monotonic Fall at Far-end ;
+-----------------+--------------+---------------------+---------------------+------------------------------+------------------------------+---------------------+---------------------+--------------------------------------+--------------------------------------+-----------------------------+-----------------------------+----------------------------+----------------------------+-----------------------------+-----------------------------+--------------------+--------------------+-------------------------------------+-------------------------------------+----------------------------+----------------------------+---------------------------+---------------------------+
; pc_debug[0]     ; 2.5 V        ; 0 s                 ; 0 s                 ; 2.62 V                       ; 4.05e-08 V                   ; 2.72 V              ; -0.0349 V           ; 0.173 V                              ; 0.1 V                                ; 2.72e-10 s                  ; 2.69e-10 s                  ; Yes                        ; Yes                        ; 2.62 V                      ; 4.05e-08 V                  ; 2.72 V             ; -0.0349 V          ; 0.173 V                             ; 0.1 V                               ; 2.72e-10 s                 ; 2.69e-10 s                 ; Yes                       ; Yes                       ;
; pc_debug[1]     ; 2.5 V        ; 0 s                 ; 0 s                 ; 2.62 V                       ; 4.05e-08 V                   ; 2.72 V              ; -0.0349 V           ; 0.173 V                              ; 0.1 V                                ; 2.72e-10 s                  ; 2.69e-10 s                  ; Yes                        ; Yes                        ; 2.62 V                      ; 4.05e-08 V                  ; 2.72 V             ; -0.0349 V          ; 0.173 V                             ; 0.1 V                               ; 2.72e-10 s                 ; 2.69e-10 s                 ; Yes                       ; Yes                       ;
; pc_debug[2]     ; 2.5 V        ; 0 s                 ; 0 s                 ; 2.62 V                       ; 2.74e-08 V                   ; 2.71 V              ; -0.0317 V           ; 0.148 V                              ; 0.064 V                              ; 4.51e-10 s                  ; 4.15e-10 s                  ; No                         ; Yes                        ; 2.62 V                      ; 2.74e-08 V                  ; 2.71 V             ; -0.0317 V          ; 0.148 V                             ; 0.064 V                             ; 4.51e-10 s                 ; 4.15e-10 s                 ; No                        ; Yes                       ;
; pc_debug[3]     ; 2.5 V        ; 0 s                 ; 0 s                 ; 2.62 V                       ; 2.74e-08 V                   ; 2.71 V              ; -0.0317 V           ; 0.148 V                              ; 0.064 V                              ; 4.51e-10 s                  ; 4.15e-10 s                  ; No                         ; Yes                        ; 2.62 V                      ; 2.74e-08 V                  ; 2.71 V             ; -0.0317 V          ; 0.148 V                             ; 0.064 V                             ; 4.51e-10 s                 ; 4.15e-10 s                 ; No                        ; Yes                       ;
; pc_debug[4]     ; 2.5 V        ; 0 s                 ; 0 s                 ; 2.62 V                       ; 2.74e-08 V                   ; 2.71 V              ; -0.0317 V           ; 0.148 V                              ; 0.064 V                              ; 4.51e-10 s                  ; 4.15e-10 s                  ; No                         ; Yes                        ; 2.62 V                      ; 2.74e-08 V                  ; 2.71 V             ; -0.0317 V          ; 0.148 V                             ; 0.064 V                             ; 4.51e-10 s                 ; 4.15e-10 s                 ; No                        ; Yes                       ;
; pc_debug[5]     ; 2.5 V        ; 0 s                 ; 0 s                 ; 2.62 V                       ; 2.74e-08 V                   ; 2.71 V              ; -0.0317 V           ; 0.148 V                              ; 0.064 V                              ; 4.51e-10 s                  ; 4.15e-10 s                  ; No                         ; Yes                        ; 2.62 V                      ; 2.74e-08 V                  ; 2.71 V             ; -0.0317 V          ; 0.148 V                             ; 0.064 V                             ; 4.51e-10 s                 ; 4.15e-10 s                 ; No                        ; Yes                       ;
; pc_debug[6]     ; 2.5 V        ; 0 s                 ; 0 s                 ; 2.62 V                       ; 2.74e-08 V                   ; 2.71 V              ; -0.0317 V           ; 0.148 V                              ; 0.064 V                              ; 4.51e-10 s                  ; 4.15e-10 s                  ; No                         ; Yes                        ; 2.62 V                      ; 2.74e-08 V                  ; 2.71 V             ; -0.0317 V          ; 0.148 V                             ; 0.064 V                             ; 4.51e-10 s                 ; 4.15e-10 s                 ; No                        ; Yes                       ;
; pc_debug[7]     ; 2.5 V        ; 0 s                 ; 0 s                 ; 2.62 V                       ; 2.74e-08 V                   ; 2.71 V              ; -0.0317 V           ; 0.148 V                              ; 0.064 V                              ; 4.51e-10 s                  ; 4.15e-10 s                  ; No                         ; Yes                        ; 2.62 V                      ; 2.74e-08 V                  ; 2.71 V             ; -0.0317 V          ; 0.148 V                             ; 0.064 V                             ; 4.51e-10 s                 ; 4.15e-10 s                 ; No                        ; Yes                       ;
; pc_debug[8]     ; 2.5 V        ; 0 s                 ; 0 s                 ; 2.62 V                       ; 2.74e-08 V                   ; 2.71 V              ; -0.0317 V           ; 0.148 V                              ; 0.064 V                              ; 4.51e-10 s                  ; 4.15e-10 s                  ; No                         ; Yes                        ; 2.62 V                      ; 2.74e-08 V                  ; 2.71 V             ; -0.0317 V          ; 0.148 V                             ; 0.064 V                             ; 4.51e-10 s                 ; 4.15e-10 s                 ; No                        ; Yes                       ;
; pc_debug[9]     ; 2.5 V        ; 0 s                 ; 0 s                 ; 2.62 V                       ; 2.74e-08 V                   ; 2.71 V              ; -0.0317 V           ; 0.148 V                              ; 0.064 V                              ; 4.51e-10 s                  ; 4.15e-10 s                  ; No                         ; Yes                        ; 2.62 V                      ; 2.74e-08 V                  ; 2.71 V             ; -0.0317 V          ; 0.148 V                             ; 0.064 V                             ; 4.51e-10 s                 ; 4.15e-10 s                 ; No                        ; Yes                       ;
; pc_debug[10]    ; 2.5 V        ; 0 s                 ; 0 s                 ; 2.62 V                       ; 2.74e-08 V                   ; 2.71 V              ; -0.0317 V           ; 0.148 V                              ; 0.064 V                              ; 4.51e-10 s                  ; 4.15e-10 s                  ; No                         ; Yes                        ; 2.62 V                      ; 2.74e-08 V                  ; 2.71 V             ; -0.0317 V          ; 0.148 V                             ; 0.064 V                             ; 4.51e-10 s                 ; 4.15e-10 s                 ; No                        ; Yes                       ;
; pc_debug[11]    ; 2.5 V        ; 0 s                 ; 0 s                 ; 2.62 V                       ; 2.74e-08 V                   ; 2.71 V              ; -0.0317 V           ; 0.148 V                              ; 0.064 V                              ; 4.51e-10 s                  ; 4.15e-10 s                  ; No                         ; Yes                        ; 2.62 V                      ; 2.74e-08 V                  ; 2.71 V             ; -0.0317 V          ; 0.148 V                             ; 0.064 V                             ; 4.51e-10 s                 ; 4.15e-10 s                 ; No                        ; Yes                       ;
; pc_debug[12]    ; 2.5 V        ; 0 s                 ; 0 s                 ; 2.62 V                       ; 2.74e-08 V                   ; 2.71 V              ; -0.0317 V           ; 0.148 V                              ; 0.064 V                              ; 4.51e-10 s                  ; 4.15e-10 s                  ; No                         ; Yes                        ; 2.62 V                      ; 2.74e-08 V                  ; 2.71 V             ; -0.0317 V          ; 0.148 V                             ; 0.064 V                             ; 4.51e-10 s                 ; 4.15e-10 s                 ; No                        ; Yes                       ;
; pc_debug[13]    ; 2.5 V        ; 0 s                 ; 0 s                 ; 2.62 V                       ; 2.74e-08 V                   ; 2.71 V              ; -0.0317 V           ; 0.148 V                              ; 0.064 V                              ; 4.51e-10 s                  ; 4.15e-10 s                  ; No                         ; Yes                        ; 2.62 V                      ; 2.74e-08 V                  ; 2.71 V             ; -0.0317 V          ; 0.148 V                             ; 0.064 V                             ; 4.51e-10 s                 ; 4.15e-10 s                 ; No                        ; Yes                       ;
; pc_debug[14]    ; 2.5 V        ; 0 s                 ; 0 s                 ; 2.62 V                       ; 2.74e-08 V                   ; 2.71 V              ; -0.0317 V           ; 0.148 V                              ; 0.064 V                              ; 4.51e-10 s                  ; 4.15e-10 s                  ; No                         ; Yes                        ; 2.62 V                      ; 2.74e-08 V                  ; 2.71 V             ; -0.0317 V          ; 0.148 V                             ; 0.064 V                             ; 4.51e-10 s                 ; 4.15e-10 s                 ; No                        ; Yes                       ;
; pc_debug[15]    ; 2.5 V        ; 0 s                 ; 0 s                 ; 2.62 V                       ; 2.74e-08 V                   ; 2.71 V              ; -0.0317 V           ; 0.148 V                              ; 0.064 V                              ; 4.51e-10 s                  ; 4.15e-10 s                  ; No                         ; Yes                        ; 2.62 V                      ; 2.74e-08 V                  ; 2.71 V             ; -0.0317 V          ; 0.148 V                             ; 0.064 V                             ; 4.51e-10 s                 ; 4.15e-10 s                 ; No                        ; Yes                       ;
; pc_debug[16]    ; 2.5 V        ; 0 s                 ; 0 s                 ; 2.62 V                       ; 2.74e-08 V                   ; 2.71 V              ; -0.0317 V           ; 0.148 V                              ; 0.064 V                              ; 4.51e-10 s                  ; 4.15e-10 s                  ; No                         ; Yes                        ; 2.62 V                      ; 2.74e-08 V                  ; 2.71 V             ; -0.0317 V          ; 0.148 V                             ; 0.064 V                             ; 4.51e-10 s                 ; 4.15e-10 s                 ; No                        ; Yes                       ;
; pc_debug[17]    ; 2.5 V        ; 0 s                 ; 0 s                 ; 2.62 V                       ; 2.74e-08 V                   ; 2.71 V              ; -0.0317 V           ; 0.148 V                              ; 0.064 V                              ; 4.51e-10 s                  ; 4.15e-10 s                  ; No                         ; Yes                        ; 2.62 V                      ; 2.74e-08 V                  ; 2.71 V             ; -0.0317 V          ; 0.148 V                             ; 0.064 V                             ; 4.51e-10 s                 ; 4.15e-10 s                 ; No                        ; Yes                       ;
; pc_debug[18]    ; 2.5 V        ; 0 s                 ; 0 s                 ; 2.62 V                       ; 2.74e-08 V                   ; 2.71 V              ; -0.0317 V           ; 0.148 V                              ; 0.064 V                              ; 4.51e-10 s                  ; 4.15e-10 s                  ; No                         ; Yes                        ; 2.62 V                      ; 2.74e-08 V                  ; 2.71 V             ; -0.0317 V          ; 0.148 V                             ; 0.064 V                             ; 4.51e-10 s                 ; 4.15e-10 s                 ; No                        ; Yes                       ;
; pc_debug[19]    ; 2.5 V        ; 0 s                 ; 0 s                 ; 2.62 V                       ; 2.74e-08 V                   ; 2.71 V              ; -0.0317 V           ; 0.148 V                              ; 0.064 V                              ; 4.51e-10 s                  ; 4.15e-10 s                  ; No                         ; Yes                        ; 2.62 V                      ; 2.74e-08 V                  ; 2.71 V             ; -0.0317 V          ; 0.148 V                             ; 0.064 V                             ; 4.51e-10 s                 ; 4.15e-10 s                 ; No                        ; Yes                       ;
; pc_debug[20]    ; 2.5 V        ; 0 s                 ; 0 s                 ; 2.62 V                       ; 2.74e-08 V                   ; 2.71 V              ; -0.0317 V           ; 0.148 V                              ; 0.064 V                              ; 4.51e-10 s                  ; 4.15e-10 s                  ; No                         ; Yes                        ; 2.62 V                      ; 2.74e-08 V                  ; 2.71 V             ; -0.0317 V          ; 0.148 V                             ; 0.064 V                             ; 4.51e-10 s                 ; 4.15e-10 s                 ; No                        ; Yes                       ;
; pc_debug[21]    ; 2.5 V        ; 0 s                 ; 0 s                 ; 2.62 V                       ; 2.74e-08 V                   ; 2.71 V              ; -0.0317 V           ; 0.148 V                              ; 0.064 V                              ; 4.51e-10 s                  ; 4.15e-10 s                  ; No                         ; Yes                        ; 2.62 V                      ; 2.74e-08 V                  ; 2.71 V             ; -0.0317 V          ; 0.148 V                             ; 0.064 V                             ; 4.51e-10 s                 ; 4.15e-10 s                 ; No                        ; Yes                       ;
; pc_debug[22]    ; 2.5 V        ; 0 s                 ; 0 s                 ; 2.62 V                       ; 2.74e-08 V                   ; 2.71 V              ; -0.0317 V           ; 0.148 V                              ; 0.064 V                              ; 4.51e-10 s                  ; 4.15e-10 s                  ; No                         ; Yes                        ; 2.62 V                      ; 2.74e-08 V                  ; 2.71 V             ; -0.0317 V          ; 0.148 V                             ; 0.064 V                             ; 4.51e-10 s                 ; 4.15e-10 s                 ; No                        ; Yes                       ;
; pc_debug[23]    ; 2.5 V        ; 0 s                 ; 0 s                 ; 2.62 V                       ; 2.74e-08 V                   ; 2.71 V              ; -0.0317 V           ; 0.148 V                              ; 0.064 V                              ; 4.51e-10 s                  ; 4.15e-10 s                  ; No                         ; Yes                        ; 2.62 V                      ; 2.74e-08 V                  ; 2.71 V             ; -0.0317 V          ; 0.148 V                             ; 0.064 V                             ; 4.51e-10 s                 ; 4.15e-10 s                 ; No                        ; Yes                       ;
; pc_debug[24]    ; 2.5 V        ; 0 s                 ; 0 s                 ; 2.62 V                       ; 2.74e-08 V                   ; 2.71 V              ; -0.0317 V           ; 0.148 V                              ; 0.064 V                              ; 4.51e-10 s                  ; 4.15e-10 s                  ; No                         ; Yes                        ; 2.62 V                      ; 2.74e-08 V                  ; 2.71 V             ; -0.0317 V          ; 0.148 V                             ; 0.064 V                             ; 4.51e-10 s                 ; 4.15e-10 s                 ; No                        ; Yes                       ;
; pc_debug[25]    ; 2.5 V        ; 0 s                 ; 0 s                 ; 2.62 V                       ; 2.74e-08 V                   ; 2.71 V              ; -0.0317 V           ; 0.148 V                              ; 0.064 V                              ; 4.51e-10 s                  ; 4.15e-10 s                  ; No                         ; Yes                        ; 2.62 V                      ; 2.74e-08 V                  ; 2.71 V             ; -0.0317 V          ; 0.148 V                             ; 0.064 V                             ; 4.51e-10 s                 ; 4.15e-10 s                 ; No                        ; Yes                       ;
; pc_debug[26]    ; 2.5 V        ; 0 s                 ; 0 s                 ; 2.62 V                       ; 2.74e-08 V                   ; 2.73 V              ; -0.0384 V           ; 0.169 V                              ; 0.089 V                              ; 2.7e-10 s                   ; 2.62e-10 s                  ; Yes                        ; Yes                        ; 2.62 V                      ; 2.74e-08 V                  ; 2.73 V             ; -0.0384 V          ; 0.169 V                             ; 0.089 V                             ; 2.7e-10 s                  ; 2.62e-10 s                 ; Yes                       ; Yes                       ;
; pc_debug[27]    ; 2.5 V        ; 0 s                 ; 0 s                 ; 2.62 V                       ; 2.74e-08 V                   ; 2.73 V              ; -0.0384 V           ; 0.169 V                              ; 0.089 V                              ; 2.7e-10 s                   ; 2.62e-10 s                  ; Yes                        ; Yes                        ; 2.62 V                      ; 2.74e-08 V                  ; 2.73 V             ; -0.0384 V          ; 0.169 V                             ; 0.089 V                             ; 2.7e-10 s                  ; 2.62e-10 s                 ; Yes                       ; Yes                       ;
; pc_debug[28]    ; 2.5 V        ; 0 s                 ; 0 s                 ; 2.62 V                       ; 2.74e-08 V                   ; 2.64 V              ; -0.0117 V           ; 0.202 V                              ; 0.176 V                              ; 2.38e-09 s                  ; 2.22e-09 s                  ; No                         ; Yes                        ; 2.62 V                      ; 2.74e-08 V                  ; 2.64 V             ; -0.0117 V          ; 0.202 V                             ; 0.176 V                             ; 2.38e-09 s                 ; 2.22e-09 s                 ; No                        ; Yes                       ;
; pc_debug[29]    ; 2.5 V        ; 0 s                 ; 0 s                 ; 2.62 V                       ; 2.74e-08 V                   ; 2.71 V              ; -0.0317 V           ; 0.148 V                              ; 0.064 V                              ; 4.51e-10 s                  ; 4.15e-10 s                  ; No                         ; Yes                        ; 2.62 V                      ; 2.74e-08 V                  ; 2.71 V             ; -0.0317 V          ; 0.148 V                             ; 0.064 V                             ; 4.51e-10 s                 ; 4.15e-10 s                 ; No                        ; Yes                       ;
; pc_debug[30]    ; 2.5 V        ; 0 s                 ; 0 s                 ; 2.62 V                       ; 2.74e-08 V                   ; 2.71 V              ; -0.0317 V           ; 0.148 V                              ; 0.064 V                              ; 4.51e-10 s                  ; 4.15e-10 s                  ; No                         ; Yes                        ; 2.62 V                      ; 2.74e-08 V                  ; 2.71 V             ; -0.0317 V          ; 0.148 V                             ; 0.064 V                             ; 4.51e-10 s                 ; 4.15e-10 s                 ; No                        ; Yes                       ;
; pc_debug[31]    ; 2.5 V        ; 0 s                 ; 0 s                 ; 2.62 V                       ; 2.74e-08 V                   ; 2.71 V              ; -0.0317 V           ; 0.148 V                              ; 0.064 V                              ; 4.51e-10 s                  ; 4.15e-10 s                  ; No                         ; Yes                        ; 2.62 V                      ; 2.74e-08 V                  ; 2.71 V             ; -0.0317 V          ; 0.148 V                             ; 0.064 V                             ; 4.51e-10 s                 ; 4.15e-10 s                 ; No                        ; Yes                       ;
; instr_debug[0]  ; 2.5 V        ; 0 s                 ; 0 s                 ; 2.62 V                       ; 4.05e-08 V                   ; 2.72 V              ; -0.0349 V           ; 0.173 V                              ; 0.1 V                                ; 2.72e-10 s                  ; 2.69e-10 s                  ; Yes                        ; Yes                        ; 2.62 V                      ; 4.05e-08 V                  ; 2.72 V             ; -0.0349 V          ; 0.173 V                             ; 0.1 V                               ; 2.72e-10 s                 ; 2.69e-10 s                 ; Yes                       ; Yes                       ;
; instr_debug[1]  ; 2.5 V        ; 0 s                 ; 0 s                 ; 2.62 V                       ; 4.05e-08 V                   ; 2.72 V              ; -0.0349 V           ; 0.173 V                              ; 0.1 V                                ; 2.72e-10 s                  ; 2.69e-10 s                  ; Yes                        ; Yes                        ; 2.62 V                      ; 4.05e-08 V                  ; 2.72 V             ; -0.0349 V          ; 0.173 V                             ; 0.1 V                               ; 2.72e-10 s                 ; 2.69e-10 s                 ; Yes                       ; Yes                       ;
; instr_debug[2]  ; 2.5 V        ; 0 s                 ; 0 s                 ; 2.62 V                       ; 4.05e-08 V                   ; 2.72 V              ; -0.0349 V           ; 0.173 V                              ; 0.1 V                                ; 2.72e-10 s                  ; 2.69e-10 s                  ; Yes                        ; Yes                        ; 2.62 V                      ; 4.05e-08 V                  ; 2.72 V             ; -0.0349 V          ; 0.173 V                             ; 0.1 V                               ; 2.72e-10 s                 ; 2.69e-10 s                 ; Yes                       ; Yes                       ;
; instr_debug[3]  ; 2.5 V        ; 0 s                 ; 0 s                 ; 2.62 V                       ; 2.74e-08 V                   ; 2.71 V              ; -0.0317 V           ; 0.148 V                              ; 0.064 V                              ; 4.51e-10 s                  ; 4.15e-10 s                  ; No                         ; Yes                        ; 2.62 V                      ; 2.74e-08 V                  ; 2.71 V             ; -0.0317 V          ; 0.148 V                             ; 0.064 V                             ; 4.51e-10 s                 ; 4.15e-10 s                 ; No                        ; Yes                       ;
; instr_debug[4]  ; 2.5 V        ; 0 s                 ; 0 s                 ; 2.62 V                       ; 4.05e-08 V                   ; 2.72 V              ; -0.0349 V           ; 0.173 V                              ; 0.1 V                                ; 2.72e-10 s                  ; 2.69e-10 s                  ; Yes                        ; Yes                        ; 2.62 V                      ; 4.05e-08 V                  ; 2.72 V             ; -0.0349 V          ; 0.173 V                             ; 0.1 V                               ; 2.72e-10 s                 ; 2.69e-10 s                 ; Yes                       ; Yes                       ;
; instr_debug[5]  ; 2.5 V        ; 0 s                 ; 0 s                 ; 2.62 V                       ; 4.05e-08 V                   ; 2.72 V              ; -0.0349 V           ; 0.173 V                              ; 0.1 V                                ; 2.72e-10 s                  ; 2.69e-10 s                  ; Yes                        ; Yes                        ; 2.62 V                      ; 4.05e-08 V                  ; 2.72 V             ; -0.0349 V          ; 0.173 V                             ; 0.1 V                               ; 2.72e-10 s                 ; 2.69e-10 s                 ; Yes                       ; Yes                       ;
; instr_debug[6]  ; 2.5 V        ; 0 s                 ; 0 s                 ; 2.62 V                       ; 4.05e-08 V                   ; 2.72 V              ; -0.0349 V           ; 0.173 V                              ; 0.1 V                                ; 2.72e-10 s                  ; 2.69e-10 s                  ; Yes                        ; Yes                        ; 2.62 V                      ; 4.05e-08 V                  ; 2.72 V             ; -0.0349 V          ; 0.173 V                             ; 0.1 V                               ; 2.72e-10 s                 ; 2.69e-10 s                 ; Yes                       ; Yes                       ;
; instr_debug[7]  ; 2.5 V        ; 0 s                 ; 0 s                 ; 2.62 V                       ; 4.05e-08 V                   ; 2.72 V              ; -0.0349 V           ; 0.173 V                              ; 0.1 V                                ; 2.72e-10 s                  ; 2.69e-10 s                  ; Yes                        ; Yes                        ; 2.62 V                      ; 4.05e-08 V                  ; 2.72 V             ; -0.0349 V          ; 0.173 V                             ; 0.1 V                               ; 2.72e-10 s                 ; 2.69e-10 s                 ; Yes                       ; Yes                       ;
; instr_debug[8]  ; 2.5 V        ; 0 s                 ; 0 s                 ; 2.62 V                       ; 2.74e-08 V                   ; 2.64 V              ; -0.0117 V           ; 0.202 V                              ; 0.176 V                              ; 2.38e-09 s                  ; 2.22e-09 s                  ; No                         ; Yes                        ; 2.62 V                      ; 2.74e-08 V                  ; 2.64 V             ; -0.0117 V          ; 0.202 V                             ; 0.176 V                             ; 2.38e-09 s                 ; 2.22e-09 s                 ; No                        ; Yes                       ;
; instr_debug[9]  ; 2.5 V        ; 0 s                 ; 0 s                 ; 2.62 V                       ; 2.74e-08 V                   ; 2.71 V              ; -0.0317 V           ; 0.148 V                              ; 0.064 V                              ; 4.51e-10 s                  ; 4.15e-10 s                  ; No                         ; Yes                        ; 2.62 V                      ; 2.74e-08 V                  ; 2.71 V             ; -0.0317 V          ; 0.148 V                             ; 0.064 V                             ; 4.51e-10 s                 ; 4.15e-10 s                 ; No                        ; Yes                       ;
; instr_debug[10] ; 2.5 V        ; 0 s                 ; 0 s                 ; 2.62 V                       ; 2.74e-08 V                   ; 2.71 V              ; -0.0317 V           ; 0.148 V                              ; 0.064 V                              ; 4.51e-10 s                  ; 4.15e-10 s                  ; No                         ; Yes                        ; 2.62 V                      ; 2.74e-08 V                  ; 2.71 V             ; -0.0317 V          ; 0.148 V                             ; 0.064 V                             ; 4.51e-10 s                 ; 4.15e-10 s                 ; No                        ; Yes                       ;
; instr_debug[11] ; 2.5 V        ; 0 s                 ; 0 s                 ; 2.62 V                       ; 2.74e-08 V                   ; 2.71 V              ; -0.0317 V           ; 0.148 V                              ; 0.064 V                              ; 4.51e-10 s                  ; 4.15e-10 s                  ; No                         ; Yes                        ; 2.62 V                      ; 2.74e-08 V                  ; 2.71 V             ; -0.0317 V          ; 0.148 V                             ; 0.064 V                             ; 4.51e-10 s                 ; 4.15e-10 s                 ; No                        ; Yes                       ;
; instr_debug[12] ; 2.5 V        ; 0 s                 ; 0 s                 ; 2.62 V                       ; 2.74e-08 V                   ; 2.71 V              ; -0.0317 V           ; 0.148 V                              ; 0.064 V                              ; 4.51e-10 s                  ; 4.15e-10 s                  ; No                         ; Yes                        ; 2.62 V                      ; 2.74e-08 V                  ; 2.71 V             ; -0.0317 V          ; 0.148 V                             ; 0.064 V                             ; 4.51e-10 s                 ; 4.15e-10 s                 ; No                        ; Yes                       ;
; instr_debug[13] ; 2.5 V        ; 0 s                 ; 0 s                 ; 2.62 V                       ; 2.74e-08 V                   ; 2.71 V              ; -0.0317 V           ; 0.148 V                              ; 0.064 V                              ; 4.51e-10 s                  ; 4.15e-10 s                  ; No                         ; Yes                        ; 2.62 V                      ; 2.74e-08 V                  ; 2.71 V             ; -0.0317 V          ; 0.148 V                             ; 0.064 V                             ; 4.51e-10 s                 ; 4.15e-10 s                 ; No                        ; Yes                       ;
; instr_debug[14] ; 2.5 V        ; 0 s                 ; 0 s                 ; 2.62 V                       ; 2.74e-08 V                   ; 2.71 V              ; -0.0317 V           ; 0.148 V                              ; 0.064 V                              ; 4.51e-10 s                  ; 4.15e-10 s                  ; No                         ; Yes                        ; 2.62 V                      ; 2.74e-08 V                  ; 2.71 V             ; -0.0317 V          ; 0.148 V                             ; 0.064 V                             ; 4.51e-10 s                 ; 4.15e-10 s                 ; No                        ; Yes                       ;
; instr_debug[15] ; 2.5 V        ; 0 s                 ; 0 s                 ; 2.62 V                       ; 2.74e-08 V                   ; 2.71 V              ; -0.0317 V           ; 0.148 V                              ; 0.064 V                              ; 4.51e-10 s                  ; 4.15e-10 s                  ; No                         ; Yes                        ; 2.62 V                      ; 2.74e-08 V                  ; 2.71 V             ; -0.0317 V          ; 0.148 V                             ; 0.064 V                             ; 4.51e-10 s                 ; 4.15e-10 s                 ; No                        ; Yes                       ;
; instr_debug[16] ; 2.5 V        ; 0 s                 ; 0 s                 ; 2.62 V                       ; 4.05e-08 V                   ; 2.72 V              ; -0.0349 V           ; 0.173 V                              ; 0.1 V                                ; 2.72e-10 s                  ; 2.69e-10 s                  ; Yes                        ; Yes                        ; 2.62 V                      ; 4.05e-08 V                  ; 2.72 V             ; -0.0349 V          ; 0.173 V                             ; 0.1 V                               ; 2.72e-10 s                 ; 2.69e-10 s                 ; Yes                       ; Yes                       ;
; instr_debug[17] ; 2.5 V        ; 0 s                 ; 0 s                 ; 2.62 V                       ; 2.74e-08 V                   ; 2.71 V              ; -0.0317 V           ; 0.148 V                              ; 0.064 V                              ; 4.51e-10 s                  ; 4.15e-10 s                  ; No                         ; Yes                        ; 2.62 V                      ; 2.74e-08 V                  ; 2.71 V             ; -0.0317 V          ; 0.148 V                             ; 0.064 V                             ; 4.51e-10 s                 ; 4.15e-10 s                 ; No                        ; Yes                       ;
; instr_debug[18] ; 2.5 V        ; 0 s                 ; 0 s                 ; 2.62 V                       ; 2.74e-08 V                   ; 2.71 V              ; -0.0317 V           ; 0.148 V                              ; 0.064 V                              ; 4.51e-10 s                  ; 4.15e-10 s                  ; No                         ; Yes                        ; 2.62 V                      ; 2.74e-08 V                  ; 2.71 V             ; -0.0317 V          ; 0.148 V                             ; 0.064 V                             ; 4.51e-10 s                 ; 4.15e-10 s                 ; No                        ; Yes                       ;
; instr_debug[19] ; 2.5 V        ; 0 s                 ; 0 s                 ; 2.62 V                       ; 2.74e-08 V                   ; 2.71 V              ; -0.0317 V           ; 0.148 V                              ; 0.064 V                              ; 4.51e-10 s                  ; 4.15e-10 s                  ; No                         ; Yes                        ; 2.62 V                      ; 2.74e-08 V                  ; 2.71 V             ; -0.0317 V          ; 0.148 V                             ; 0.064 V                             ; 4.51e-10 s                 ; 4.15e-10 s                 ; No                        ; Yes                       ;
; instr_debug[20] ; 2.5 V        ; 0 s                 ; 0 s                 ; 2.62 V                       ; 2.74e-08 V                   ; 2.64 V              ; -0.0117 V           ; 0.202 V                              ; 0.176 V                              ; 2.38e-09 s                  ; 2.22e-09 s                  ; No                         ; Yes                        ; 2.62 V                      ; 2.74e-08 V                  ; 2.64 V             ; -0.0117 V          ; 0.202 V                             ; 0.176 V                             ; 2.38e-09 s                 ; 2.22e-09 s                 ; No                        ; Yes                       ;
; instr_debug[21] ; 2.5 V        ; 0 s                 ; 0 s                 ; 2.62 V                       ; 2.74e-08 V                   ; 2.71 V              ; -0.0317 V           ; 0.148 V                              ; 0.064 V                              ; 4.51e-10 s                  ; 4.15e-10 s                  ; No                         ; Yes                        ; 2.62 V                      ; 2.74e-08 V                  ; 2.71 V             ; -0.0317 V          ; 0.148 V                             ; 0.064 V                             ; 4.51e-10 s                 ; 4.15e-10 s                 ; No                        ; Yes                       ;
; instr_debug[22] ; 2.5 V        ; 0 s                 ; 0 s                 ; 2.62 V                       ; 2.74e-08 V                   ; 2.71 V              ; -0.0317 V           ; 0.148 V                              ; 0.064 V                              ; 4.51e-10 s                  ; 4.15e-10 s                  ; No                         ; Yes                        ; 2.62 V                      ; 2.74e-08 V                  ; 2.71 V             ; -0.0317 V          ; 0.148 V                             ; 0.064 V                             ; 4.51e-10 s                 ; 4.15e-10 s                 ; No                        ; Yes                       ;
; instr_debug[23] ; 2.5 V        ; 0 s                 ; 0 s                 ; 2.62 V                       ; 2.74e-08 V                   ; 2.71 V              ; -0.0317 V           ; 0.148 V                              ; 0.064 V                              ; 4.51e-10 s                  ; 4.15e-10 s                  ; No                         ; Yes                        ; 2.62 V                      ; 2.74e-08 V                  ; 2.71 V             ; -0.0317 V          ; 0.148 V                             ; 0.064 V                             ; 4.51e-10 s                 ; 4.15e-10 s                 ; No                        ; Yes                       ;
; instr_debug[24] ; 2.5 V        ; 0 s                 ; 0 s                 ; 2.62 V                       ; 2.74e-08 V                   ; 2.71 V              ; -0.0317 V           ; 0.148 V                              ; 0.064 V                              ; 4.51e-10 s                  ; 4.15e-10 s                  ; No                         ; Yes                        ; 2.62 V                      ; 2.74e-08 V                  ; 2.71 V             ; -0.0317 V          ; 0.148 V                             ; 0.064 V                             ; 4.51e-10 s                 ; 4.15e-10 s                 ; No                        ; Yes                       ;
; instr_debug[25] ; 2.5 V        ; 0 s                 ; 0 s                 ; 2.62 V                       ; 2.74e-08 V                   ; 2.71 V              ; -0.0317 V           ; 0.148 V                              ; 0.064 V                              ; 4.51e-10 s                  ; 4.15e-10 s                  ; No                         ; Yes                        ; 2.62 V                      ; 2.74e-08 V                  ; 2.71 V             ; -0.0317 V          ; 0.148 V                             ; 0.064 V                             ; 4.51e-10 s                 ; 4.15e-10 s                 ; No                        ; Yes                       ;
; instr_debug[26] ; 2.5 V        ; 0 s                 ; 0 s                 ; 2.62 V                       ; 2.74e-08 V                   ; 2.71 V              ; -0.0317 V           ; 0.148 V                              ; 0.064 V                              ; 4.51e-10 s                  ; 4.15e-10 s                  ; No                         ; Yes                        ; 2.62 V                      ; 2.74e-08 V                  ; 2.71 V             ; -0.0317 V          ; 0.148 V                             ; 0.064 V                             ; 4.51e-10 s                 ; 4.15e-10 s                 ; No                        ; Yes                       ;
; instr_debug[27] ; 2.5 V        ; 0 s                 ; 0 s                 ; 2.62 V                       ; 2.74e-08 V                   ; 2.64 V              ; -0.0117 V           ; 0.202 V                              ; 0.176 V                              ; 2.38e-09 s                  ; 2.22e-09 s                  ; No                         ; Yes                        ; 2.62 V                      ; 2.74e-08 V                  ; 2.64 V             ; -0.0117 V          ; 0.202 V                             ; 0.176 V                             ; 2.38e-09 s                 ; 2.22e-09 s                 ; No                        ; Yes                       ;
; instr_debug[28] ; 2.5 V        ; 0 s                 ; 0 s                 ; 2.62 V                       ; 2.74e-08 V                   ; 2.71 V              ; -0.0317 V           ; 0.148 V                              ; 0.064 V                              ; 4.51e-10 s                  ; 4.15e-10 s                  ; No                         ; Yes                        ; 2.62 V                      ; 2.74e-08 V                  ; 2.71 V             ; -0.0317 V          ; 0.148 V                             ; 0.064 V                             ; 4.51e-10 s                 ; 4.15e-10 s                 ; No                        ; Yes                       ;
; instr_debug[29] ; 2.5 V        ; 0 s                 ; 0 s                 ; 2.62 V                       ; 2.74e-08 V                   ; 2.71 V              ; -0.0317 V           ; 0.148 V                              ; 0.064 V                              ; 4.51e-10 s                  ; 4.15e-10 s                  ; No                         ; Yes                        ; 2.62 V                      ; 2.74e-08 V                  ; 2.71 V             ; -0.0317 V          ; 0.148 V                             ; 0.064 V                             ; 4.51e-10 s                 ; 4.15e-10 s                 ; No                        ; Yes                       ;
; instr_debug[30] ; 2.5 V        ; 0 s                 ; 0 s                 ; 2.62 V                       ; 2.74e-08 V                   ; 2.71 V              ; -0.0317 V           ; 0.148 V                              ; 0.064 V                              ; 4.51e-10 s                  ; 4.15e-10 s                  ; No                         ; Yes                        ; 2.62 V                      ; 2.74e-08 V                  ; 2.71 V             ; -0.0317 V          ; 0.148 V                             ; 0.064 V                             ; 4.51e-10 s                 ; 4.15e-10 s                 ; No                        ; Yes                       ;
; instr_debug[31] ; 2.5 V        ; 0 s                 ; 0 s                 ; 2.62 V                       ; 2.74e-08 V                   ; 2.71 V              ; -0.0317 V           ; 0.148 V                              ; 0.064 V                              ; 4.51e-10 s                  ; 4.15e-10 s                  ; No                         ; Yes                        ; 2.62 V                      ; 2.74e-08 V                  ; 2.71 V             ; -0.0317 V          ; 0.148 V                             ; 0.064 V                             ; 4.51e-10 s                 ; 4.15e-10 s                 ; No                        ; Yes                       ;
; rs1_debug[0]    ; 2.5 V        ; 0 s                 ; 0 s                 ; 2.62 V                       ; 4.05e-08 V                   ; 2.72 V              ; -0.0349 V           ; 0.173 V                              ; 0.1 V                                ; 2.72e-10 s                  ; 2.69e-10 s                  ; Yes                        ; Yes                        ; 2.62 V                      ; 4.05e-08 V                  ; 2.72 V             ; -0.0349 V          ; 0.173 V                             ; 0.1 V                               ; 2.72e-10 s                 ; 2.69e-10 s                 ; Yes                       ; Yes                       ;
; rs1_debug[1]    ; 2.5 V        ; 0 s                 ; 0 s                 ; 2.62 V                       ; 4.05e-08 V                   ; 2.72 V              ; -0.0349 V           ; 0.173 V                              ; 0.1 V                                ; 2.72e-10 s                  ; 2.69e-10 s                  ; Yes                        ; Yes                        ; 2.62 V                      ; 4.05e-08 V                  ; 2.72 V             ; -0.0349 V          ; 0.173 V                             ; 0.1 V                               ; 2.72e-10 s                 ; 2.69e-10 s                 ; Yes                       ; Yes                       ;
; rs1_debug[2]    ; 2.5 V        ; 0 s                 ; 0 s                 ; 2.62 V                       ; 4.05e-08 V                   ; 2.72 V              ; -0.0349 V           ; 0.173 V                              ; 0.1 V                                ; 2.72e-10 s                  ; 2.69e-10 s                  ; Yes                        ; Yes                        ; 2.62 V                      ; 4.05e-08 V                  ; 2.72 V             ; -0.0349 V          ; 0.173 V                             ; 0.1 V                               ; 2.72e-10 s                 ; 2.69e-10 s                 ; Yes                       ; Yes                       ;
; rs1_debug[3]    ; 2.5 V        ; 0 s                 ; 0 s                 ; 2.62 V                       ; 4.05e-08 V                   ; 2.72 V              ; -0.0349 V           ; 0.173 V                              ; 0.1 V                                ; 2.72e-10 s                  ; 2.69e-10 s                  ; Yes                        ; Yes                        ; 2.62 V                      ; 4.05e-08 V                  ; 2.72 V             ; -0.0349 V          ; 0.173 V                             ; 0.1 V                               ; 2.72e-10 s                 ; 2.69e-10 s                 ; Yes                       ; Yes                       ;
; rs1_debug[4]    ; 2.5 V        ; 0 s                 ; 0 s                 ; 2.62 V                       ; 4.05e-08 V                   ; 2.72 V              ; -0.0349 V           ; 0.173 V                              ; 0.1 V                                ; 2.72e-10 s                  ; 2.69e-10 s                  ; Yes                        ; Yes                        ; 2.62 V                      ; 4.05e-08 V                  ; 2.72 V             ; -0.0349 V          ; 0.173 V                             ; 0.1 V                               ; 2.72e-10 s                 ; 2.69e-10 s                 ; Yes                       ; Yes                       ;
; rs1_debug[5]    ; 2.5 V        ; 0 s                 ; 0 s                 ; 2.62 V                       ; 2.74e-08 V                   ; 2.71 V              ; -0.0317 V           ; 0.148 V                              ; 0.064 V                              ; 4.51e-10 s                  ; 4.15e-10 s                  ; No                         ; Yes                        ; 2.62 V                      ; 2.74e-08 V                  ; 2.71 V             ; -0.0317 V          ; 0.148 V                             ; 0.064 V                             ; 4.51e-10 s                 ; 4.15e-10 s                 ; No                        ; Yes                       ;
; rs1_debug[6]    ; 2.5 V        ; 0 s                 ; 0 s                 ; 2.62 V                       ; 4.05e-08 V                   ; 2.72 V              ; -0.0349 V           ; 0.173 V                              ; 0.1 V                                ; 2.72e-10 s                  ; 2.69e-10 s                  ; Yes                        ; Yes                        ; 2.62 V                      ; 4.05e-08 V                  ; 2.72 V             ; -0.0349 V          ; 0.173 V                             ; 0.1 V                               ; 2.72e-10 s                 ; 2.69e-10 s                 ; Yes                       ; Yes                       ;
; rs1_debug[7]    ; 2.5 V        ; 0 s                 ; 0 s                 ; 2.62 V                       ; 4.05e-08 V                   ; 2.72 V              ; -0.0349 V           ; 0.173 V                              ; 0.1 V                                ; 2.72e-10 s                  ; 2.69e-10 s                  ; Yes                        ; Yes                        ; 2.62 V                      ; 4.05e-08 V                  ; 2.72 V             ; -0.0349 V          ; 0.173 V                             ; 0.1 V                               ; 2.72e-10 s                 ; 2.69e-10 s                 ; Yes                       ; Yes                       ;
; rs1_debug[8]    ; 2.5 V        ; 0 s                 ; 0 s                 ; 2.62 V                       ; 4.05e-08 V                   ; 2.72 V              ; -0.0349 V           ; 0.173 V                              ; 0.1 V                                ; 2.72e-10 s                  ; 2.69e-10 s                  ; Yes                        ; Yes                        ; 2.62 V                      ; 4.05e-08 V                  ; 2.72 V             ; -0.0349 V          ; 0.173 V                             ; 0.1 V                               ; 2.72e-10 s                 ; 2.69e-10 s                 ; Yes                       ; Yes                       ;
; rs1_debug[9]    ; 2.5 V        ; 0 s                 ; 0 s                 ; 2.62 V                       ; 2.74e-08 V                   ; 2.71 V              ; -0.0317 V           ; 0.148 V                              ; 0.064 V                              ; 4.51e-10 s                  ; 4.15e-10 s                  ; No                         ; Yes                        ; 2.62 V                      ; 2.74e-08 V                  ; 2.71 V             ; -0.0317 V          ; 0.148 V                             ; 0.064 V                             ; 4.51e-10 s                 ; 4.15e-10 s                 ; No                        ; Yes                       ;
; rs1_debug[10]   ; 2.5 V        ; 0 s                 ; 0 s                 ; 2.62 V                       ; 4.05e-08 V                   ; 2.72 V              ; -0.0349 V           ; 0.173 V                              ; 0.1 V                                ; 2.72e-10 s                  ; 2.69e-10 s                  ; Yes                        ; Yes                        ; 2.62 V                      ; 4.05e-08 V                  ; 2.72 V             ; -0.0349 V          ; 0.173 V                             ; 0.1 V                               ; 2.72e-10 s                 ; 2.69e-10 s                 ; Yes                       ; Yes                       ;
; rs1_debug[11]   ; 2.5 V        ; 0 s                 ; 0 s                 ; 2.62 V                       ; 4.05e-08 V                   ; 2.72 V              ; -0.0349 V           ; 0.173 V                              ; 0.1 V                                ; 2.72e-10 s                  ; 2.69e-10 s                  ; Yes                        ; Yes                        ; 2.62 V                      ; 4.05e-08 V                  ; 2.72 V             ; -0.0349 V          ; 0.173 V                             ; 0.1 V                               ; 2.72e-10 s                 ; 2.69e-10 s                 ; Yes                       ; Yes                       ;
; rs1_debug[12]   ; 2.5 V        ; 0 s                 ; 0 s                 ; 2.62 V                       ; 4.05e-08 V                   ; 2.72 V              ; -0.0349 V           ; 0.173 V                              ; 0.1 V                                ; 2.72e-10 s                  ; 2.69e-10 s                  ; Yes                        ; Yes                        ; 2.62 V                      ; 4.05e-08 V                  ; 2.72 V             ; -0.0349 V          ; 0.173 V                             ; 0.1 V                               ; 2.72e-10 s                 ; 2.69e-10 s                 ; Yes                       ; Yes                       ;
; rs1_debug[13]   ; 2.5 V        ; 0 s                 ; 0 s                 ; 2.62 V                       ; 2.74e-08 V                   ; 2.71 V              ; -0.0317 V           ; 0.148 V                              ; 0.064 V                              ; 4.51e-10 s                  ; 4.15e-10 s                  ; No                         ; Yes                        ; 2.62 V                      ; 2.74e-08 V                  ; 2.71 V             ; -0.0317 V          ; 0.148 V                             ; 0.064 V                             ; 4.51e-10 s                 ; 4.15e-10 s                 ; No                        ; Yes                       ;
; rs1_debug[14]   ; 2.5 V        ; 0 s                 ; 0 s                 ; 2.62 V                       ; 4.05e-08 V                   ; 2.72 V              ; -0.0349 V           ; 0.173 V                              ; 0.1 V                                ; 2.72e-10 s                  ; 2.69e-10 s                  ; Yes                        ; Yes                        ; 2.62 V                      ; 4.05e-08 V                  ; 2.72 V             ; -0.0349 V          ; 0.173 V                             ; 0.1 V                               ; 2.72e-10 s                 ; 2.69e-10 s                 ; Yes                       ; Yes                       ;
; rs1_debug[15]   ; 2.5 V        ; 0 s                 ; 0 s                 ; 2.62 V                       ; 4.05e-08 V                   ; 2.72 V              ; -0.0349 V           ; 0.173 V                              ; 0.1 V                                ; 2.72e-10 s                  ; 2.69e-10 s                  ; Yes                        ; Yes                        ; 2.62 V                      ; 4.05e-08 V                  ; 2.72 V             ; -0.0349 V          ; 0.173 V                             ; 0.1 V                               ; 2.72e-10 s                 ; 2.69e-10 s                 ; Yes                       ; Yes                       ;
; rs1_debug[16]   ; 2.5 V        ; 0 s                 ; 0 s                 ; 2.62 V                       ; 2.74e-08 V                   ; 2.71 V              ; -0.0317 V           ; 0.148 V                              ; 0.064 V                              ; 4.51e-10 s                  ; 4.15e-10 s                  ; No                         ; Yes                        ; 2.62 V                      ; 2.74e-08 V                  ; 2.71 V             ; -0.0317 V          ; 0.148 V                             ; 0.064 V                             ; 4.51e-10 s                 ; 4.15e-10 s                 ; No                        ; Yes                       ;
; rs1_debug[17]   ; 2.5 V        ; 0 s                 ; 0 s                 ; 2.62 V                       ; 4.05e-08 V                   ; 2.72 V              ; -0.0349 V           ; 0.173 V                              ; 0.1 V                                ; 2.72e-10 s                  ; 2.69e-10 s                  ; Yes                        ; Yes                        ; 2.62 V                      ; 4.05e-08 V                  ; 2.72 V             ; -0.0349 V          ; 0.173 V                             ; 0.1 V                               ; 2.72e-10 s                 ; 2.69e-10 s                 ; Yes                       ; Yes                       ;
; rs1_debug[18]   ; 2.5 V        ; 0 s                 ; 0 s                 ; 2.62 V                       ; 4.05e-08 V                   ; 2.72 V              ; -0.0349 V           ; 0.173 V                              ; 0.1 V                                ; 2.72e-10 s                  ; 2.69e-10 s                  ; Yes                        ; Yes                        ; 2.62 V                      ; 4.05e-08 V                  ; 2.72 V             ; -0.0349 V          ; 0.173 V                             ; 0.1 V                               ; 2.72e-10 s                 ; 2.69e-10 s                 ; Yes                       ; Yes                       ;
; rs1_debug[19]   ; 2.5 V        ; 0 s                 ; 0 s                 ; 2.62 V                       ; 4.05e-08 V                   ; 2.72 V              ; -0.0349 V           ; 0.173 V                              ; 0.1 V                                ; 2.72e-10 s                  ; 2.69e-10 s                  ; Yes                        ; Yes                        ; 2.62 V                      ; 4.05e-08 V                  ; 2.72 V             ; -0.0349 V          ; 0.173 V                             ; 0.1 V                               ; 2.72e-10 s                 ; 2.69e-10 s                 ; Yes                       ; Yes                       ;
; rs1_debug[20]   ; 2.5 V        ; 0 s                 ; 0 s                 ; 2.62 V                       ; 4.05e-08 V                   ; 2.72 V              ; -0.0349 V           ; 0.173 V                              ; 0.1 V                                ; 2.72e-10 s                  ; 2.69e-10 s                  ; Yes                        ; Yes                        ; 2.62 V                      ; 4.05e-08 V                  ; 2.72 V             ; -0.0349 V          ; 0.173 V                             ; 0.1 V                               ; 2.72e-10 s                 ; 2.69e-10 s                 ; Yes                       ; Yes                       ;
; rs1_debug[21]   ; 2.5 V        ; 0 s                 ; 0 s                 ; 2.62 V                       ; 4.05e-08 V                   ; 2.72 V              ; -0.0349 V           ; 0.173 V                              ; 0.1 V                                ; 2.72e-10 s                  ; 2.69e-10 s                  ; Yes                        ; Yes                        ; 2.62 V                      ; 4.05e-08 V                  ; 2.72 V             ; -0.0349 V          ; 0.173 V                             ; 0.1 V                               ; 2.72e-10 s                 ; 2.69e-10 s                 ; Yes                       ; Yes                       ;
; rs1_debug[22]   ; 2.5 V        ; 0 s                 ; 0 s                 ; 2.62 V                       ; 4.05e-08 V                   ; 2.72 V              ; -0.0349 V           ; 0.173 V                              ; 0.1 V                                ; 2.72e-10 s                  ; 2.69e-10 s                  ; Yes                        ; Yes                        ; 2.62 V                      ; 4.05e-08 V                  ; 2.72 V             ; -0.0349 V          ; 0.173 V                             ; 0.1 V                               ; 2.72e-10 s                 ; 2.69e-10 s                 ; Yes                       ; Yes                       ;
; rs1_debug[23]   ; 2.5 V        ; 0 s                 ; 0 s                 ; 2.62 V                       ; 4.05e-08 V                   ; 2.72 V              ; -0.0349 V           ; 0.173 V                              ; 0.1 V                                ; 2.72e-10 s                  ; 2.69e-10 s                  ; Yes                        ; Yes                        ; 2.62 V                      ; 4.05e-08 V                  ; 2.72 V             ; -0.0349 V          ; 0.173 V                             ; 0.1 V                               ; 2.72e-10 s                 ; 2.69e-10 s                 ; Yes                       ; Yes                       ;
; rs1_debug[24]   ; 2.5 V        ; 0 s                 ; 0 s                 ; 2.62 V                       ; 4.05e-08 V                   ; 2.72 V              ; -0.0349 V           ; 0.173 V                              ; 0.1 V                                ; 2.72e-10 s                  ; 2.69e-10 s                  ; Yes                        ; Yes                        ; 2.62 V                      ; 4.05e-08 V                  ; 2.72 V             ; -0.0349 V          ; 0.173 V                             ; 0.1 V                               ; 2.72e-10 s                 ; 2.69e-10 s                 ; Yes                       ; Yes                       ;
; rs1_debug[25]   ; 2.5 V        ; 0 s                 ; 0 s                 ; 2.62 V                       ; 2.74e-08 V                   ; 2.71 V              ; -0.0317 V           ; 0.148 V                              ; 0.064 V                              ; 4.51e-10 s                  ; 4.15e-10 s                  ; No                         ; Yes                        ; 2.62 V                      ; 2.74e-08 V                  ; 2.71 V             ; -0.0317 V          ; 0.148 V                             ; 0.064 V                             ; 4.51e-10 s                 ; 4.15e-10 s                 ; No                        ; Yes                       ;
; rs1_debug[26]   ; 2.5 V        ; 0 s                 ; 0 s                 ; 2.62 V                       ; 2.74e-08 V                   ; 2.71 V              ; -0.0317 V           ; 0.148 V                              ; 0.064 V                              ; 4.51e-10 s                  ; 4.15e-10 s                  ; No                         ; Yes                        ; 2.62 V                      ; 2.74e-08 V                  ; 2.71 V             ; -0.0317 V          ; 0.148 V                             ; 0.064 V                             ; 4.51e-10 s                 ; 4.15e-10 s                 ; No                        ; Yes                       ;
; rs1_debug[27]   ; 2.5 V        ; 0 s                 ; 0 s                 ; 2.62 V                       ; 2.74e-08 V                   ; 2.71 V              ; -0.0317 V           ; 0.148 V                              ; 0.064 V                              ; 4.51e-10 s                  ; 4.15e-10 s                  ; No                         ; Yes                        ; 2.62 V                      ; 2.74e-08 V                  ; 2.71 V             ; -0.0317 V          ; 0.148 V                             ; 0.064 V                             ; 4.51e-10 s                 ; 4.15e-10 s                 ; No                        ; Yes                       ;
; rs1_debug[28]   ; 2.5 V        ; 0 s                 ; 0 s                 ; 2.62 V                       ; 4.05e-08 V                   ; 2.72 V              ; -0.0349 V           ; 0.173 V                              ; 0.1 V                                ; 2.72e-10 s                  ; 2.69e-10 s                  ; Yes                        ; Yes                        ; 2.62 V                      ; 4.05e-08 V                  ; 2.72 V             ; -0.0349 V          ; 0.173 V                             ; 0.1 V                               ; 2.72e-10 s                 ; 2.69e-10 s                 ; Yes                       ; Yes                       ;
; rs1_debug[29]   ; 2.5 V        ; 0 s                 ; 0 s                 ; 2.62 V                       ; 4.05e-08 V                   ; 2.72 V              ; -0.0349 V           ; 0.173 V                              ; 0.1 V                                ; 2.72e-10 s                  ; 2.69e-10 s                  ; Yes                        ; Yes                        ; 2.62 V                      ; 4.05e-08 V                  ; 2.72 V             ; -0.0349 V          ; 0.173 V                             ; 0.1 V                               ; 2.72e-10 s                 ; 2.69e-10 s                 ; Yes                       ; Yes                       ;
; rs1_debug[30]   ; 2.5 V        ; 0 s                 ; 0 s                 ; 2.62 V                       ; 4.05e-08 V                   ; 2.72 V              ; -0.0349 V           ; 0.173 V                              ; 0.1 V                                ; 2.72e-10 s                  ; 2.69e-10 s                  ; Yes                        ; Yes                        ; 2.62 V                      ; 4.05e-08 V                  ; 2.72 V             ; -0.0349 V          ; 0.173 V                             ; 0.1 V                               ; 2.72e-10 s                 ; 2.69e-10 s                 ; Yes                       ; Yes                       ;
; rs1_debug[31]   ; 2.5 V        ; 0 s                 ; 0 s                 ; 2.62 V                       ; 4.05e-08 V                   ; 2.72 V              ; -0.0349 V           ; 0.173 V                              ; 0.1 V                                ; 2.72e-10 s                  ; 2.69e-10 s                  ; Yes                        ; Yes                        ; 2.62 V                      ; 4.05e-08 V                  ; 2.72 V             ; -0.0349 V          ; 0.173 V                             ; 0.1 V                               ; 2.72e-10 s                 ; 2.69e-10 s                 ; Yes                       ; Yes                       ;
; rs2_debug[0]    ; 2.5 V        ; 0 s                 ; 0 s                 ; 2.62 V                       ; 4.05e-08 V                   ; 2.72 V              ; -0.0349 V           ; 0.173 V                              ; 0.1 V                                ; 2.72e-10 s                  ; 2.69e-10 s                  ; Yes                        ; Yes                        ; 2.62 V                      ; 4.05e-08 V                  ; 2.72 V             ; -0.0349 V          ; 0.173 V                             ; 0.1 V                               ; 2.72e-10 s                 ; 2.69e-10 s                 ; Yes                       ; Yes                       ;
; rs2_debug[1]    ; 2.5 V        ; 0 s                 ; 0 s                 ; 2.62 V                       ; 4.05e-08 V                   ; 2.72 V              ; -0.0349 V           ; 0.173 V                              ; 0.1 V                                ; 2.72e-10 s                  ; 2.69e-10 s                  ; Yes                        ; Yes                        ; 2.62 V                      ; 4.05e-08 V                  ; 2.72 V             ; -0.0349 V          ; 0.173 V                             ; 0.1 V                               ; 2.72e-10 s                 ; 2.69e-10 s                 ; Yes                       ; Yes                       ;
; rs2_debug[2]    ; 2.5 V        ; 0 s                 ; 0 s                 ; 2.62 V                       ; 4.05e-08 V                   ; 2.64 V              ; -0.0113 V           ; 0.208 V                              ; 0.179 V                              ; 2.38e-09 s                  ; 2.23e-09 s                  ; No                         ; Yes                        ; 2.62 V                      ; 4.05e-08 V                  ; 2.64 V             ; -0.0113 V          ; 0.208 V                             ; 0.179 V                             ; 2.38e-09 s                 ; 2.23e-09 s                 ; No                        ; Yes                       ;
; rs2_debug[3]    ; 2.5 V        ; 0 s                 ; 0 s                 ; 2.62 V                       ; 4.05e-08 V                   ; 2.72 V              ; -0.0349 V           ; 0.173 V                              ; 0.1 V                                ; 2.72e-10 s                  ; 2.69e-10 s                  ; Yes                        ; Yes                        ; 2.62 V                      ; 4.05e-08 V                  ; 2.72 V             ; -0.0349 V          ; 0.173 V                             ; 0.1 V                               ; 2.72e-10 s                 ; 2.69e-10 s                 ; Yes                       ; Yes                       ;
; rs2_debug[4]    ; 2.5 V        ; 0 s                 ; 0 s                 ; 2.62 V                       ; 4.05e-08 V                   ; 2.72 V              ; -0.0349 V           ; 0.173 V                              ; 0.1 V                                ; 2.72e-10 s                  ; 2.69e-10 s                  ; Yes                        ; Yes                        ; 2.62 V                      ; 4.05e-08 V                  ; 2.72 V             ; -0.0349 V          ; 0.173 V                             ; 0.1 V                               ; 2.72e-10 s                 ; 2.69e-10 s                 ; Yes                       ; Yes                       ;
; rs2_debug[5]    ; 2.5 V        ; 0 s                 ; 0 s                 ; 2.62 V                       ; 4.05e-08 V                   ; 2.72 V              ; -0.0349 V           ; 0.173 V                              ; 0.1 V                                ; 2.72e-10 s                  ; 2.69e-10 s                  ; Yes                        ; Yes                        ; 2.62 V                      ; 4.05e-08 V                  ; 2.72 V             ; -0.0349 V          ; 0.173 V                             ; 0.1 V                               ; 2.72e-10 s                 ; 2.69e-10 s                 ; Yes                       ; Yes                       ;
; rs2_debug[6]    ; 2.5 V        ; 0 s                 ; 0 s                 ; 2.62 V                       ; 4.05e-08 V                   ; 2.72 V              ; -0.0349 V           ; 0.173 V                              ; 0.1 V                                ; 2.72e-10 s                  ; 2.69e-10 s                  ; Yes                        ; Yes                        ; 2.62 V                      ; 4.05e-08 V                  ; 2.72 V             ; -0.0349 V          ; 0.173 V                             ; 0.1 V                               ; 2.72e-10 s                 ; 2.69e-10 s                 ; Yes                       ; Yes                       ;
; rs2_debug[7]    ; 2.5 V        ; 0 s                 ; 0 s                 ; 2.62 V                       ; 4.05e-08 V                   ; 2.72 V              ; -0.0349 V           ; 0.173 V                              ; 0.1 V                                ; 2.72e-10 s                  ; 2.69e-10 s                  ; Yes                        ; Yes                        ; 2.62 V                      ; 4.05e-08 V                  ; 2.72 V             ; -0.0349 V          ; 0.173 V                             ; 0.1 V                               ; 2.72e-10 s                 ; 2.69e-10 s                 ; Yes                       ; Yes                       ;
; rs2_debug[8]    ; 2.5 V        ; 0 s                 ; 0 s                 ; 2.62 V                       ; 4.05e-08 V                   ; 2.72 V              ; -0.0349 V           ; 0.173 V                              ; 0.1 V                                ; 2.72e-10 s                  ; 2.69e-10 s                  ; Yes                        ; Yes                        ; 2.62 V                      ; 4.05e-08 V                  ; 2.72 V             ; -0.0349 V          ; 0.173 V                             ; 0.1 V                               ; 2.72e-10 s                 ; 2.69e-10 s                 ; Yes                       ; Yes                       ;
; rs2_debug[9]    ; 2.5 V        ; 0 s                 ; 0 s                 ; 2.62 V                       ; 4.05e-08 V                   ; 2.72 V              ; -0.0349 V           ; 0.173 V                              ; 0.1 V                                ; 2.72e-10 s                  ; 2.69e-10 s                  ; Yes                        ; Yes                        ; 2.62 V                      ; 4.05e-08 V                  ; 2.72 V             ; -0.0349 V          ; 0.173 V                             ; 0.1 V                               ; 2.72e-10 s                 ; 2.69e-10 s                 ; Yes                       ; Yes                       ;
; rs2_debug[10]   ; 2.5 V        ; 0 s                 ; 0 s                 ; 2.62 V                       ; 4.05e-08 V                   ; 2.72 V              ; -0.0349 V           ; 0.173 V                              ; 0.1 V                                ; 2.72e-10 s                  ; 2.69e-10 s                  ; Yes                        ; Yes                        ; 2.62 V                      ; 4.05e-08 V                  ; 2.72 V             ; -0.0349 V          ; 0.173 V                             ; 0.1 V                               ; 2.72e-10 s                 ; 2.69e-10 s                 ; Yes                       ; Yes                       ;
; rs2_debug[11]   ; 2.5 V        ; 0 s                 ; 0 s                 ; 2.62 V                       ; 4.05e-08 V                   ; 2.72 V              ; -0.0349 V           ; 0.173 V                              ; 0.1 V                                ; 2.72e-10 s                  ; 2.69e-10 s                  ; Yes                        ; Yes                        ; 2.62 V                      ; 4.05e-08 V                  ; 2.72 V             ; -0.0349 V          ; 0.173 V                             ; 0.1 V                               ; 2.72e-10 s                 ; 2.69e-10 s                 ; Yes                       ; Yes                       ;
; rs2_debug[12]   ; 2.5 V        ; 0 s                 ; 0 s                 ; 2.62 V                       ; 4.05e-08 V                   ; 2.72 V              ; -0.0349 V           ; 0.173 V                              ; 0.1 V                                ; 2.72e-10 s                  ; 2.69e-10 s                  ; Yes                        ; Yes                        ; 2.62 V                      ; 4.05e-08 V                  ; 2.72 V             ; -0.0349 V          ; 0.173 V                             ; 0.1 V                               ; 2.72e-10 s                 ; 2.69e-10 s                 ; Yes                       ; Yes                       ;
; rs2_debug[13]   ; 2.5 V        ; 0 s                 ; 0 s                 ; 2.62 V                       ; 4.05e-08 V                   ; 2.72 V              ; -0.0349 V           ; 0.173 V                              ; 0.1 V                                ; 2.72e-10 s                  ; 2.69e-10 s                  ; Yes                        ; Yes                        ; 2.62 V                      ; 4.05e-08 V                  ; 2.72 V             ; -0.0349 V          ; 0.173 V                             ; 0.1 V                               ; 2.72e-10 s                 ; 2.69e-10 s                 ; Yes                       ; Yes                       ;
; rs2_debug[14]   ; 2.5 V        ; 0 s                 ; 0 s                 ; 2.62 V                       ; 2.74e-08 V                   ; 2.71 V              ; -0.0317 V           ; 0.148 V                              ; 0.064 V                              ; 4.51e-10 s                  ; 4.15e-10 s                  ; No                         ; Yes                        ; 2.62 V                      ; 2.74e-08 V                  ; 2.71 V             ; -0.0317 V          ; 0.148 V                             ; 0.064 V                             ; 4.51e-10 s                 ; 4.15e-10 s                 ; No                        ; Yes                       ;
; rs2_debug[15]   ; 2.5 V        ; 0 s                 ; 0 s                 ; 2.62 V                       ; 4.05e-08 V                   ; 2.72 V              ; -0.0349 V           ; 0.173 V                              ; 0.1 V                                ; 2.72e-10 s                  ; 2.69e-10 s                  ; Yes                        ; Yes                        ; 2.62 V                      ; 4.05e-08 V                  ; 2.72 V             ; -0.0349 V          ; 0.173 V                             ; 0.1 V                               ; 2.72e-10 s                 ; 2.69e-10 s                 ; Yes                       ; Yes                       ;
; rs2_debug[16]   ; 2.5 V        ; 0 s                 ; 0 s                 ; 2.62 V                       ; 2.74e-08 V                   ; 2.71 V              ; -0.0317 V           ; 0.148 V                              ; 0.064 V                              ; 4.51e-10 s                  ; 4.15e-10 s                  ; No                         ; Yes                        ; 2.62 V                      ; 2.74e-08 V                  ; 2.71 V             ; -0.0317 V          ; 0.148 V                             ; 0.064 V                             ; 4.51e-10 s                 ; 4.15e-10 s                 ; No                        ; Yes                       ;
; rs2_debug[17]   ; 2.5 V        ; 0 s                 ; 0 s                 ; 2.62 V                       ; 4.05e-08 V                   ; 2.64 V              ; -0.0113 V           ; 0.208 V                              ; 0.179 V                              ; 2.38e-09 s                  ; 2.23e-09 s                  ; No                         ; Yes                        ; 2.62 V                      ; 4.05e-08 V                  ; 2.64 V             ; -0.0113 V          ; 0.208 V                             ; 0.179 V                             ; 2.38e-09 s                 ; 2.23e-09 s                 ; No                        ; Yes                       ;
; rs2_debug[18]   ; 2.5 V        ; 0 s                 ; 0 s                 ; 2.62 V                       ; 4.05e-08 V                   ; 2.72 V              ; -0.0349 V           ; 0.173 V                              ; 0.1 V                                ; 2.72e-10 s                  ; 2.69e-10 s                  ; Yes                        ; Yes                        ; 2.62 V                      ; 4.05e-08 V                  ; 2.72 V             ; -0.0349 V          ; 0.173 V                             ; 0.1 V                               ; 2.72e-10 s                 ; 2.69e-10 s                 ; Yes                       ; Yes                       ;
; rs2_debug[19]   ; 2.5 V        ; 0 s                 ; 0 s                 ; 2.62 V                       ; 2.74e-08 V                   ; 2.71 V              ; -0.0317 V           ; 0.148 V                              ; 0.064 V                              ; 4.51e-10 s                  ; 4.15e-10 s                  ; No                         ; Yes                        ; 2.62 V                      ; 2.74e-08 V                  ; 2.71 V             ; -0.0317 V          ; 0.148 V                             ; 0.064 V                             ; 4.51e-10 s                 ; 4.15e-10 s                 ; No                        ; Yes                       ;
; rs2_debug[20]   ; 2.5 V        ; 0 s                 ; 0 s                 ; 2.62 V                       ; 4.05e-08 V                   ; 2.72 V              ; -0.0349 V           ; 0.173 V                              ; 0.1 V                                ; 2.72e-10 s                  ; 2.69e-10 s                  ; Yes                        ; Yes                        ; 2.62 V                      ; 4.05e-08 V                  ; 2.72 V             ; -0.0349 V          ; 0.173 V                             ; 0.1 V                               ; 2.72e-10 s                 ; 2.69e-10 s                 ; Yes                       ; Yes                       ;
; rs2_debug[21]   ; 2.5 V        ; 0 s                 ; 0 s                 ; 2.62 V                       ; 4.05e-08 V                   ; 2.72 V              ; -0.0349 V           ; 0.173 V                              ; 0.1 V                                ; 2.72e-10 s                  ; 2.69e-10 s                  ; Yes                        ; Yes                        ; 2.62 V                      ; 4.05e-08 V                  ; 2.72 V             ; -0.0349 V          ; 0.173 V                             ; 0.1 V                               ; 2.72e-10 s                 ; 2.69e-10 s                 ; Yes                       ; Yes                       ;
; rs2_debug[22]   ; 2.5 V        ; 0 s                 ; 0 s                 ; 2.62 V                       ; 4.05e-08 V                   ; 2.72 V              ; -0.0349 V           ; 0.173 V                              ; 0.1 V                                ; 2.72e-10 s                  ; 2.69e-10 s                  ; Yes                        ; Yes                        ; 2.62 V                      ; 4.05e-08 V                  ; 2.72 V             ; -0.0349 V          ; 0.173 V                             ; 0.1 V                               ; 2.72e-10 s                 ; 2.69e-10 s                 ; Yes                       ; Yes                       ;
; rs2_debug[23]   ; 2.5 V        ; 0 s                 ; 0 s                 ; 2.62 V                       ; 4.05e-08 V                   ; 2.72 V              ; -0.0349 V           ; 0.173 V                              ; 0.1 V                                ; 2.72e-10 s                  ; 2.69e-10 s                  ; Yes                        ; Yes                        ; 2.62 V                      ; 4.05e-08 V                  ; 2.72 V             ; -0.0349 V          ; 0.173 V                             ; 0.1 V                               ; 2.72e-10 s                 ; 2.69e-10 s                 ; Yes                       ; Yes                       ;
; rs2_debug[24]   ; 2.5 V        ; 0 s                 ; 0 s                 ; 2.62 V                       ; 4.05e-08 V                   ; 2.72 V              ; -0.0349 V           ; 0.173 V                              ; 0.1 V                                ; 2.72e-10 s                  ; 2.69e-10 s                  ; Yes                        ; Yes                        ; 2.62 V                      ; 4.05e-08 V                  ; 2.72 V             ; -0.0349 V          ; 0.173 V                             ; 0.1 V                               ; 2.72e-10 s                 ; 2.69e-10 s                 ; Yes                       ; Yes                       ;
; rs2_debug[25]   ; 2.5 V        ; 0 s                 ; 0 s                 ; 2.62 V                       ; 2.74e-08 V                   ; 2.71 V              ; -0.0317 V           ; 0.148 V                              ; 0.064 V                              ; 4.51e-10 s                  ; 4.15e-10 s                  ; No                         ; Yes                        ; 2.62 V                      ; 2.74e-08 V                  ; 2.71 V             ; -0.0317 V          ; 0.148 V                             ; 0.064 V                             ; 4.51e-10 s                 ; 4.15e-10 s                 ; No                        ; Yes                       ;
; rs2_debug[26]   ; 2.5 V        ; 0 s                 ; 0 s                 ; 2.62 V                       ; 4.05e-08 V                   ; 2.72 V              ; -0.0349 V           ; 0.173 V                              ; 0.1 V                                ; 2.72e-10 s                  ; 2.69e-10 s                  ; Yes                        ; Yes                        ; 2.62 V                      ; 4.05e-08 V                  ; 2.72 V             ; -0.0349 V          ; 0.173 V                             ; 0.1 V                               ; 2.72e-10 s                 ; 2.69e-10 s                 ; Yes                       ; Yes                       ;
; rs2_debug[27]   ; 2.5 V        ; 0 s                 ; 0 s                 ; 2.62 V                       ; 2.74e-08 V                   ; 2.71 V              ; -0.0317 V           ; 0.148 V                              ; 0.064 V                              ; 4.51e-10 s                  ; 4.15e-10 s                  ; No                         ; Yes                        ; 2.62 V                      ; 2.74e-08 V                  ; 2.71 V             ; -0.0317 V          ; 0.148 V                             ; 0.064 V                             ; 4.51e-10 s                 ; 4.15e-10 s                 ; No                        ; Yes                       ;
; rs2_debug[28]   ; 2.5 V        ; 0 s                 ; 0 s                 ; 2.62 V                       ; 4.05e-08 V                   ; 2.72 V              ; -0.0349 V           ; 0.173 V                              ; 0.1 V                                ; 2.72e-10 s                  ; 2.69e-10 s                  ; Yes                        ; Yes                        ; 2.62 V                      ; 4.05e-08 V                  ; 2.72 V             ; -0.0349 V          ; 0.173 V                             ; 0.1 V                               ; 2.72e-10 s                 ; 2.69e-10 s                 ; Yes                       ; Yes                       ;
; rs2_debug[29]   ; 2.5 V        ; 0 s                 ; 0 s                 ; 2.62 V                       ; 4.05e-08 V                   ; 2.72 V              ; -0.0349 V           ; 0.173 V                              ; 0.1 V                                ; 2.72e-10 s                  ; 2.69e-10 s                  ; Yes                        ; Yes                        ; 2.62 V                      ; 4.05e-08 V                  ; 2.72 V             ; -0.0349 V          ; 0.173 V                             ; 0.1 V                               ; 2.72e-10 s                 ; 2.69e-10 s                 ; Yes                       ; Yes                       ;
; rs2_debug[30]   ; 2.5 V        ; 0 s                 ; 0 s                 ; 2.62 V                       ; 4.05e-08 V                   ; 2.72 V              ; -0.0349 V           ; 0.173 V                              ; 0.1 V                                ; 2.72e-10 s                  ; 2.69e-10 s                  ; Yes                        ; Yes                        ; 2.62 V                      ; 4.05e-08 V                  ; 2.72 V             ; -0.0349 V          ; 0.173 V                             ; 0.1 V                               ; 2.72e-10 s                 ; 2.69e-10 s                 ; Yes                       ; Yes                       ;
; rs2_debug[31]   ; 2.5 V        ; 0 s                 ; 0 s                 ; 2.62 V                       ; 4.05e-08 V                   ; 2.64 V              ; -0.0113 V           ; 0.208 V                              ; 0.179 V                              ; 2.38e-09 s                  ; 2.23e-09 s                  ; No                         ; Yes                        ; 2.62 V                      ; 4.05e-08 V                  ; 2.64 V             ; -0.0113 V          ; 0.208 V                             ; 0.179 V                             ; 2.38e-09 s                 ; 2.23e-09 s                 ; No                        ; Yes                       ;
; ~ALTERA_NCEO~   ; 2.5 V        ; 0 s                 ; 0 s                 ; 2.62 V                       ; 2.65e-08 V                   ; 3.12 V              ; -0.147 V            ; 0.571 V                              ; 0.186 V                              ; 8.91e-11 s                  ; 1.76e-10 s                  ; No                         ; Yes                        ; 2.62 V                      ; 2.65e-08 V                  ; 3.12 V             ; -0.147 V           ; 0.571 V                             ; 0.186 V                             ; 8.91e-11 s                 ; 1.76e-10 s                 ; No                        ; Yes                       ;
; ~ALTERA_DCLK~   ; 2.5 V        ; 0 s                 ; 0 s                 ; 2.62 V                       ; 3.26e-08 V                   ; 2.73 V              ; -0.0622 V           ; 0.148 V                              ; 0.088 V                              ; 2.68e-10 s                  ; 2.25e-10 s                  ; Yes                        ; Yes                        ; 2.62 V                      ; 3.26e-08 V                  ; 2.73 V             ; -0.0622 V          ; 0.148 V                             ; 0.088 V                             ; 2.68e-10 s                 ; 2.25e-10 s                 ; Yes                       ; Yes                       ;
+-----------------+--------------+---------------------+---------------------+------------------------------+------------------------------+---------------------+---------------------+--------------------------------------+--------------------------------------+-----------------------------+-----------------------------+----------------------------+----------------------------+-----------------------------+-----------------------------+--------------------+--------------------+-------------------------------------+-------------------------------------+----------------------------+----------------------------+---------------------------+---------------------------+


+-------------------------------------------------------------------+
; Setup Transfers                                                   ;
+------------+----------+----------+----------+----------+----------+
; From Clock ; To Clock ; RR Paths ; FR Paths ; RF Paths ; FF Paths ;
+------------+----------+----------+----------+----------+----------+
; clk        ; clk      ; 537      ; 0        ; 0        ; 0        ;
+------------+----------+----------+----------+----------+----------+
Entries labeled "false path" only account for clock-to-clock false paths and not path-based false paths. As a result, actual path counts may be lower than reported.


+-------------------------------------------------------------------+
; Hold Transfers                                                    ;
+------------+----------+----------+----------+----------+----------+
; From Clock ; To Clock ; RR Paths ; FR Paths ; RF Paths ; FF Paths ;
+------------+----------+----------+----------+----------+----------+
; clk        ; clk      ; 537      ; 0        ; 0        ; 0        ;
+------------+----------+----------+----------+----------+----------+
Entries labeled "false path" only account for clock-to-clock false paths and not path-based false paths. As a result, actual path counts may be lower than reported.


---------------
; Report TCCS ;
---------------
No dedicated SERDES Transmitter circuitry present in device or used in design


---------------
; Report RSKM ;
---------------
No dedicated SERDES Receiver circuitry present in device or used in design


+------------------------------------------------+
; Unconstrained Paths                            ;
+---------------------------------+-------+------+
; Property                        ; Setup ; Hold ;
+---------------------------------+-------+------+
; Illegal Clocks                  ; 0     ; 0    ;
; Unconstrained Clocks            ; 0     ; 0    ;
; Unconstrained Input Ports       ; 1     ; 1    ;
; Unconstrained Input Port Paths  ; 62    ; 62   ;
; Unconstrained Output Ports      ; 62    ; 62   ;
; Unconstrained Output Port Paths ; 62    ; 62   ;
+---------------------------------+-------+------+


+------------------------------------+
; TimeQuest Timing Analyzer Messages ;
+------------------------------------+
Info: *******************************************************************
Info: Running Quartus II 64-Bit TimeQuest Timing Analyzer
    Info: Version 13.0.1 Build 232 06/12/2013 Service Pack 1 SJ Web Edition
    Info: Processing started: Thu Aug 06 02:19:12 2026
Info: Command: quartus_sta CPU_FPGA -c CPU_FPGA
Info: qsta_default_script.tcl version: #1
Warning (20028): Parallel compilation is not licensed and has been disabled
Info (21076): High junction temperature operating condition is not set. Assuming a default value of '85'.
Info (21076): Low junction temperature operating condition is not set. Assuming a default value of '0'.
Critical Warning (332012): Synopsys Design Constraints File file not found: 'CPU_FPGA.sdc'. A Synopsys Design Constraints File is required by the TimeQuest Timing Analyzer to get proper timing constraints. Without it, the Compiler will not properly optimize the design.
Info (332142): No user constrained base clocks found in the design. Calling "derive_clocks -period 1.0"
Info (332105): Deriving Clocks
    Info (332105): create_clock -period 1.000 -name clk clk
Info (332143): No user constrained clock uncertainty found in the design. Calling "derive_clock_uncertainty"
Info (332123): Deriving Clock Uncertainty. Please refer to report_sdc in TimeQuest to see clock uncertainties.
Info: Found TIMEQUEST_REPORT_SCRIPT_INCLUDE_DEFAULT_ANALYSIS = ON
Info: Analyzing Slow 1200mV 85C Model
Critical Warning (332148): Timing requirements not met
    Info (11105): For recommendations on closing timing, run Report Timing Closure Recommendations in the TimeQuest Timing Analyzer.
Info (332146): Worst-case setup slack is -2.641
    Info (332119):     Slack End Point TNS Clock 
    Info (332119): ========= ============= =====================
    Info (332119):    -2.641      -120.706 clk 
Info (332146): Worst-case hold slack is 0.374
    Info (332119):     Slack End Point TNS Clock 
    Info (332119): ========= ============= =====================
    Info (332119):     0.374         0.000 clk 
Info (332140): No Recovery paths to report
Info (332140): No Removal paths to report
Info (332146): Worst-case minimum pulse width slack is -3.000
    Info (332119):     Slack End Point TNS Clock 
    Info (332119): ========= ============= =====================
    Info (332119):    -3.000       -73.696 clk 
Info: Analyzing Slow 1200mV 0C Model
Info (334003): Started post-fitting delay annotation
Info (334004): Delay annotation completed successfully
Info (332123): Deriving Clock Uncertainty. Please refer to report_sdc in TimeQuest to see clock uncertainties.
Critical Warning (332148): Timing requirements not met
    Info (11105): For recommendations on closing timing, run Report Timing Closure Recommendations in the TimeQuest Timing Analyzer.
Info (332146): Worst-case setup slack is -2.265
    Info (332119):     Slack End Point TNS Clock 
    Info (332119): ========= ============= =====================
    Info (332119):    -2.265      -100.409 clk 
Info (332146): Worst-case hold slack is 0.331
    Info (332119):     Slack End Point TNS Clock 
    Info (332119): ========= ============= =====================
    Info (332119):     0.331         0.000 clk 
Info (332140): No Recovery paths to report
Info (332140): No Removal paths to report
Info (332146): Worst-case minimum pulse width slack is -3.000
    Info (332119):     Slack End Point TNS Clock 
    Info (332119): ========= ============= =====================
    Info (332119):    -3.000       -73.696 clk 
Info: Analyzing Fast 1200mV 0C Model
Info (332123): Deriving Clock Uncertainty. Please refer to report_sdc in TimeQuest to see clock uncertainties.
Critical Warning (332148): Timing requirements not met
    Info (11105): For recommendations on closing timing, run Report Timing Closure Recommendations in the TimeQuest Timing Analyzer.
Info (332146): Worst-case setup slack is -0.860
    Info (332119):     Slack End Point TNS Clock 
    Info (332119): ========= ============= =====================
    Info (332119):    -0.860       -34.597 clk 
Info (332146): Worst-case hold slack is 0.196
    Info (332119):     Slack End Point TNS Clock 
    Info (332119): ========= ============= =====================
    Info (332119):     0.196         0.000 clk 
Info (332140): No Recovery paths to report
Info (332140): No Removal paths to report
Info (332146): Worst-case minimum pulse width slack is -3.000
    Info (332119):     Slack End Point TNS Clock 
    Info (332119): ========= ============= =====================
    Info (332119):    -3.000       -70.823 clk 
Info (332102): Design is not fully constrained for setup requirements
Info (332102): Design is not fully constrained for hold requirements
Info: Quartus II 64-Bit TimeQuest Timing Analyzer was successful. 0 errors, 5 warnings
    Info: Peak virtual memory: 4655 megabytes
    Info: Processing ended: Thu Aug 06 02:19:14 2026
    Info: Elapsed time: 00:00:02
    Info: Total CPU time (on all processors): 00:00:02


