Fitter report for CPU_FPGA
Sat Aug 08 13:25:23 2026
Quartus II 64-Bit Version 13.0.1 Build 232 06/12/2013 Service Pack 1 SJ Web Edition


---------------------
; Table of Contents ;
---------------------
  1. Legal Notice
  2. Fitter Summary
  3. Fitter Settings
  4. Parallel Compilation
  5. I/O Assignment Warnings
  6. Ignored Assignments
  7. Incremental Compilation Preservation Summary
  8. Incremental Compilation Partition Settings
  9. Incremental Compilation Placement Preservation
 10. Pin-Out File
 11. Fitter Resource Usage Summary
 12. Fitter Partition Statistics
 13. Input Pins
 14. Output Pins
 15. Dual Purpose and Dedicated Pins
 16. I/O Bank Usage
 17. All Package Pins
 18. Fitter Resource Utilization by Entity
 19. Delay Chain Summary
 20. Pad To Core Delay Chain Fanout
 21. Control Signals
 22. Global & Other Fast Signals
 23. Non-Global High Fan-Out Signals
 24. Fitter RAM Summary
 25. |CPU_Top_Wrapper|CPU_FPGA:U_CPU|IF_Stage:U_STAGE_IF|Instruction_Memory:U_IMEM|altsyncram:ram_rtl_0|altsyncram_9b81:auto_generated|ALTSYNCRAM
 26. Fitter DSP Block Usage Summary
 27. DSP Block Details
 28. Other Routing Usage Summary
 29. LAB Logic Elements
 30. LAB-wide Signals
 31. LAB Signals Sourced
 32. LAB Signals Sourced Out
 33. LAB Distinct Inputs
 34. I/O Rules Summary
 35. I/O Rules Details
 36. I/O Rules Matrix
 37. Fitter Device Options
 38. Operating Settings and Conditions
 39. Estimated Delay Added for Hold Timing Summary
 40. Estimated Delay Added for Hold Timing Details
 41. Fitter Messages
 42. Fitter Suppressed Messages



----------------
; Legal Notice ;
----------------
Copyright (C) 1991-2013 Altera Corporation
Your use of Altera Corporation's design tools, logic functions 
and other software and tools, and its AMPP partner logic 
functions, and any output files from any of the foregoing 
(including device programming or simulation files), and any 
associated documentation or information are expressly subject 
to the terms and conditions of the Altera Program License 
Subscription Agreement, Altera MegaCore Function License 
Agreement, or other applicable license agreement, including, 
without limitation, that your use is for the sole purpose of 
programming logic devices manufactured by Altera and sold by 
Altera or its authorized distributors.  Please refer to the 
applicable agreement for further details.



+--------------------------------------------------------------------------------------+
; Fitter Summary                                                                       ;
+------------------------------------+-------------------------------------------------+
; Fitter Status                      ; Successful - Sat Aug 08 13:25:23 2026           ;
; Quartus II 64-Bit Version          ; 13.0.1 Build 232 06/12/2013 SP 1 SJ Web Edition ;
; Revision Name                      ; CPU_FPGA                                        ;
; Top-level Entity Name              ; CPU_Top_Wrapper                                 ;
; Family                             ; Cyclone IV E                                    ;
; Device                             ; EP4CE6E22C8                                     ;
; Timing Models                      ; Final                                           ;
; Total logic elements               ; 4,453 / 6,272 ( 71 % )                          ;
;     Total combinational functions  ; 3,656 / 6,272 ( 58 % )                          ;
;     Dedicated logic registers      ; 1,511 / 6,272 ( 24 % )                          ;
; Total registers                    ; 1511                                            ;
; Total pins                         ; 13 / 92 ( 14 % )                                ;
; Total virtual pins                 ; 0                                               ;
; Total memory bits                  ; 98,304 / 276,480 ( 36 % )                       ;
; Embedded Multiplier 9-bit elements ; 8 / 30 ( 27 % )                                 ;
; Total PLLs                         ; 0 / 2 ( 0 % )                                   ;
+------------------------------------+-------------------------------------------------+


+------------------------------------------------------------------------------------------------------------------------------------------------------------+
; Fitter Settings                                                                                                                                            ;
+----------------------------------------------------------------------------+---------------------------------------+---------------------------------------+
; Option                                                                     ; Setting                               ; Default Value                         ;
+----------------------------------------------------------------------------+---------------------------------------+---------------------------------------+
; Device                                                                     ; EP4CE6E22C8                           ;                                       ;
; Minimum Core Junction Temperature                                          ; 0                                     ;                                       ;
; Maximum Core Junction Temperature                                          ; 85                                    ;                                       ;
; Fit Attempts to Skip                                                       ; 0                                     ; 0.0                                   ;
; Device I/O Standard                                                        ; 2.5 V                                 ;                                       ;
; Use smart compilation                                                      ; Off                                   ; Off                                   ;
; Enable parallel Assembler and TimeQuest Timing Analyzer during compilation ; On                                    ; On                                    ;
; Enable compact report table                                                ; Off                                   ; Off                                   ;
; Auto Merge PLLs                                                            ; On                                    ; On                                    ;
; Router Timing Optimization Level                                           ; Normal                                ; Normal                                ;
; Perform Clocking Topology Analysis During Routing                          ; Off                                   ; Off                                   ;
; Placement Effort Multiplier                                                ; 1.0                                   ; 1.0                                   ;
; Router Effort Multiplier                                                   ; 1.0                                   ; 1.0                                   ;
; Optimize Hold Timing                                                       ; All Paths                             ; All Paths                             ;
; Optimize Multi-Corner Timing                                               ; On                                    ; On                                    ;
; PowerPlay Power Optimization                                               ; Normal compilation                    ; Normal compilation                    ;
; SSN Optimization                                                           ; Off                                   ; Off                                   ;
; Optimize Timing                                                            ; Normal compilation                    ; Normal compilation                    ;
; Optimize Timing for ECOs                                                   ; Off                                   ; Off                                   ;
; Regenerate full fit report during ECO compiles                             ; Off                                   ; Off                                   ;
; Optimize IOC Register Placement for Timing                                 ; Normal                                ; Normal                                ;
; Limit to One Fitting Attempt                                               ; Off                                   ; Off                                   ;
; Final Placement Optimizations                                              ; Automatically                         ; Automatically                         ;
; Fitter Aggressive Routability Optimizations                                ; Automatically                         ; Automatically                         ;
; Fitter Initial Placement Seed                                              ; 1                                     ; 1                                     ;
; PCI I/O                                                                    ; Off                                   ; Off                                   ;
; Weak Pull-Up Resistor                                                      ; Off                                   ; Off                                   ;
; Enable Bus-Hold Circuitry                                                  ; Off                                   ; Off                                   ;
; Auto Packed Registers                                                      ; Auto                                  ; Auto                                  ;
; Auto Delay Chains                                                          ; On                                    ; On                                    ;
; Auto Delay Chains for High Fanout Input Pins                               ; Off                                   ; Off                                   ;
; Allow Single-ended Buffer for Differential-XSTL Input                      ; Off                                   ; Off                                   ;
; Treat Bidirectional Pin as Output Pin                                      ; Off                                   ; Off                                   ;
; Perform Physical Synthesis for Combinational Logic for Fitting             ; Off                                   ; Off                                   ;
; Perform Physical Synthesis for Combinational Logic for Performance         ; Off                                   ; Off                                   ;
; Perform Register Duplication for Performance                               ; Off                                   ; Off                                   ;
; Perform Logic to Memory Mapping for Fitting                                ; Off                                   ; Off                                   ;
; Perform Register Retiming for Performance                                  ; Off                                   ; Off                                   ;
; Perform Asynchronous Signal Pipelining                                     ; Off                                   ; Off                                   ;
; Fitter Effort                                                              ; Auto Fit                              ; Auto Fit                              ;
; Physical Synthesis Effort Level                                            ; Normal                                ; Normal                                ;
; Logic Cell Insertion - Logic Duplication                                   ; Auto                                  ; Auto                                  ;
; Auto Register Duplication                                                  ; Auto                                  ; Auto                                  ;
; Auto Global Clock                                                          ; On                                    ; On                                    ;
; Auto Global Register Control Signals                                       ; On                                    ; On                                    ;
; Reserve all unused pins                                                    ; As input tri-stated with weak pull-up ; As input tri-stated with weak pull-up ;
; Synchronizer Identification                                                ; Off                                   ; Off                                   ;
; Enable Beneficial Skew Optimization                                        ; On                                    ; On                                    ;
; Optimize Design for Metastability                                          ; On                                    ; On                                    ;
; Force Fitter to Avoid Periphery Placement Warnings                         ; Off                                   ; Off                                   ;
; Enable input tri-state on active configuration pins in user mode           ; Off                                   ; Off                                   ;
+----------------------------------------------------------------------------+---------------------------------------+---------------------------------------+


Parallel compilation was disabled, but you have multiple processors available. Enable parallel compilation to reduce compilation time.
+-------------------------------------+
; Parallel Compilation                ;
+----------------------------+--------+
; Processors                 ; Number ;
+----------------------------+--------+
; Number detected on machine ; 16     ;
; Maximum allowed            ; 1      ;
+----------------------------+--------+


+----------------------------------------------------+
; I/O Assignment Warnings                            ;
+-------------+--------------------------------------+
; Pin Name    ; Reason                               ;
+-------------+--------------------------------------+
; led_out[0]  ; Missing drive strength and slew rate ;
; led_out[1]  ; Missing drive strength and slew rate ;
; led_out[2]  ; Missing drive strength and slew rate ;
; led_out[3]  ; Missing drive strength and slew rate ;
; uart_tx_pin ; Missing drive strength and slew rate ;
+-------------+--------------------------------------+


+---------------------------------------------------------------------------------------------+
; Ignored Assignments                                                                         ;
+-------------+-----------------+--------------+-------------+---------------+----------------+
; Name        ; Ignored Entity  ; Ignored From ; Ignored To  ; Ignored Value ; Ignored Source ;
+-------------+-----------------+--------------+-------------+---------------+----------------+
; Virtual Pin ; CPU_Top_Wrapper ;              ; *_debug*    ; ON            ; QSF Assignment ;
; Virtual Pin ; CPU_Top_Wrapper ;              ; instr_debug ; ON            ; QSF Assignment ;
; Virtual Pin ; CPU_Top_Wrapper ;              ; pc_debug    ; ON            ; QSF Assignment ;
; Virtual Pin ; CPU_Top_Wrapper ;              ; rs1_debug   ; ON            ; QSF Assignment ;
; Virtual Pin ; CPU_Top_Wrapper ;              ; rs2_debug   ; ON            ; QSF Assignment ;
+-------------+-----------------+--------------+-------------+---------------+----------------+


+----------------------------------------------+
; Incremental Compilation Preservation Summary ;
+---------------------+------------------------+
; Type                ; Value                  ;
+---------------------+------------------------+
; Placement (by node) ;                        ;
;     -- Requested    ; 0 / 5310 ( 0.00 % )    ;
;     -- Achieved     ; 0 / 5310 ( 0.00 % )    ;
;                     ;                        ;
; Routing (by net)    ;                        ;
;     -- Requested    ; 0 / 0 ( 0.00 % )       ;
;     -- Achieved     ; 0 / 0 ( 0.00 % )       ;
+---------------------+------------------------+


+----------------------------------------------------------------------------------------------------------------------------------------------------------------------------------------+
; Incremental Compilation Partition Settings                                                                                                                                             ;
+--------------------------------+----------------+-------------------+-------------------------+------------------------+------------------------------+--------------------------------+
; Partition Name                 ; Partition Type ; Netlist Type Used ; Preservation Level Used ; Netlist Type Requested ; Preservation Level Requested ; Contents                       ;
+--------------------------------+----------------+-------------------+-------------------------+------------------------+------------------------------+--------------------------------+
; Top                            ; User-created   ; Source File       ; N/A                     ; Source File            ; N/A                          ;                                ;
; hard_block:auto_generated_inst ; Auto-generated ; Source File       ; N/A                     ; Source File            ; N/A                          ; hard_block:auto_generated_inst ;
+--------------------------------+----------------+-------------------+-------------------------+------------------------+------------------------------+--------------------------------+


+------------------------------------------------------------------------------------------------------------+
; Incremental Compilation Placement Preservation                                                             ;
+--------------------------------+---------+-------------------+-------------------------+-------------------+
; Partition Name                 ; # Nodes ; # Preserved Nodes ; Preservation Level Used ; Netlist Type Used ;
+--------------------------------+---------+-------------------+-------------------------+-------------------+
; Top                            ; 5300    ; 0                 ; N/A                     ; Source File       ;
; hard_block:auto_generated_inst ; 10      ; 0                 ; N/A                     ; Source File       ;
+--------------------------------+---------+-------------------+-------------------------+-------------------+


+--------------+
; Pin-Out File ;
+--------------+
The pin-out file can be found in C:/Users/ozana/Desktop/CPU_FPGA/output_files/CPU_FPGA.pin.


+--------------------------------------------------------------------------+
; Fitter Resource Usage Summary                                            ;
+---------------------------------------------+----------------------------+
; Resource                                    ; Usage                      ;
+---------------------------------------------+----------------------------+
; Total logic elements                        ; 4,453 / 6,272 ( 71 % )     ;
;     -- Combinational with no register       ; 2942                       ;
;     -- Register only                        ; 797                        ;
;     -- Combinational with a register        ; 714                        ;
;                                             ;                            ;
; Logic element usage by number of LUT inputs ;                            ;
;     -- 4 input functions                    ; 2474                       ;
;     -- 3 input functions                    ; 891                        ;
;     -- <=2 input functions                  ; 291                        ;
;     -- Register only                        ; 797                        ;
;                                             ;                            ;
; Logic elements by mode                      ;                            ;
;     -- normal mode                          ; 3210                       ;
;     -- arithmetic mode                      ; 446                        ;
;                                             ;                            ;
; Total registers*                            ; 1,511 / 6,684 ( 23 % )     ;
;     -- Dedicated logic registers            ; 1,511 / 6,272 ( 24 % )     ;
;     -- I/O registers                        ; 0 / 412 ( 0 % )            ;
;                                             ;                            ;
; Total LABs:  partially or completely used   ; 329 / 392 ( 84 % )         ;
; Virtual pins                                ; 0                          ;
; I/O pins                                    ; 13 / 92 ( 14 % )           ;
;     -- Clock pins                           ; 2 / 3 ( 67 % )             ;
;     -- Dedicated input pins                 ; 0 / 9 ( 0 % )              ;
;                                             ;                            ;
; Global signals                              ; 3                          ;
; M9Ks                                        ; 12 / 30 ( 40 % )           ;
; Total block memory bits                     ; 98,304 / 276,480 ( 36 % )  ;
; Total block memory implementation bits      ; 110,592 / 276,480 ( 40 % ) ;
; Embedded Multiplier 9-bit elements          ; 8 / 30 ( 27 % )            ;
; PLLs                                        ; 0 / 2 ( 0 % )              ;
; Global clocks                               ; 3 / 10 ( 30 % )            ;
; JTAGs                                       ; 0 / 1 ( 0 % )              ;
; CRC blocks                                  ; 0 / 1 ( 0 % )              ;
; ASMI blocks                                 ; 0 / 1 ( 0 % )              ;
; Impedance control blocks                    ; 0 / 4 ( 0 % )              ;
; Average interconnect usage (total/H/V)      ; 20% / 19% / 22%            ;
; Peak interconnect usage (total/H/V)         ; 35% / 31% / 40%            ;
; Maximum fan-out                             ; 1517                       ;
; Highest non-global fan-out                  ; 304                        ;
; Total fan-out                               ; 19144                      ;
; Average fan-out                             ; 3.19                       ;
+---------------------------------------------+----------------------------+
*  Register count does not include registers inside RAM blocks or DSP blocks.



+-----------------------------------------------------------------------------------------------------+
; Fitter Partition Statistics                                                                         ;
+---------------------------------------------+----------------------+--------------------------------+
; Statistic                                   ; Top                  ; hard_block:auto_generated_inst ;
+---------------------------------------------+----------------------+--------------------------------+
; Difficulty Clustering Region                ; Low                  ; Low                            ;
;                                             ;                      ;                                ;
; Total logic elements                        ; 4453 / 6272 ( 71 % ) ; 0 / 6272 ( 0 % )               ;
;     -- Combinational with no register       ; 2942                 ; 0                              ;
;     -- Register only                        ; 797                  ; 0                              ;
;     -- Combinational with a register        ; 714                  ; 0                              ;
;                                             ;                      ;                                ;
; Logic element usage by number of LUT inputs ;                      ;                                ;
;     -- 4 input functions                    ; 2474                 ; 0                              ;
;     -- 3 input functions                    ; 891                  ; 0                              ;
;     -- <=2 input functions                  ; 291                  ; 0                              ;
;     -- Register only                        ; 797                  ; 0                              ;
;                                             ;                      ;                                ;
; Logic elements by mode                      ;                      ;                                ;
;     -- normal mode                          ; 3210                 ; 0                              ;
;     -- arithmetic mode                      ; 446                  ; 0                              ;
;                                             ;                      ;                                ;
; Total registers                             ; 1511                 ; 0                              ;
;     -- Dedicated logic registers            ; 1511 / 6272 ( 24 % ) ; 0 / 6272 ( 0 % )               ;
;                                             ;                      ;                                ;
; Total LABs:  partially or completely used   ; 329 / 392 ( 84 % )   ; 0 / 392 ( 0 % )                ;
;                                             ;                      ;                                ;
; Virtual pins                                ; 0                    ; 0                              ;
; I/O pins                                    ; 13                   ; 0                              ;
; Embedded Multiplier 9-bit elements          ; 8 / 30 ( 27 % )      ; 0 / 30 ( 0 % )                 ;
; Total memory bits                           ; 98304                ; 0                              ;
; Total RAM block bits                        ; 110592               ; 0                              ;
; M9K                                         ; 12 / 30 ( 40 % )     ; 0 / 30 ( 0 % )                 ;
; Clock control block                         ; 3 / 12 ( 25 % )      ; 0 / 12 ( 0 % )                 ;
;                                             ;                      ;                                ;
; Connections                                 ;                      ;                                ;
;     -- Input Connections                    ; 0                    ; 0                              ;
;     -- Registered Input Connections         ; 0                    ; 0                              ;
;     -- Output Connections                   ; 0                    ; 0                              ;
;     -- Registered Output Connections        ; 0                    ; 0                              ;
;                                             ;                      ;                                ;
; Internal Connections                        ;                      ;                                ;
;     -- Total Connections                    ; 19279                ; 5                              ;
;     -- Registered Connections               ; 6704                 ; 0                              ;
;                                             ;                      ;                                ;
; External Connections                        ;                      ;                                ;
;     -- Top                                  ; 0                    ; 0                              ;
;     -- hard_block:auto_generated_inst       ; 0                    ; 0                              ;
;                                             ;                      ;                                ;
; Partition Interface                         ;                      ;                                ;
;     -- Input Ports                          ; 8                    ; 0                              ;
;     -- Output Ports                         ; 5                    ; 0                              ;
;     -- Bidir Ports                          ; 0                    ; 0                              ;
;                                             ;                      ;                                ;
; Registered Ports                            ;                      ;                                ;
;     -- Registered Input Ports               ; 0                    ; 0                              ;
;     -- Registered Output Ports              ; 0                    ; 0                              ;
;                                             ;                      ;                                ;
; Port Connectivity                           ;                      ;                                ;
;     -- Input Ports driven by GND            ; 0                    ; 0                              ;
;     -- Output Ports driven by GND           ; 0                    ; 0                              ;
;     -- Input Ports driven by VCC            ; 0                    ; 0                              ;
;     -- Output Ports driven by VCC           ; 0                    ; 0                              ;
;     -- Input Ports with no Source           ; 0                    ; 0                              ;
;     -- Output Ports with no Source          ; 0                    ; 0                              ;
;     -- Input Ports with no Fanout           ; 0                    ; 0                              ;
;     -- Output Ports with no Fanout          ; 0                    ; 0                              ;
+---------------------------------------------+----------------------+--------------------------------+


+-----------------------------------------------------------------------------------------------------------------------------------------------------------------------------------------------------------------------------------------------------------------------------------+
; Input Pins                                                                                                                                                                                                                                                                        ;
+--------------+-------+----------+--------------+--------------+--------------+-----------------------+--------------------+--------+----------------+---------------+-----------------+----------+--------------+--------------+---------------------------+----------------------+
; Name         ; Pin # ; I/O Bank ; X coordinate ; Y coordinate ; Z coordinate ; Combinational Fan-Out ; Registered Fan-Out ; Global ; Input Register ; Power Up High ; PCI I/O Enabled ; Bus Hold ; Weak Pull Up ; I/O Standard ; Termination Control Block ; Location assigned by ;
+--------------+-------+----------+--------------+--------------+--------------+-----------------------+--------------------+--------+----------------+---------------+-----------------+----------+--------------+--------------+---------------------------+----------------------+
; clk          ; 23    ; 1        ; 0            ; 11           ; 7            ; 1523                  ; 0                  ; yes    ; no             ; no            ; yes             ; no       ; Off          ; 2.5 V        ; --                        ; Fitter               ;
; debug_sel[0] ; 103   ; 6        ; 34           ; 18           ; 14           ; 6                     ; 0                  ; no     ; no             ; no            ; yes             ; no       ; Off          ; 2.5 V        ; --                        ; Fitter               ;
; debug_sel[1] ; 25    ; 2        ; 0            ; 11           ; 21           ; 6                     ; 0                  ; no     ; no             ; no            ; yes             ; no       ; Off          ; 2.5 V        ; --                        ; Fitter               ;
; key_in[0]    ; 55    ; 4        ; 18           ; 0            ; 14           ; 1                     ; 0                  ; no     ; no             ; no            ; yes             ; no       ; Off          ; 2.5 V        ; --                        ; Fitter               ;
; key_in[1]    ; 52    ; 3        ; 16           ; 0            ; 7            ; 1                     ; 0                  ; no     ; no             ; no            ; yes             ; no       ; Off          ; 2.5 V        ; --                        ; Fitter               ;
; key_in[2]    ; 53    ; 3        ; 16           ; 0            ; 0            ; 1                     ; 0                  ; no     ; no             ; no            ; yes             ; no       ; Off          ; 2.5 V        ; --                        ; Fitter               ;
; key_in[3]    ; 51    ; 3        ; 16           ; 0            ; 21           ; 1                     ; 0                  ; no     ; no             ; no            ; yes             ; no       ; Off          ; 2.5 V        ; --                        ; Fitter               ;
; rst_n        ; 24    ; 2        ; 0            ; 11           ; 14           ; 406                   ; 0                  ; yes    ; no             ; no            ; yes             ; no       ; Off          ; 2.5 V        ; --                        ; Fitter               ;
+--------------+-------+----------+--------------+--------------+--------------+-----------------------+--------------------+--------+----------------+---------------+-----------------+----------+--------------+--------------+---------------------------+----------------------+


+--------------------------------------------------------------------------------------------------------------------------------------------------------------------------------------------------------------------------------------------------------------------------------------------------------------------------------------------------------------------------------------------------------------------------------------------------------------+
; Output Pins                                                                                                                                                                                                                                                                                                                                                                                                                                                  ;
+-------------+-------+----------+--------------+--------------+--------------+-----------------+------------------------+---------------+-----------+-----------------+------------+---------------+----------+--------------+--------------+------------------+-----------------------------------+---------------------------+----------------------------+-----------------------------+----------------------+----------------------+---------------------+
; Name        ; Pin # ; I/O Bank ; X coordinate ; Y coordinate ; Z coordinate ; Output Register ; Output Enable Register ; Power Up High ; Slew Rate ; PCI I/O Enabled ; Open Drain ; TRI Primitive ; Bus Hold ; Weak Pull Up ; I/O Standard ; Current Strength ; Termination                       ; Termination Control Block ; Output Buffer Pre-emphasis ; Voltage Output Differential ; Location assigned by ; Output Enable Source ; Output Enable Group ;
+-------------+-------+----------+--------------+--------------+--------------+-----------------+------------------------+---------------+-----------+-----------------+------------+---------------+----------+--------------+--------------+------------------+-----------------------------------+---------------------------+----------------------------+-----------------------------+----------------------+----------------------+---------------------+
; led_out[0]  ; 99    ; 6        ; 34           ; 17           ; 14           ; no              ; no                     ; no            ; 2         ; no              ; no         ; no            ; no       ; Off          ; 2.5 V        ; Default          ; Series 50 Ohm without Calibration ; --                        ; no                         ; no                          ; Fitter               ; -                    ; -                   ;
; led_out[1]  ; 114   ; 7        ; 28           ; 24           ; 14           ; no              ; no                     ; no            ; 2         ; no              ; no         ; no            ; no       ; Off          ; 2.5 V        ; Default          ; Series 50 Ohm without Calibration ; --                        ; no                         ; no                          ; Fitter               ; -                    ; -                   ;
; led_out[2]  ; 100   ; 6        ; 34           ; 17           ; 0            ; no              ; no                     ; no            ; 2         ; no              ; no         ; no            ; no       ; Off          ; 2.5 V        ; Default          ; Series 50 Ohm without Calibration ; --                        ; no                         ; no                          ; Fitter               ; -                    ; -                   ;
; led_out[3]  ; 98    ; 6        ; 34           ; 17           ; 21           ; no              ; no                     ; no            ; 2         ; no              ; no         ; no            ; no       ; Off          ; 2.5 V        ; Default          ; Series 50 Ohm without Calibration ; --                        ; no                         ; no                          ; Fitter               ; -                    ; -                   ;
; uart_tx_pin ; 54    ; 4        ; 18           ; 0            ; 21           ; no              ; no                     ; no            ; 2         ; no              ; no         ; no            ; no       ; Off          ; 2.5 V        ; Default          ; Series 50 Ohm without Calibration ; --                        ; no                         ; no                          ; Fitter               ; -                    ; -                   ;
+-------------+-------+----------+--------------+--------------+--------------+-----------------+------------------------+---------------+-----------+-----------------+------------+---------------+----------+--------------+--------------+------------------+-----------------------------------+---------------------------+----------------------------+-----------------------------+----------------------+----------------------+---------------------+


+-------------------------------------------------------------------------------------------------------------------------+
; Dual Purpose and Dedicated Pins                                                                                         ;
+----------+-----------------------------+--------------------------+-------------------------+---------------------------+
; Location ; Pin Name                    ; Reserved As              ; User Signal Name        ; Pin Type                  ;
+----------+-----------------------------+--------------------------+-------------------------+---------------------------+
; 6        ; DIFFIO_L1n, DATA1, ASDO     ; As input tri-stated      ; ~ALTERA_ASDO_DATA1~     ; Dual Purpose Pin          ;
; 8        ; DIFFIO_L2p, FLASH_nCE, nCSO ; As input tri-stated      ; ~ALTERA_FLASH_nCE_nCSO~ ; Dual Purpose Pin          ;
; 9        ; nSTATUS                     ; -                        ; -                       ; Dedicated Programming Pin ;
; 12       ; DCLK                        ; As output driving ground ; ~ALTERA_DCLK~           ; Dual Purpose Pin          ;
; 13       ; DATA0                       ; As input tri-stated      ; ~ALTERA_DATA0~          ; Dual Purpose Pin          ;
; 14       ; nCONFIG                     ; -                        ; -                       ; Dedicated Programming Pin ;
; 21       ; nCE                         ; -                        ; -                       ; Dedicated Programming Pin ;
; 92       ; CONF_DONE                   ; -                        ; -                       ; Dedicated Programming Pin ;
; 94       ; MSEL0                       ; -                        ; -                       ; Dedicated Programming Pin ;
; 96       ; MSEL1                       ; -                        ; -                       ; Dedicated Programming Pin ;
; 97       ; MSEL2                       ; -                        ; -                       ; Dedicated Programming Pin ;
; 97       ; MSEL3                       ; -                        ; -                       ; Dedicated Programming Pin ;
; 98       ; DIFFIO_R4n, INIT_DONE       ; Use as regular IO        ; led_out[3]              ; Dual Purpose Pin          ;
; 99       ; DIFFIO_R4p, CRC_ERROR       ; Use as regular IO        ; led_out[0]              ; Dual Purpose Pin          ;
; 101      ; DIFFIO_R3n, nCEO            ; Use as programming pin   ; ~ALTERA_nCEO~           ; Dual Purpose Pin          ;
; 103      ; DIFFIO_R3p, CLKUSR          ; Use as regular IO        ; debug_sel[0]            ; Dual Purpose Pin          ;
+----------+-----------------------------+--------------------------+-------------------------+---------------------------+


+-----------------------------------------------------------+
; I/O Bank Usage                                            ;
+----------+-----------------+---------------+--------------+
; I/O Bank ; Usage           ; VCCIO Voltage ; VREF Voltage ;
+----------+-----------------+---------------+--------------+
; 1        ; 5 / 11 ( 45 % ) ; 2.5V          ; --           ;
; 2        ; 2 / 8 ( 25 % )  ; 2.5V          ; --           ;
; 3        ; 3 / 11 ( 27 % ) ; 2.5V          ; --           ;
; 4        ; 2 / 14 ( 14 % ) ; 2.5V          ; --           ;
; 5        ; 0 / 13 ( 0 % )  ; 2.5V          ; --           ;
; 6        ; 5 / 10 ( 50 % ) ; 2.5V          ; --           ;
; 7        ; 1 / 13 ( 8 % )  ; 2.5V          ; --           ;
; 8        ; 0 / 12 ( 0 % )  ; 2.5V          ; --           ;
+----------+-----------------+---------------+--------------+


+-----------------------------------------------------------------------------------------------------------------------------------------------------------------------------------------+
; All Package Pins                                                                                                                                                                        ;
+----------+------------+----------+-----------------------------------------------------------+--------+--------------+---------+------------+-----------------+----------+--------------+
; Location ; Pad Number ; I/O Bank ; Pin Name/Usage                                            ; Dir.   ; I/O Standard ; Voltage ; I/O Type   ; User Assignment ; Bus Hold ; Weak Pull Up ;
+----------+------------+----------+-----------------------------------------------------------+--------+--------------+---------+------------+-----------------+----------+--------------+
; 1        ; 0          ; 1        ; RESERVED_INPUT_WITH_WEAK_PULLUP                           ;        ;              ;         ; Row I/O    ;                 ; no       ; On           ;
; 2        ; 1          ; 1        ; RESERVED_INPUT_WITH_WEAK_PULLUP                           ;        ;              ;         ; Row I/O    ;                 ; no       ; On           ;
; 3        ; 2          ; 1        ; RESERVED_INPUT_WITH_WEAK_PULLUP                           ;        ;              ;         ; Row I/O    ;                 ; no       ; On           ;
; 4        ;            ;          ; GND                                                       ; gnd    ;              ;         ; --         ;                 ; --       ; --           ;
; 5        ;            ;          ; VCCINT                                                    ; power  ;              ; 1.2V    ; --         ;                 ; --       ; --           ;
; 6        ; 5          ; 1        ; ~ALTERA_ASDO_DATA1~ / RESERVED_INPUT_WITH_WEAK_PULLUP     ; input  ; 2.5 V        ;         ; Row I/O    ; N               ; no       ; On           ;
; 7        ; 6          ; 1        ; RESERVED_INPUT_WITH_WEAK_PULLUP                           ;        ;              ;         ; Row I/O    ;                 ; --       ; --           ;
; 8        ; 7          ; 1        ; ~ALTERA_FLASH_nCE_nCSO~ / RESERVED_INPUT_WITH_WEAK_PULLUP ; input  ; 2.5 V        ;         ; Row I/O    ; N               ; no       ; On           ;
; 9        ; 9          ; 1        ; ^nSTATUS                                                  ;        ;              ;         ; --         ;                 ; --       ; --           ;
; 10       ; 13         ; 1        ; RESERVED_INPUT_WITH_WEAK_PULLUP                           ;        ;              ;         ; Row I/O    ;                 ; no       ; On           ;
; 11       ; 14         ; 1        ; RESERVED_INPUT_WITH_WEAK_PULLUP                           ;        ;              ;         ; Row I/O    ;                 ; no       ; On           ;
; 12       ; 15         ; 1        ; ~ALTERA_DCLK~                                             ; output ; 2.5 V        ;         ; Row I/O    ; N               ; no       ; On           ;
; 13       ; 16         ; 1        ; ~ALTERA_DATA0~ / RESERVED_INPUT_WITH_WEAK_PULLUP          ; input  ; 2.5 V        ;         ; Row I/O    ; N               ; no       ; On           ;
; 14       ; 17         ; 1        ; ^nCONFIG                                                  ;        ;              ;         ; --         ;                 ; --       ; --           ;
; 15       ; 18         ; 1        ; #TDI                                                      ; input  ;              ;         ; --         ;                 ; --       ; --           ;
; 16       ; 19         ; 1        ; #TCK                                                      ; input  ;              ;         ; --         ;                 ; --       ; --           ;
; 17       ;            ; 1        ; VCCIO1                                                    ; power  ;              ; 2.5V    ; --         ;                 ; --       ; --           ;
; 18       ; 20         ; 1        ; #TMS                                                      ; input  ;              ;         ; --         ;                 ; --       ; --           ;
; 19       ;            ;          ; GND                                                       ; gnd    ;              ;         ; --         ;                 ; --       ; --           ;
; 20       ; 21         ; 1        ; #TDO                                                      ; output ;              ;         ; --         ;                 ; --       ; --           ;
; 21       ; 22         ; 1        ; ^nCE                                                      ;        ;              ;         ; --         ;                 ; --       ; --           ;
; 22       ;            ;          ; GND                                                       ; gnd    ;              ;         ; --         ;                 ; --       ; --           ;
; 23       ; 24         ; 1        ; clk                                                       ; input  ; 2.5 V        ;         ; Row I/O    ; N               ; no       ; Off          ;
; 24       ; 25         ; 2        ; rst_n                                                     ; input  ; 2.5 V        ;         ; Row I/O    ; N               ; no       ; Off          ;
; 25       ; 26         ; 2        ; debug_sel[1]                                              ; input  ; 2.5 V        ;         ; Row I/O    ; N               ; no       ; Off          ;
; 26       ;            ; 2        ; VCCIO2                                                    ; power  ;              ; 2.5V    ; --         ;                 ; --       ; --           ;
; 27       ;            ;          ; GND                                                       ; gnd    ;              ;         ; --         ;                 ; --       ; --           ;
; 28       ; 31         ; 2        ; RESERVED_INPUT_WITH_WEAK_PULLUP                           ;        ;              ;         ; Row I/O    ;                 ; no       ; On           ;
; 29       ;            ;          ; VCCINT                                                    ; power  ;              ; 1.2V    ; --         ;                 ; --       ; --           ;
; 30       ; 34         ; 2        ; RESERVED_INPUT_WITH_WEAK_PULLUP                           ;        ;              ;         ; Row I/O    ;                 ; no       ; On           ;
; 31       ; 36         ; 2        ; RESERVED_INPUT_WITH_WEAK_PULLUP                           ;        ;              ;         ; Row I/O    ;                 ; --       ; --           ;
; 32       ; 39         ; 2        ; RESERVED_INPUT_WITH_WEAK_PULLUP                           ;        ;              ;         ; Row I/O    ;                 ; no       ; On           ;
; 33       ; 40         ; 2        ; RESERVED_INPUT_WITH_WEAK_PULLUP                           ;        ;              ;         ; Row I/O    ;                 ; no       ; On           ;
; 34       ; 41         ; 2        ; RESERVED_INPUT_WITH_WEAK_PULLUP                           ;        ;              ;         ; Row I/O    ;                 ; no       ; On           ;
; 35       ;            ; --       ; VCCA1                                                     ; power  ;              ; 2.5V    ; --         ;                 ; --       ; --           ;
; 36       ;            ;          ; GNDA1                                                     ; gnd    ;              ;         ; --         ;                 ; --       ; --           ;
; 37       ;            ;          ; VCCD_PLL1                                                 ; power  ;              ; 1.2V    ; --         ;                 ; --       ; --           ;
; 38       ; 45         ; 3        ; RESERVED_INPUT_WITH_WEAK_PULLUP                           ;        ;              ;         ; Column I/O ;                 ; no       ; On           ;
; 39       ; 46         ; 3        ; RESERVED_INPUT_WITH_WEAK_PULLUP                           ;        ;              ;         ; Column I/O ;                 ; no       ; On           ;
; 40       ;            ; 3        ; VCCIO3                                                    ; power  ;              ; 2.5V    ; --         ;                 ; --       ; --           ;
; 41       ;            ;          ; GND                                                       ; gnd    ;              ;         ; --         ;                 ; --       ; --           ;
; 42       ; 52         ; 3        ; RESERVED_INPUT_WITH_WEAK_PULLUP                           ;        ;              ;         ; Column I/O ;                 ; no       ; On           ;
; 43       ; 53         ; 3        ; RESERVED_INPUT_WITH_WEAK_PULLUP                           ;        ;              ;         ; Column I/O ;                 ; no       ; On           ;
; 44       ; 54         ; 3        ; RESERVED_INPUT_WITH_WEAK_PULLUP                           ;        ;              ;         ; Column I/O ;                 ; no       ; On           ;
; 45       ;            ;          ; VCCINT                                                    ; power  ;              ; 1.2V    ; --         ;                 ; --       ; --           ;
; 46       ; 58         ; 3        ; RESERVED_INPUT_WITH_WEAK_PULLUP                           ;        ;              ;         ; Column I/O ;                 ; --       ; --           ;
; 47       ;            ; 3        ; VCCIO3                                                    ; power  ;              ; 2.5V    ; --         ;                 ; --       ; --           ;
; 48       ;            ;          ; GND                                                       ; gnd    ;              ;         ; --         ;                 ; --       ; --           ;
; 49       ; 68         ; 3        ; RESERVED_INPUT_WITH_WEAK_PULLUP                           ;        ;              ;         ; Column I/O ;                 ; no       ; On           ;
; 50       ; 69         ; 3        ; RESERVED_INPUT_WITH_WEAK_PULLUP                           ;        ;              ;         ; Column I/O ;                 ; no       ; On           ;
; 51       ; 70         ; 3        ; key_in[3]                                                 ; input  ; 2.5 V        ;         ; Column I/O ; N               ; no       ; Off          ;
; 52       ; 72         ; 3        ; key_in[1]                                                 ; input  ; 2.5 V        ;         ; Column I/O ; N               ; no       ; Off          ;
; 53       ; 73         ; 3        ; key_in[2]                                                 ; input  ; 2.5 V        ;         ; Column I/O ; N               ; no       ; Off          ;
; 54       ; 74         ; 4        ; uart_tx_pin                                               ; output ; 2.5 V        ;         ; Column I/O ; N               ; no       ; Off          ;
; 55       ; 75         ; 4        ; key_in[0]                                                 ; input  ; 2.5 V        ;         ; Column I/O ; N               ; no       ; Off          ;
; 56       ;            ; 4        ; VCCIO4                                                    ; power  ;              ; 2.5V    ; --         ;                 ; --       ; --           ;
; 57       ;            ;          ; GND                                                       ; gnd    ;              ;         ; --         ;                 ; --       ; --           ;
; 58       ; 80         ; 4        ; RESERVED_INPUT_WITH_WEAK_PULLUP                           ;        ;              ;         ; Column I/O ;                 ; no       ; On           ;
; 59       ; 83         ; 4        ; RESERVED_INPUT_WITH_WEAK_PULLUP                           ;        ;              ;         ; Column I/O ;                 ; no       ; On           ;
; 60       ; 84         ; 4        ; RESERVED_INPUT_WITH_WEAK_PULLUP                           ;        ;              ;         ; Column I/O ;                 ; no       ; On           ;
; 61       ;            ;          ; VCCINT                                                    ; power  ;              ; 1.2V    ; --         ;                 ; --       ; --           ;
; 62       ;            ; 4        ; VCCIO4                                                    ; power  ;              ; 2.5V    ; --         ;                 ; --       ; --           ;
; 63       ;            ;          ; GND                                                       ; gnd    ;              ;         ; --         ;                 ; --       ; --           ;
; 64       ; 89         ; 4        ; RESERVED_INPUT_WITH_WEAK_PULLUP                           ;        ;              ;         ; Column I/O ;                 ; no       ; On           ;
; 65       ; 90         ; 4        ; RESERVED_INPUT_WITH_WEAK_PULLUP                           ;        ;              ;         ; Column I/O ;                 ; --       ; --           ;
; 66       ; 93         ; 4        ; RESERVED_INPUT_WITH_WEAK_PULLUP                           ;        ;              ;         ; Column I/O ;                 ; no       ; On           ;
; 67       ; 94         ; 4        ; RESERVED_INPUT_WITH_WEAK_PULLUP                           ;        ;              ;         ; Column I/O ;                 ; no       ; On           ;
; 68       ; 96         ; 4        ; RESERVED_INPUT_WITH_WEAK_PULLUP                           ;        ;              ;         ; Column I/O ;                 ; no       ; On           ;
; 69       ; 97         ; 4        ; RESERVED_INPUT_WITH_WEAK_PULLUP                           ;        ;              ;         ; Column I/O ;                 ; no       ; On           ;
; 70       ; 98         ; 4        ; RESERVED_INPUT_WITH_WEAK_PULLUP                           ;        ;              ;         ; Column I/O ;                 ; no       ; On           ;
; 71       ; 99         ; 4        ; RESERVED_INPUT_WITH_WEAK_PULLUP                           ;        ;              ;         ; Column I/O ;                 ; no       ; On           ;
; 72       ; 100        ; 4        ; RESERVED_INPUT_WITH_WEAK_PULLUP                           ;        ;              ;         ; Column I/O ;                 ; no       ; On           ;
; 73       ; 102        ; 5        ; RESERVED_INPUT_WITH_WEAK_PULLUP                           ;        ;              ;         ; Row I/O    ;                 ; no       ; On           ;
; 74       ; 103        ; 5        ; RESERVED_INPUT_WITH_WEAK_PULLUP                           ;        ;              ;         ; Row I/O    ;                 ; no       ; On           ;
; 75       ; 104        ; 5        ; RESERVED_INPUT_WITH_WEAK_PULLUP                           ;        ;              ;         ; Row I/O    ;                 ; no       ; On           ;
; 76       ; 106        ; 5        ; RESERVED_INPUT_WITH_WEAK_PULLUP                           ;        ;              ;         ; Row I/O    ;                 ; no       ; On           ;
; 77       ; 107        ; 5        ; RESERVED_INPUT_WITH_WEAK_PULLUP                           ;        ;              ;         ; Row I/O    ;                 ; no       ; On           ;
; 78       ;            ;          ; VCCINT                                                    ; power  ;              ; 1.2V    ; --         ;                 ; --       ; --           ;
; 79       ;            ;          ; GND                                                       ; gnd    ;              ;         ; --         ;                 ; --       ; --           ;
; 80       ; 113        ; 5        ; RESERVED_INPUT_WITH_WEAK_PULLUP                           ;        ;              ;         ; Row I/O    ;                 ; --       ; --           ;
; 81       ;            ; 5        ; VCCIO5                                                    ; power  ;              ; 2.5V    ; --         ;                 ; --       ; --           ;
; 82       ;            ;          ; GND                                                       ; gnd    ;              ;         ; --         ;                 ; --       ; --           ;
; 83       ; 117        ; 5        ; RESERVED_INPUT_WITH_WEAK_PULLUP                           ;        ;              ;         ; Row I/O    ;                 ; no       ; On           ;
; 84       ; 118        ; 5        ; RESERVED_INPUT_WITH_WEAK_PULLUP                           ;        ;              ;         ; Row I/O    ;                 ; no       ; On           ;
; 85       ; 119        ; 5        ; RESERVED_INPUT_WITH_WEAK_PULLUP                           ;        ;              ;         ; Row I/O    ;                 ; no       ; On           ;
; 86       ; 120        ; 5        ; RESERVED_INPUT_WITH_WEAK_PULLUP                           ;        ;              ;         ; Row I/O    ;                 ; no       ; On           ;
; 87       ; 121        ; 5        ; RESERVED_INPUT_WITH_WEAK_PULLUP                           ;        ;              ;         ; Row I/O    ;                 ; no       ; On           ;
; 88       ; 125        ; 5        ; GND+                                                      ;        ;              ;         ; Row I/O    ;                 ; --       ; --           ;
; 89       ; 126        ; 5        ; GND+                                                      ;        ;              ;         ; Row I/O    ;                 ; --       ; --           ;
; 90       ; 127        ; 6        ; GND+                                                      ;        ;              ;         ; Row I/O    ;                 ; --       ; --           ;
; 91       ; 128        ; 6        ; GND+                                                      ;        ;              ;         ; Row I/O    ;                 ; --       ; --           ;
; 92       ; 129        ; 6        ; ^CONF_DONE                                                ;        ;              ;         ; --         ;                 ; --       ; --           ;
; 93       ;            ; 6        ; VCCIO6                                                    ; power  ;              ; 2.5V    ; --         ;                 ; --       ; --           ;
; 94       ; 130        ; 6        ; ^MSEL0                                                    ;        ;              ;         ; --         ;                 ; --       ; --           ;
; 95       ;            ;          ; GND                                                       ; gnd    ;              ;         ; --         ;                 ; --       ; --           ;
; 96       ; 131        ; 6        ; ^MSEL1                                                    ;        ;              ;         ; --         ;                 ; --       ; --           ;
; 97       ; 132        ; 6        ; ^MSEL2                                                    ;        ;              ;         ; --         ;                 ; --       ; --           ;
; 97       ; 133        ; 6        ; ^MSEL3                                                    ;        ;              ;         ; --         ;                 ; --       ; --           ;
; 98       ; 136        ; 6        ; led_out[3]                                                ; output ; 2.5 V        ;         ; Row I/O    ; N               ; no       ; Off          ;
; 99       ; 137        ; 6        ; led_out[0]                                                ; output ; 2.5 V        ;         ; Row I/O    ; N               ; no       ; Off          ;
; 100      ; 138        ; 6        ; led_out[2]                                                ; output ; 2.5 V        ;         ; Row I/O    ; N               ; no       ; Off          ;
; 101      ; 139        ; 6        ; ~ALTERA_nCEO~ / RESERVED_OUTPUT_OPEN_DRAIN                ; output ; 2.5 V        ;         ; Row I/O    ; N               ; no       ; Off          ;
; 102      ;            ;          ; VCCINT                                                    ; power  ;              ; 1.2V    ; --         ;                 ; --       ; --           ;
; 103      ; 140        ; 6        ; debug_sel[0]                                              ; input  ; 2.5 V        ;         ; Row I/O    ; N               ; no       ; Off          ;
; 104      ; 141        ; 6        ; RESERVED_INPUT_WITH_WEAK_PULLUP                           ;        ;              ;         ; Row I/O    ;                 ; no       ; On           ;
; 105      ; 142        ; 6        ; RESERVED_INPUT_WITH_WEAK_PULLUP                           ;        ;              ;         ; Row I/O    ;                 ; --       ; --           ;
; 106      ; 146        ; 6        ; RESERVED_INPUT_WITH_WEAK_PULLUP                           ;        ;              ;         ; Row I/O    ;                 ; no       ; On           ;
; 107      ;            ; --       ; VCCA2                                                     ; power  ;              ; 2.5V    ; --         ;                 ; --       ; --           ;
; 108      ;            ;          ; GNDA2                                                     ; gnd    ;              ;         ; --         ;                 ; --       ; --           ;
; 109      ;            ;          ; VCCD_PLL2                                                 ; power  ;              ; 1.2V    ; --         ;                 ; --       ; --           ;
; 110      ; 152        ; 7        ; RESERVED_INPUT_WITH_WEAK_PULLUP                           ;        ;              ;         ; Column I/O ;                 ; no       ; On           ;
; 111      ; 154        ; 7        ; RESERVED_INPUT_WITH_WEAK_PULLUP                           ;        ;              ;         ; Column I/O ;                 ; no       ; On           ;
; 112      ; 155        ; 7        ; RESERVED_INPUT_WITH_WEAK_PULLUP                           ;        ;              ;         ; Column I/O ;                 ; no       ; On           ;
; 113      ; 156        ; 7        ; RESERVED_INPUT_WITH_WEAK_PULLUP                           ;        ;              ;         ; Column I/O ;                 ; no       ; On           ;
; 114      ; 157        ; 7        ; led_out[1]                                                ; output ; 2.5 V        ;         ; Column I/O ; N               ; no       ; Off          ;
; 115      ; 158        ; 7        ; RESERVED_INPUT_WITH_WEAK_PULLUP                           ;        ;              ;         ; Column I/O ;                 ; no       ; On           ;
; 116      ;            ;          ; VCCINT                                                    ; power  ;              ; 1.2V    ; --         ;                 ; --       ; --           ;
; 117      ;            ; 7        ; VCCIO7                                                    ; power  ;              ; 2.5V    ; --         ;                 ; --       ; --           ;
; 118      ;            ;          ; GND                                                       ; gnd    ;              ;         ; --         ;                 ; --       ; --           ;
; 119      ; 163        ; 7        ; RESERVED_INPUT_WITH_WEAK_PULLUP                           ;        ;              ;         ; Column I/O ;                 ; --       ; --           ;
; 120      ; 164        ; 7        ; RESERVED_INPUT_WITH_WEAK_PULLUP                           ;        ;              ;         ; Column I/O ;                 ; no       ; On           ;
; 121      ; 165        ; 7        ; RESERVED_INPUT_WITH_WEAK_PULLUP                           ;        ;              ;         ; Column I/O ;                 ; no       ; On           ;
; 122      ;            ; 7        ; VCCIO7                                                    ; power  ;              ; 2.5V    ; --         ;                 ; --       ; --           ;
; 123      ;            ;          ; GND                                                       ; gnd    ;              ;         ; --         ;                 ; --       ; --           ;
; 124      ; 173        ; 7        ; RESERVED_INPUT_WITH_WEAK_PULLUP                           ;        ;              ;         ; Column I/O ;                 ; no       ; On           ;
; 125      ; 174        ; 7        ; RESERVED_INPUT_WITH_WEAK_PULLUP                           ;        ;              ;         ; Column I/O ;                 ; no       ; On           ;
; 126      ; 175        ; 7        ; RESERVED_INPUT_WITH_WEAK_PULLUP                           ;        ;              ;         ; Column I/O ;                 ; no       ; On           ;
; 127      ; 176        ; 7        ; RESERVED_INPUT_WITH_WEAK_PULLUP                           ;        ;              ;         ; Column I/O ;                 ; no       ; On           ;
; 128      ; 177        ; 8        ; RESERVED_INPUT_WITH_WEAK_PULLUP                           ;        ;              ;         ; Column I/O ;                 ; no       ; On           ;
; 129      ; 178        ; 8        ; RESERVED_INPUT_WITH_WEAK_PULLUP                           ;        ;              ;         ; Column I/O ;                 ; no       ; On           ;
; 130      ;            ; 8        ; VCCIO8                                                    ; power  ;              ; 2.5V    ; --         ;                 ; --       ; --           ;
; 131      ;            ;          ; GND                                                       ; gnd    ;              ;         ; --         ;                 ; --       ; --           ;
; 132      ; 181        ; 8        ; RESERVED_INPUT_WITH_WEAK_PULLUP                           ;        ;              ;         ; Column I/O ;                 ; no       ; On           ;
; 133      ; 182        ; 8        ; RESERVED_INPUT_WITH_WEAK_PULLUP                           ;        ;              ;         ; Column I/O ;                 ; no       ; On           ;
; 134      ;            ;          ; VCCINT                                                    ; power  ;              ; 1.2V    ; --         ;                 ; --       ; --           ;
; 135      ; 185        ; 8        ; RESERVED_INPUT_WITH_WEAK_PULLUP                           ;        ;              ;         ; Column I/O ;                 ; no       ; On           ;
; 136      ; 187        ; 8        ; RESERVED_INPUT_WITH_WEAK_PULLUP                           ;        ;              ;         ; Column I/O ;                 ; --       ; --           ;
; 137      ; 190        ; 8        ; RESERVED_INPUT_WITH_WEAK_PULLUP                           ;        ;              ;         ; Column I/O ;                 ; no       ; On           ;
; 138      ; 191        ; 8        ; RESERVED_INPUT_WITH_WEAK_PULLUP                           ;        ;              ;         ; Column I/O ;                 ; no       ; On           ;
; 139      ;            ; 8        ; VCCIO8                                                    ; power  ;              ; 2.5V    ; --         ;                 ; --       ; --           ;
; 140      ;            ;          ; GND                                                       ; gnd    ;              ;         ; --         ;                 ; --       ; --           ;
; 141      ; 195        ; 8        ; RESERVED_INPUT_WITH_WEAK_PULLUP                           ;        ;              ;         ; Column I/O ;                 ; no       ; On           ;
; 142      ; 201        ; 8        ; RESERVED_INPUT_WITH_WEAK_PULLUP                           ;        ;              ;         ; Column I/O ;                 ; no       ; On           ;
; 143      ; 202        ; 8        ; RESERVED_INPUT_WITH_WEAK_PULLUP                           ;        ;              ;         ; Column I/O ;                 ; no       ; On           ;
; 144      ; 203        ; 8        ; RESERVED_INPUT_WITH_WEAK_PULLUP                           ;        ;              ;         ; Column I/O ;                 ; no       ; On           ;
; EPAD     ;            ;          ; GND                                                       ;        ;              ;         ; --         ;                 ; --       ; --           ;
+----------+------------+----------+-----------------------------------------------------------+--------+--------------+---------+------------+-----------------+----------+--------------+
Note: Pin directions (input, output or bidir) are based on device operating in user mode.


+----------------------------------------------------------------------------------------------------------------------------------------------------------------------------------------------------------------------------------------------------------------------------------------------------------------------------------------------------------------------------------------------------+
; Fitter Resource Utilization by Entity                                                                                                                                                                                                                                                                                                                                                              ;
+-------------------------------------------------+-------------+---------------------------+---------------+-------------+------+--------------+---------+-----------+------+--------------+--------------+-------------------+------------------+-----------------------------------------------------------------------------------------------------------------------------------+--------------+
; Compilation Hierarchy Node                      ; Logic Cells ; Dedicated Logic Registers ; I/O Registers ; Memory Bits ; M9Ks ; DSP Elements ; DSP 9x9 ; DSP 18x18 ; Pins ; Virtual Pins ; LUT-Only LCs ; Register-Only LCs ; LUT/Register LCs ; Full Hierarchy Name                                                                                                               ; Library Name ;
+-------------------------------------------------+-------------+---------------------------+---------------+-------------+------+--------------+---------+-----------+------+--------------+--------------+-------------------+------------------+-----------------------------------------------------------------------------------------------------------------------------------+--------------+
; |CPU_Top_Wrapper                                ; 4453 (9)    ; 1511 (0)                  ; 0 (0)         ; 98304       ; 12   ; 8            ; 0       ; 4         ; 13   ; 0            ; 2942 (9)     ; 797 (0)           ; 714 (0)          ; |CPU_Top_Wrapper                                                                                                                  ; work         ;
;    |Bus_Decoder:U_BUS_DECODER|                  ; 20 (20)     ; 0 (0)                     ; 0 (0)         ; 0           ; 0    ; 0            ; 0       ; 0         ; 0    ; 0            ; 18 (18)      ; 0 (0)             ; 2 (2)            ; |CPU_Top_Wrapper|Bus_Decoder:U_BUS_DECODER                                                                                        ; work         ;
;    |CPU_FPGA:U_CPU|                             ; 4295 (32)   ; 1441 (0)                  ; 0 (0)         ; 65536       ; 8    ; 8            ; 0       ; 4         ; 0    ; 0            ; 2854 (31)    ; 795 (0)           ; 646 (1)          ; |CPU_Top_Wrapper|CPU_FPGA:U_CPU                                                                                                   ; work         ;
;       |EX_Stage:U_STAGE_EX|                     ; 1610 (321)  ; 184 (0)                   ; 0 (0)         ; 0           ; 0    ; 8            ; 0       ; 4         ; 0    ; 0            ; 1408 (298)   ; 29 (0)            ; 173 (34)         ; |CPU_Top_Wrapper|CPU_FPGA:U_CPU|EX_Stage:U_STAGE_EX                                                                               ; work         ;
;          |ALU:U_ALU|                            ; 661 (661)   ; 0 (0)                     ; 0 (0)         ; 0           ; 0    ; 0            ; 0       ; 0         ; 0    ; 0            ; 654 (654)    ; 0 (0)             ; 7 (7)            ; |CPU_Top_Wrapper|CPU_FPGA:U_CPU|EX_Stage:U_STAGE_EX|ALU:U_ALU                                                                     ; work         ;
;          |EX_MEM_Register:U_EX_MEM|             ; 97 (97)     ; 75 (75)                   ; 0 (0)         ; 0           ; 0    ; 0            ; 0       ; 0         ; 0    ; 0            ; 21 (21)      ; 29 (29)           ; 47 (47)          ; |CPU_Top_Wrapper|CPU_FPGA:U_CPU|EX_Stage:U_STAGE_EX|EX_MEM_Register:U_EX_MEM                                                      ; work         ;
;          |Forwarding_Unit:U_FWD|                ; 20 (20)     ; 0 (0)                     ; 0 (0)         ; 0           ; 0    ; 0            ; 0       ; 0         ; 0    ; 0            ; 7 (7)        ; 0 (0)             ; 13 (13)          ; |CPU_Top_Wrapper|CPU_FPGA:U_CPU|EX_Stage:U_STAGE_EX|Forwarding_Unit:U_FWD                                                         ; work         ;
;          |M_Extension_Unit:U_M_EXT|             ; 537 (445)   ; 109 (109)                 ; 0 (0)         ; 0           ; 0    ; 8            ; 0       ; 4         ; 0    ; 0            ; 428 (336)    ; 0 (0)             ; 109 (109)        ; |CPU_Top_Wrapper|CPU_FPGA:U_CPU|EX_Stage:U_STAGE_EX|M_Extension_Unit:U_M_EXT                                                      ; work         ;
;             |lpm_mult:Mult0|                    ; 92 (0)      ; 0 (0)                     ; 0 (0)         ; 0           ; 0    ; 8            ; 0       ; 4         ; 0    ; 0            ; 92 (0)       ; 0 (0)             ; 0 (0)            ; |CPU_Top_Wrapper|CPU_FPGA:U_CPU|EX_Stage:U_STAGE_EX|M_Extension_Unit:U_M_EXT|lpm_mult:Mult0                                       ; work         ;
;                |mult_86t:auto_generated|        ; 92 (92)     ; 0 (0)                     ; 0 (0)         ; 0           ; 0    ; 8            ; 0       ; 4         ; 0    ; 0            ; 92 (92)      ; 0 (0)             ; 0 (0)            ; |CPU_Top_Wrapper|CPU_FPGA:U_CPU|EX_Stage:U_STAGE_EX|M_Extension_Unit:U_M_EXT|lpm_mult:Mult0|mult_86t:auto_generated               ; work         ;
;       |Hazard_Unit:U_HAZARD|                    ; 9 (9)       ; 0 (0)                     ; 0 (0)         ; 0           ; 0    ; 0            ; 0       ; 0         ; 0    ; 0            ; 9 (9)        ; 0 (0)             ; 0 (0)            ; |CPU_Top_Wrapper|CPU_FPGA:U_CPU|Hazard_Unit:U_HAZARD                                                                              ; work         ;
;       |ID_Stage:U_STAGE_ID|                     ; 2335 (0)    ; 1129 (0)                  ; 0 (0)         ; 0           ; 0    ; 0            ; 0       ; 0         ; 0    ; 0            ; 1206 (0)     ; 761 (0)           ; 368 (0)          ; |CPU_Top_Wrapper|CPU_FPGA:U_CPU|ID_Stage:U_STAGE_ID                                                                               ; work         ;
;          |Control_Unit:U_CONTROL|               ; 22 (22)     ; 0 (0)                     ; 0 (0)         ; 0           ; 0    ; 0            ; 0       ; 0         ; 0    ; 0            ; 22 (22)      ; 0 (0)             ; 0 (0)            ; |CPU_Top_Wrapper|CPU_FPGA:U_CPU|ID_Stage:U_STAGE_ID|Control_Unit:U_CONTROL                                                        ; work         ;
;          |ID_EX_Register:U_ID_EX|               ; 1302 (1302) ; 137 (137)                 ; 0 (0)         ; 0           ; 0    ; 0            ; 0       ; 0         ; 0    ; 0            ; 958 (958)    ; 2 (2)             ; 342 (342)        ; |CPU_Top_Wrapper|CPU_FPGA:U_CPU|ID_Stage:U_STAGE_ID|ID_EX_Register:U_ID_EX                                                        ; work         ;
;          |ImmGen:U_IMMGEN|                      ; 3 (3)       ; 0 (0)                     ; 0 (0)         ; 0           ; 0    ; 0            ; 0       ; 0         ; 0    ; 0            ; 2 (2)        ; 0 (0)             ; 1 (1)            ; |CPU_Top_Wrapper|CPU_FPGA:U_CPU|ID_Stage:U_STAGE_ID|ImmGen:U_IMMGEN                                                               ; work         ;
;          |RegFile:U_REGFILE|                    ; 1216 (1216) ; 992 (992)                 ; 0 (0)         ; 0           ; 0    ; 0            ; 0       ; 0         ; 0    ; 0            ; 224 (224)    ; 759 (759)         ; 233 (233)        ; |CPU_Top_Wrapper|CPU_FPGA:U_CPU|ID_Stage:U_STAGE_ID|RegFile:U_REGFILE                                                             ; work         ;
;       |IF_Stage:U_STAGE_IF|                     ; 78 (0)      ; 56 (0)                    ; 0 (0)         ; 32768       ; 4    ; 0            ; 0       ; 0         ; 0    ; 0            ; 22 (0)       ; 0 (0)             ; 56 (0)           ; |CPU_Top_Wrapper|CPU_FPGA:U_CPU|IF_Stage:U_STAGE_IF                                                                               ; work         ;
;          |IF_ID_Register:U_IF_ID|               ; 45 (45)     ; 44 (44)                   ; 0 (0)         ; 0           ; 0    ; 0            ; 0       ; 0         ; 0    ; 0            ; 1 (1)        ; 0 (0)             ; 44 (44)          ; |CPU_Top_Wrapper|CPU_FPGA:U_CPU|IF_Stage:U_STAGE_IF|IF_ID_Register:U_IF_ID                                                        ; work         ;
;          |Instruction_Memory:U_IMEM|            ; 0 (0)       ; 0 (0)                     ; 0 (0)         ; 32768       ; 4    ; 0            ; 0       ; 0         ; 0    ; 0            ; 0 (0)        ; 0 (0)             ; 0 (0)            ; |CPU_Top_Wrapper|CPU_FPGA:U_CPU|IF_Stage:U_STAGE_IF|Instruction_Memory:U_IMEM                                                     ; work         ;
;             |altsyncram:ram_rtl_0|              ; 0 (0)       ; 0 (0)                     ; 0 (0)         ; 32768       ; 4    ; 0            ; 0       ; 0         ; 0    ; 0            ; 0 (0)        ; 0 (0)             ; 0 (0)            ; |CPU_Top_Wrapper|CPU_FPGA:U_CPU|IF_Stage:U_STAGE_IF|Instruction_Memory:U_IMEM|altsyncram:ram_rtl_0                                ; work         ;
;                |altsyncram_9b81:auto_generated| ; 0 (0)       ; 0 (0)                     ; 0 (0)         ; 32768       ; 4    ; 0            ; 0       ; 0         ; 0    ; 0            ; 0 (0)        ; 0 (0)             ; 0 (0)            ; |CPU_Top_Wrapper|CPU_FPGA:U_CPU|IF_Stage:U_STAGE_IF|Instruction_Memory:U_IMEM|altsyncram:ram_rtl_0|altsyncram_9b81:auto_generated ; work         ;
;          |Program_Counter:U_PC|                 ; 33 (33)     ; 12 (12)                   ; 0 (0)         ; 0           ; 0    ; 0            ; 0       ; 0         ; 0    ; 0            ; 21 (21)      ; 0 (0)             ; 12 (12)          ; |CPU_Top_Wrapper|CPU_FPGA:U_CPU|IF_Stage:U_STAGE_IF|Program_Counter:U_PC                                                          ; work         ;
;       |MEM_Stage:U_STAGE_MEM|                   ; 254 (0)     ; 72 (0)                    ; 0 (0)         ; 32768       ; 4    ; 0            ; 0       ; 0         ; 0    ; 0            ; 178 (0)      ; 5 (0)             ; 71 (0)           ; |CPU_Top_Wrapper|CPU_FPGA:U_CPU|MEM_Stage:U_STAGE_MEM                                                                             ; work         ;
;          |Data_Memory:U_DMEM|                   ; 170 (170)   ; 1 (1)                     ; 0 (0)         ; 32768       ; 4    ; 0            ; 0       ; 0         ; 0    ; 0            ; 167 (167)    ; 1 (1)             ; 2 (2)            ; |CPU_Top_Wrapper|CPU_FPGA:U_CPU|MEM_Stage:U_STAGE_MEM|Data_Memory:U_DMEM                                                          ; work         ;
;             |altsyncram:ram[0][15]__3|          ; 0 (0)       ; 0 (0)                     ; 0 (0)         ; 8192        ; 1    ; 0            ; 0       ; 0         ; 0    ; 0            ; 0 (0)        ; 0 (0)             ; 0 (0)            ; |CPU_Top_Wrapper|CPU_FPGA:U_CPU|MEM_Stage:U_STAGE_MEM|Data_Memory:U_DMEM|altsyncram:ram[0][15]__3                                 ; work         ;
;                |altsyncram_1f81:auto_generated| ; 0 (0)       ; 0 (0)                     ; 0 (0)         ; 8192        ; 1    ; 0            ; 0       ; 0         ; 0    ; 0            ; 0 (0)        ; 0 (0)             ; 0 (0)            ; |CPU_Top_Wrapper|CPU_FPGA:U_CPU|MEM_Stage:U_STAGE_MEM|Data_Memory:U_DMEM|altsyncram:ram[0][15]__3|altsyncram_1f81:auto_generated  ; work         ;
;             |altsyncram:ram[0][23]__2|          ; 0 (0)       ; 0 (0)                     ; 0 (0)         ; 8192        ; 1    ; 0            ; 0       ; 0         ; 0    ; 0            ; 0 (0)        ; 0 (0)             ; 0 (0)            ; |CPU_Top_Wrapper|CPU_FPGA:U_CPU|MEM_Stage:U_STAGE_MEM|Data_Memory:U_DMEM|altsyncram:ram[0][23]__2                                 ; work         ;
;                |altsyncram_1f81:auto_generated| ; 0 (0)       ; 0 (0)                     ; 0 (0)         ; 8192        ; 1    ; 0            ; 0       ; 0         ; 0    ; 0            ; 0 (0)        ; 0 (0)             ; 0 (0)            ; |CPU_Top_Wrapper|CPU_FPGA:U_CPU|MEM_Stage:U_STAGE_MEM|Data_Memory:U_DMEM|altsyncram:ram[0][23]__2|altsyncram_1f81:auto_generated  ; work         ;
;             |altsyncram:ram[0][31]__1|          ; 0 (0)       ; 0 (0)                     ; 0 (0)         ; 8192        ; 1    ; 0            ; 0       ; 0         ; 0    ; 0            ; 0 (0)        ; 0 (0)             ; 0 (0)            ; |CPU_Top_Wrapper|CPU_FPGA:U_CPU|MEM_Stage:U_STAGE_MEM|Data_Memory:U_DMEM|altsyncram:ram[0][31]__1                                 ; work         ;
;                |altsyncram_1f81:auto_generated| ; 0 (0)       ; 0 (0)                     ; 0 (0)         ; 8192        ; 1    ; 0            ; 0       ; 0         ; 0    ; 0            ; 0 (0)        ; 0 (0)             ; 0 (0)            ; |CPU_Top_Wrapper|CPU_FPGA:U_CPU|MEM_Stage:U_STAGE_MEM|Data_Memory:U_DMEM|altsyncram:ram[0][31]__1|altsyncram_1f81:auto_generated  ; work         ;
;             |altsyncram:ram[0][7]__4|           ; 0 (0)       ; 0 (0)                     ; 0 (0)         ; 8192        ; 1    ; 0            ; 0       ; 0         ; 0    ; 0            ; 0 (0)        ; 0 (0)             ; 0 (0)            ; |CPU_Top_Wrapper|CPU_FPGA:U_CPU|MEM_Stage:U_STAGE_MEM|Data_Memory:U_DMEM|altsyncram:ram[0][7]__4                                  ; work         ;
;                |altsyncram_1f81:auto_generated| ; 0 (0)       ; 0 (0)                     ; 0 (0)         ; 8192        ; 1    ; 0            ; 0       ; 0         ; 0    ; 0            ; 0 (0)        ; 0 (0)             ; 0 (0)            ; |CPU_Top_Wrapper|CPU_FPGA:U_CPU|MEM_Stage:U_STAGE_MEM|Data_Memory:U_DMEM|altsyncram:ram[0][7]__4|altsyncram_1f81:auto_generated   ; work         ;
;          |MEM_WB_Register:U_MEM_WB|             ; 86 (86)     ; 71 (71)                   ; 0 (0)         ; 0           ; 0    ; 0            ; 0       ; 0         ; 0    ; 0            ; 11 (11)      ; 4 (4)             ; 71 (71)          ; |CPU_Top_Wrapper|CPU_FPGA:U_CPU|MEM_Stage:U_STAGE_MEM|MEM_WB_Register:U_MEM_WB                                                    ; work         ;
;    |Data_Memory:U_DATA_RAM|                     ; 56 (56)     ; 3 (3)                     ; 0 (0)         ; 32768       ; 4    ; 0            ; 0       ; 0         ; 0    ; 0            ; 53 (53)      ; 2 (2)             ; 1 (1)            ; |CPU_Top_Wrapper|Data_Memory:U_DATA_RAM                                                                                           ; work         ;
;       |altsyncram:ram[0][15]__3|                ; 0 (0)       ; 0 (0)                     ; 0 (0)         ; 8192        ; 1    ; 0            ; 0       ; 0         ; 0    ; 0            ; 0 (0)        ; 0 (0)             ; 0 (0)            ; |CPU_Top_Wrapper|Data_Memory:U_DATA_RAM|altsyncram:ram[0][15]__3                                                                  ; work         ;
;          |altsyncram_1f81:auto_generated|       ; 0 (0)       ; 0 (0)                     ; 0 (0)         ; 8192        ; 1    ; 0            ; 0       ; 0         ; 0    ; 0            ; 0 (0)        ; 0 (0)             ; 0 (0)            ; |CPU_Top_Wrapper|Data_Memory:U_DATA_RAM|altsyncram:ram[0][15]__3|altsyncram_1f81:auto_generated                                   ; work         ;
;       |altsyncram:ram[0][23]__2|                ; 0 (0)       ; 0 (0)                     ; 0 (0)         ; 8192        ; 1    ; 0            ; 0       ; 0         ; 0    ; 0            ; 0 (0)        ; 0 (0)             ; 0 (0)            ; |CPU_Top_Wrapper|Data_Memory:U_DATA_RAM|altsyncram:ram[0][23]__2                                                                  ; work         ;
;          |altsyncram_1f81:auto_generated|       ; 0 (0)       ; 0 (0)                     ; 0 (0)         ; 8192        ; 1    ; 0            ; 0       ; 0         ; 0    ; 0            ; 0 (0)        ; 0 (0)             ; 0 (0)            ; |CPU_Top_Wrapper|Data_Memory:U_DATA_RAM|altsyncram:ram[0][23]__2|altsyncram_1f81:auto_generated                                   ; work         ;
;       |altsyncram:ram[0][31]__1|                ; 0 (0)       ; 0 (0)                     ; 0 (0)         ; 8192        ; 1    ; 0            ; 0       ; 0         ; 0    ; 0            ; 0 (0)        ; 0 (0)             ; 0 (0)            ; |CPU_Top_Wrapper|Data_Memory:U_DATA_RAM|altsyncram:ram[0][31]__1                                                                  ; work         ;
;          |altsyncram_1f81:auto_generated|       ; 0 (0)       ; 0 (0)                     ; 0 (0)         ; 8192        ; 1    ; 0            ; 0       ; 0         ; 0    ; 0            ; 0 (0)        ; 0 (0)             ; 0 (0)            ; |CPU_Top_Wrapper|Data_Memory:U_DATA_RAM|altsyncram:ram[0][31]__1|altsyncram_1f81:auto_generated                                   ; work         ;
;       |altsyncram:ram[0][7]__4|                 ; 0 (0)       ; 0 (0)                     ; 0 (0)         ; 8192        ; 1    ; 0            ; 0       ; 0         ; 0    ; 0            ; 0 (0)        ; 0 (0)             ; 0 (0)            ; |CPU_Top_Wrapper|Data_Memory:U_DATA_RAM|altsyncram:ram[0][7]__4                                                                   ; work         ;
;          |altsyncram_1f81:auto_generated|       ; 0 (0)       ; 0 (0)                     ; 0 (0)         ; 8192        ; 1    ; 0            ; 0       ; 0         ; 0    ; 0            ; 0 (0)        ; 0 (0)             ; 0 (0)            ; |CPU_Top_Wrapper|Data_Memory:U_DATA_RAM|altsyncram:ram[0][7]__4|altsyncram_1f81:auto_generated                                    ; work         ;
;    |gpio_key:U_GPIO_KEY|                        ; 8 (8)       ; 8 (8)                     ; 0 (0)         ; 0           ; 0    ; 0            ; 0       ; 0         ; 0    ; 0            ; 0 (0)        ; 0 (0)             ; 8 (8)            ; |CPU_Top_Wrapper|gpio_key:U_GPIO_KEY                                                                                              ; work         ;
;    |timer:U_TIMER|                              ; 32 (32)     ; 32 (32)                   ; 0 (0)         ; 0           ; 0    ; 0            ; 0       ; 0         ; 0    ; 0            ; 0 (0)        ; 0 (0)             ; 32 (32)          ; |CPU_Top_Wrapper|timer:U_TIMER                                                                                                    ; work         ;
;    |uart_tx:U_UART_TX|                          ; 35 (35)     ; 27 (27)                   ; 0 (0)         ; 0           ; 0    ; 0            ; 0       ; 0         ; 0    ; 0            ; 8 (8)        ; 0 (0)             ; 27 (27)          ; |CPU_Top_Wrapper|uart_tx:U_UART_TX                                                                                                ; work         ;
+-------------------------------------------------+-------------+---------------------------+---------------+-------------+------+--------------+---------+-----------+------+--------------+--------------+-------------------+------------------+-----------------------------------------------------------------------------------------------------------------------------------+--------------+
Note: For table entries with two numbers listed, the numbers in parentheses indicate the number of resources of the given type used by the specific entity alone. The numbers listed outside of parentheses indicate the total resources of the given type used by the specific entity and all of its sub-entities in the hierarchy.


+----------------------------------------------------------------------------------------------+
; Delay Chain Summary                                                                          ;
+--------------+----------+---------------+---------------+-----------------------+-----+------+
; Name         ; Pin Type ; Pad to Core 0 ; Pad to Core 1 ; Pad to Input Register ; TCO ; TCOE ;
+--------------+----------+---------------+---------------+-----------------------+-----+------+
; led_out[0]   ; Output   ; --            ; --            ; --                    ; --  ; --   ;
; led_out[1]   ; Output   ; --            ; --            ; --                    ; --  ; --   ;
; led_out[2]   ; Output   ; --            ; --            ; --                    ; --  ; --   ;
; led_out[3]   ; Output   ; --            ; --            ; --                    ; --  ; --   ;
; uart_tx_pin  ; Output   ; --            ; --            ; --                    ; --  ; --   ;
; debug_sel[1] ; Input    ; (0) 0 ps      ; --            ; --                    ; --  ; --   ;
; debug_sel[0] ; Input    ; (6) 1314 ps   ; --            ; --                    ; --  ; --   ;
; rst_n        ; Input    ; (0) 0 ps      ; --            ; --                    ; --  ; --   ;
; clk          ; Input    ; (0) 0 ps      ; --            ; --                    ; --  ; --   ;
; key_in[0]    ; Input    ; (6) 1314 ps   ; --            ; --                    ; --  ; --   ;
; key_in[2]    ; Input    ; (6) 1314 ps   ; --            ; --                    ; --  ; --   ;
; key_in[3]    ; Input    ; (6) 1314 ps   ; --            ; --                    ; --  ; --   ;
; key_in[1]    ; Input    ; --            ; (6) 1314 ps   ; --                    ; --  ; --   ;
+--------------+----------+---------------+---------------+-----------------------+-----+------+


+----------------------------------------------------------------------+
; Pad To Core Delay Chain Fanout                                       ;
+----------------------------------------+-------------------+---------+
; Source Pin / Fanout                    ; Pad To Core Index ; Setting ;
+----------------------------------------+-------------------+---------+
; debug_sel[1]                           ;                   ;         ;
; debug_sel[0]                           ;                   ;         ;
;      - Mux3~0                          ; 0                 ; 6       ;
;      - Mux2~0                          ; 0                 ; 6       ;
;      - Mux2~1                          ; 0                 ; 6       ;
;      - Mux1~0                          ; 0                 ; 6       ;
;      - Mux0~0                          ; 0                 ; 6       ;
;      - Mux0~1                          ; 0                 ; 6       ;
; rst_n                                  ;                   ;         ;
; clk                                    ;                   ;         ;
; key_in[0]                              ;                   ;         ;
;      - gpio_key:U_GPIO_KEY|key_sync1~0 ; 0                 ; 6       ;
; key_in[2]                              ;                   ;         ;
;      - gpio_key:U_GPIO_KEY|key_sync1~1 ; 0                 ; 6       ;
; key_in[3]                              ;                   ;         ;
;      - gpio_key:U_GPIO_KEY|key_sync1~2 ; 0                 ; 6       ;
; key_in[1]                              ;                   ;         ;
;      - gpio_key:U_GPIO_KEY|key_sync1~3 ; 1                 ; 6       ;
+----------------------------------------+-------------------+---------+


+--------------------------------------------------------------------------------------------------------------------------------------------------------------------------------------------------------------------+
; Control Signals                                                                                                                                                                                                    ;
+---------------------------------------------------------------------------------------+--------------------+---------+--------------+--------+----------------------+------------------+---------------------------+
; Name                                                                                  ; Location           ; Fan-Out ; Usage        ; Global ; Global Resource Used ; Global Line Name ; Enable Signal Source Name ;
+---------------------------------------------------------------------------------------+--------------------+---------+--------------+--------+----------------------+------------------+---------------------------+
; CPU_FPGA:U_CPU|EX_Stage:U_STAGE_EX|EX_MEM_Register:U_EX_MEM|mem_funct3[0]             ; FF_X28_Y6_N11      ; 80      ; Sync. load   ; no     ; --                   ; --               ; --                        ;
; CPU_FPGA:U_CPU|EX_Stage:U_STAGE_EX|EX_MEM_Register:U_EX_MEM|mem_result[31]            ; FF_X21_Y3_N29      ; 26      ; Sync. clear  ; no     ; --                   ; --               ; --                        ;
; CPU_FPGA:U_CPU|EX_Stage:U_STAGE_EX|M_Extension_Unit:U_M_EXT|current_state~5           ; LCCOMB_X23_Y3_N2   ; 7       ; Sync. clear  ; no     ; --                   ; --               ; --                        ;
; CPU_FPGA:U_CPU|EX_Stage:U_STAGE_EX|M_Extension_Unit:U_M_EXT|div_by_zero~11            ; LCCOMB_X30_Y11_N28 ; 36      ; Clock enable ; no     ; --                   ; --               ; --                        ;
; CPU_FPGA:U_CPU|EX_Stage:U_STAGE_EX|M_Extension_Unit:U_M_EXT|quotient_reg[20]~32       ; LCCOMB_X30_Y12_N14 ; 66      ; Sync. load   ; no     ; --                   ; --               ; --                        ;
; CPU_FPGA:U_CPU|EX_Stage:U_STAGE_EX|M_Extension_Unit:U_M_EXT|quotient_reg[20]~34       ; LCCOMB_X31_Y14_N10 ; 32      ; Sync. load   ; no     ; --                   ; --               ; --                        ;
; CPU_FPGA:U_CPU|EX_Stage:U_STAGE_EX|M_Extension_Unit:U_M_EXT|quotient_reg[20]~36       ; LCCOMB_X33_Y12_N8  ; 32      ; Clock enable ; no     ; --                   ; --               ; --                        ;
; CPU_FPGA:U_CPU|EX_Stage:U_STAGE_EX|M_Extension_Unit:U_M_EXT|stall_m                   ; LCCOMB_X24_Y3_N16  ; 83      ; Clock enable ; no     ; --                   ; --               ; --                        ;
; CPU_FPGA:U_CPU|ID_Stage:U_STAGE_ID|Control_Unit:U_CONTROL|Mux23~3                     ; LCCOMB_X26_Y13_N6  ; 2       ; Latch enable ; yes    ; Global Clock         ; GCLK7            ; --                        ;
; CPU_FPGA:U_CPU|ID_Stage:U_STAGE_ID|Control_Unit:U_CONTROL|Mux3~4                      ; LCCOMB_X25_Y15_N16 ; 16      ; Sync. load   ; no     ; --                   ; --               ; --                        ;
; CPU_FPGA:U_CPU|ID_Stage:U_STAGE_ID|ID_EX_Register:U_ID_EX|is_m_ext_out                ; FF_X28_Y11_N27     ; 39      ; Sync. load   ; no     ; --                   ; --               ; --                        ;
; CPU_FPGA:U_CPU|ID_Stage:U_STAGE_ID|ID_EX_Register:U_ID_EX|mem_read_out~3              ; LCCOMB_X24_Y11_N22 ; 8       ; Clock enable ; no     ; --                   ; --               ; --                        ;
; CPU_FPGA:U_CPU|ID_Stage:U_STAGE_ID|ID_EX_Register:U_ID_EX|reg_data2_out[2]~0          ; LCCOMB_X25_Y11_N30 ; 125     ; Clock enable ; no     ; --                   ; --               ; --                        ;
; CPU_FPGA:U_CPU|ID_Stage:U_STAGE_ID|RegFile:U_REGFILE|registers[10][10]~19             ; LCCOMB_X16_Y14_N8  ; 32      ; Clock enable ; no     ; --                   ; --               ; --                        ;
; CPU_FPGA:U_CPU|ID_Stage:U_STAGE_ID|RegFile:U_REGFILE|registers[11][13]~21             ; LCCOMB_X16_Y14_N28 ; 32      ; Clock enable ; no     ; --                   ; --               ; --                        ;
; CPU_FPGA:U_CPU|ID_Stage:U_STAGE_ID|RegFile:U_REGFILE|registers[12][13]~31             ; LCCOMB_X17_Y14_N20 ; 32      ; Clock enable ; no     ; --                   ; --               ; --                        ;
; CPU_FPGA:U_CPU|ID_Stage:U_STAGE_ID|RegFile:U_REGFILE|registers[13][13]~30             ; LCCOMB_X16_Y14_N4  ; 32      ; Clock enable ; no     ; --                   ; --               ; --                        ;
; CPU_FPGA:U_CPU|ID_Stage:U_STAGE_ID|RegFile:U_REGFILE|registers[14][13]~29             ; LCCOMB_X18_Y14_N4  ; 32      ; Clock enable ; no     ; --                   ; --               ; --                        ;
; CPU_FPGA:U_CPU|ID_Stage:U_STAGE_ID|RegFile:U_REGFILE|registers[15][19]~32             ; LCCOMB_X18_Y14_N6  ; 32      ; Clock enable ; no     ; --                   ; --               ; --                        ;
; CPU_FPGA:U_CPU|ID_Stage:U_STAGE_ID|RegFile:U_REGFILE|registers[16][8]~11              ; LCCOMB_X19_Y14_N10 ; 32      ; Clock enable ; no     ; --                   ; --               ; --                        ;
; CPU_FPGA:U_CPU|ID_Stage:U_STAGE_ID|RegFile:U_REGFILE|registers[17][25]~3              ; LCCOMB_X18_Y14_N0  ; 32      ; Clock enable ; no     ; --                   ; --               ; --                        ;
; CPU_FPGA:U_CPU|ID_Stage:U_STAGE_ID|RegFile:U_REGFILE|registers[18][10]~7              ; LCCOMB_X19_Y13_N20 ; 32      ; Clock enable ; no     ; --                   ; --               ; --                        ;
; CPU_FPGA:U_CPU|ID_Stage:U_STAGE_ID|RegFile:U_REGFILE|registers[19][31]~15             ; LCCOMB_X16_Y14_N14 ; 32      ; Clock enable ; no     ; --                   ; --               ; --                        ;
; CPU_FPGA:U_CPU|ID_Stage:U_STAGE_ID|RegFile:U_REGFILE|registers[1][16]~27              ; LCCOMB_X18_Y14_N14 ; 32      ; Clock enable ; no     ; --                   ; --               ; --                        ;
; CPU_FPGA:U_CPU|ID_Stage:U_STAGE_ID|RegFile:U_REGFILE|registers[20][11]~9              ; LCCOMB_X18_Y14_N20 ; 32      ; Clock enable ; no     ; --                   ; --               ; --                        ;
; CPU_FPGA:U_CPU|ID_Stage:U_STAGE_ID|RegFile:U_REGFILE|registers[21][31]~2              ; LCCOMB_X19_Y13_N18 ; 32      ; Clock enable ; no     ; --                   ; --               ; --                        ;
; CPU_FPGA:U_CPU|ID_Stage:U_STAGE_ID|RegFile:U_REGFILE|registers[22][22]~5              ; LCCOMB_X17_Y14_N26 ; 32      ; Clock enable ; no     ; --                   ; --               ; --                        ;
; CPU_FPGA:U_CPU|ID_Stage:U_STAGE_ID|RegFile:U_REGFILE|registers[23][12]~14             ; LCCOMB_X18_Y14_N2  ; 32      ; Clock enable ; no     ; --                   ; --               ; --                        ;
; CPU_FPGA:U_CPU|ID_Stage:U_STAGE_ID|RegFile:U_REGFILE|registers[24][22]~10             ; LCCOMB_X16_Y14_N16 ; 32      ; Clock enable ; no     ; --                   ; --               ; --                        ;
; CPU_FPGA:U_CPU|ID_Stage:U_STAGE_ID|RegFile:U_REGFILE|registers[25][27]~1              ; LCCOMB_X17_Y14_N24 ; 32      ; Clock enable ; no     ; --                   ; --               ; --                        ;
; CPU_FPGA:U_CPU|ID_Stage:U_STAGE_ID|RegFile:U_REGFILE|registers[26][11]~6              ; LCCOMB_X16_Y14_N0  ; 32      ; Clock enable ; no     ; --                   ; --               ; --                        ;
; CPU_FPGA:U_CPU|ID_Stage:U_STAGE_ID|RegFile:U_REGFILE|registers[27][23]~13             ; LCCOMB_X16_Y14_N12 ; 32      ; Clock enable ; no     ; --                   ; --               ; --                        ;
; CPU_FPGA:U_CPU|ID_Stage:U_STAGE_ID|RegFile:U_REGFILE|registers[28][26]~12             ; LCCOMB_X17_Y14_N16 ; 32      ; Clock enable ; no     ; --                   ; --               ; --                        ;
; CPU_FPGA:U_CPU|ID_Stage:U_STAGE_ID|RegFile:U_REGFILE|registers[29][28]~4              ; LCCOMB_X16_Y14_N18 ; 32      ; Clock enable ; no     ; --                   ; --               ; --                        ;
; CPU_FPGA:U_CPU|ID_Stage:U_STAGE_ID|RegFile:U_REGFILE|registers[2][13]~28              ; LCCOMB_X19_Y13_N28 ; 32      ; Clock enable ; no     ; --                   ; --               ; --                        ;
; CPU_FPGA:U_CPU|ID_Stage:U_STAGE_ID|RegFile:U_REGFILE|registers[30][9]~8               ; LCCOMB_X18_Y14_N10 ; 32      ; Clock enable ; no     ; --                   ; --               ; --                        ;
; CPU_FPGA:U_CPU|ID_Stage:U_STAGE_ID|RegFile:U_REGFILE|registers[31][14]~16             ; LCCOMB_X18_Y14_N24 ; 32      ; Clock enable ; no     ; --                   ; --               ; --                        ;
; CPU_FPGA:U_CPU|ID_Stage:U_STAGE_ID|RegFile:U_REGFILE|registers[3][13]~26              ; LCCOMB_X17_Y14_N30 ; 32      ; Clock enable ; no     ; --                   ; --               ; --                        ;
; CPU_FPGA:U_CPU|ID_Stage:U_STAGE_ID|RegFile:U_REGFILE|registers[4][13]~24              ; LCCOMB_X18_Y14_N18 ; 32      ; Clock enable ; no     ; --                   ; --               ; --                        ;
; CPU_FPGA:U_CPU|ID_Stage:U_STAGE_ID|RegFile:U_REGFILE|registers[5][13]~23              ; LCCOMB_X19_Y13_N2  ; 32      ; Clock enable ; no     ; --                   ; --               ; --                        ;
; CPU_FPGA:U_CPU|ID_Stage:U_STAGE_ID|RegFile:U_REGFILE|registers[6][5]~22               ; LCCOMB_X16_Y14_N22 ; 32      ; Clock enable ; no     ; --                   ; --               ; --                        ;
; CPU_FPGA:U_CPU|ID_Stage:U_STAGE_ID|RegFile:U_REGFILE|registers[7][16]~25              ; LCCOMB_X18_Y14_N12 ; 32      ; Clock enable ; no     ; --                   ; --               ; --                        ;
; CPU_FPGA:U_CPU|ID_Stage:U_STAGE_ID|RegFile:U_REGFILE|registers[8][26]~20              ; LCCOMB_X16_Y14_N30 ; 32      ; Clock enable ; no     ; --                   ; --               ; --                        ;
; CPU_FPGA:U_CPU|ID_Stage:U_STAGE_ID|RegFile:U_REGFILE|registers[9][28]~18              ; LCCOMB_X17_Y14_N8  ; 32      ; Clock enable ; no     ; --                   ; --               ; --                        ;
; CPU_FPGA:U_CPU|IF_Stage:U_STAGE_IF|IF_ID_Register:U_IF_ID|instruction_out[6]~1        ; LCCOMB_X25_Y14_N18 ; 54      ; Clock enable ; no     ; --                   ; --               ; --                        ;
; CPU_FPGA:U_CPU|IF_Stage:U_STAGE_IF|Program_Counter:U_PC|pc_reg[0]~0                   ; LCCOMB_X25_Y11_N22 ; 46      ; Clock enable ; no     ; --                   ; --               ; --                        ;
; CPU_FPGA:U_CPU|MEM_Stage:U_STAGE_MEM|Data_Memory:U_DMEM|byte_enable[0]~3              ; LCCOMB_X16_Y6_N4   ; 1       ; Write enable ; no     ; --                   ; --               ; --                        ;
; CPU_FPGA:U_CPU|MEM_Stage:U_STAGE_MEM|Data_Memory:U_DMEM|byte_enable[1]~2              ; LCCOMB_X16_Y6_N24  ; 1       ; Write enable ; no     ; --                   ; --               ; --                        ;
; CPU_FPGA:U_CPU|MEM_Stage:U_STAGE_MEM|Data_Memory:U_DMEM|byte_enable[2]~0              ; LCCOMB_X19_Y6_N22  ; 1       ; Write enable ; no     ; --                   ; --               ; --                        ;
; CPU_FPGA:U_CPU|MEM_Stage:U_STAGE_MEM|Data_Memory:U_DMEM|byte_enable[3]~1              ; LCCOMB_X16_Y6_N20  ; 1       ; Write enable ; no     ; --                   ; --               ; --                        ;
; CPU_FPGA:U_CPU|MEM_Stage:U_STAGE_MEM|MEM_WB_Register:U_MEM_WB|wb_read_data_out[30]~36 ; LCCOMB_X18_Y7_N28  ; 16      ; Sync. clear  ; no     ; --                   ; --               ; --                        ;
; CPU_FPGA:U_CPU|MEM_Stage:U_STAGE_MEM|MEM_WB_Register:U_MEM_WB|wb_read_data_out[6]~35  ; LCCOMB_X18_Y5_N10  ; 10      ; Sync. load   ; no     ; --                   ; --               ; --                        ;
; CPU_FPGA:U_CPU|MEM_Stage:U_STAGE_MEM|MEM_WB_Register:U_MEM_WB|wb_read_data_out[6]~39  ; LCCOMB_X18_Y7_N8   ; 7       ; Sync. clear  ; no     ; --                   ; --               ; --                        ;
; CPU_FPGA:U_CPU|MEM_Stage:U_STAGE_MEM|MEM_WB_Register:U_MEM_WB|wb_read_data_out[9]~37  ; LCCOMB_X18_Y7_N6   ; 7       ; Sync. clear  ; no     ; --                   ; --               ; --                        ;
; CPU_FPGA:U_CPU|MEM_Stage:U_STAGE_MEM|MEM_WB_Register:U_MEM_WB|wb_read_data_out~38     ; LCCOMB_X18_Y8_N0   ; 7       ; Sync. load   ; no     ; --                   ; --               ; --                        ;
; Data_Memory:U_DATA_RAM|byte_enable[0]~3                                               ; LCCOMB_X16_Y6_N10  ; 1       ; Write enable ; no     ; --                   ; --               ; --                        ;
; Data_Memory:U_DATA_RAM|byte_enable[1]~2                                               ; LCCOMB_X16_Y6_N22  ; 1       ; Write enable ; no     ; --                   ; --               ; --                        ;
; Data_Memory:U_DATA_RAM|byte_enable[2]~0                                               ; LCCOMB_X16_Y6_N14  ; 1       ; Write enable ; no     ; --                   ; --               ; --                        ;
; Data_Memory:U_DATA_RAM|byte_enable[3]~1                                               ; LCCOMB_X16_Y6_N0   ; 1       ; Write enable ; no     ; --                   ; --               ; --                        ;
; clk                                                                                   ; PIN_23             ; 7       ; Clock        ; no     ; --                   ; --               ; --                        ;
; clk                                                                                   ; PIN_23             ; 1517    ; Clock        ; yes    ; Global Clock         ; GCLK2            ; --                        ;
; rst_n                                                                                 ; PIN_24             ; 305     ; Sync. clear  ; no     ; --                   ; --               ; --                        ;
; rst_n                                                                                 ; PIN_24             ; 102     ; Async. clear ; yes    ; Global Clock         ; GCLK4            ; --                        ;
; uart_tx:U_UART_TX|counter[8]~11                                                       ; LCCOMB_X18_Y4_N26  ; 9       ; Sync. load   ; no     ; --                   ; --               ; --                        ;
; uart_tx:U_UART_TX|shift_reg[6]~2                                                      ; LCCOMB_X17_Y6_N4   ; 7       ; Clock enable ; no     ; --                   ; --               ; --                        ;
+---------------------------------------------------------------------------------------+--------------------+---------+--------------+--------+----------------------+------------------+---------------------------+


+--------------------------------------------------------------------------------------------------------------------------------------------------------------------------------------------------------------+
; Global & Other Fast Signals                                                                                                                                                                                  ;
+-------------------------------------------------------------------+-------------------+---------+--------------------------------------+----------------------+------------------+---------------------------+
; Name                                                              ; Location          ; Fan-Out ; Fan-Out Using Intentional Clock Skew ; Global Resource Used ; Global Line Name ; Enable Signal Source Name ;
+-------------------------------------------------------------------+-------------------+---------+--------------------------------------+----------------------+------------------+---------------------------+
; CPU_FPGA:U_CPU|ID_Stage:U_STAGE_ID|Control_Unit:U_CONTROL|Mux23~3 ; LCCOMB_X26_Y13_N6 ; 2       ; 0                                    ; Global Clock         ; GCLK7            ; --                        ;
; clk                                                               ; PIN_23            ; 1517    ; 125                                  ; Global Clock         ; GCLK2            ; --                        ;
; rst_n                                                             ; PIN_24            ; 102     ; 0                                    ; Global Clock         ; GCLK4            ; --                        ;
+-------------------------------------------------------------------+-------------------+---------+--------------------------------------+----------------------+------------------+---------------------------+


+----------------------------------------------------------------------------------------------------------------------------------+
; Non-Global High Fan-Out Signals                                                                                                  ;
+------------------------------------------------------------------------------------------------------------------------+---------+
; Name                                                                                                                   ; Fan-Out ;
+------------------------------------------------------------------------------------------------------------------------+---------+
; rst_n~input                                                                                                            ; 304     ;
; CPU_FPGA:U_CPU|IF_Stage:U_STAGE_IF|IF_ID_Register:U_IF_ID|instruction_out[22]                                          ; 261     ;
; CPU_FPGA:U_CPU|IF_Stage:U_STAGE_IF|IF_ID_Register:U_IF_ID|instruction_out[21]                                          ; 261     ;
; CPU_FPGA:U_CPU|IF_Stage:U_STAGE_IF|IF_ID_Register:U_IF_ID|instruction_out[16]                                          ; 260     ;
; CPU_FPGA:U_CPU|IF_Stage:U_STAGE_IF|IF_ID_Register:U_IF_ID|instruction_out[15]                                          ; 260     ;
; CPU_FPGA:U_CPU|IF_Stage:U_STAGE_IF|IF_ID_Register:U_IF_ID|instruction_out[20]                                          ; 246     ;
; CPU_FPGA:U_CPU|IF_Stage:U_STAGE_IF|IF_ID_Register:U_IF_ID|instruction_out[23]                                          ; 245     ;
; CPU_FPGA:U_CPU|IF_Stage:U_STAGE_IF|IF_ID_Register:U_IF_ID|instruction_out[17]                                          ; 244     ;
; CPU_FPGA:U_CPU|IF_Stage:U_STAGE_IF|IF_ID_Register:U_IF_ID|instruction_out[18]                                          ; 244     ;
; CPU_FPGA:U_CPU|ID_Stage:U_STAGE_ID|ID_EX_Register:U_ID_EX|reg_data2_out[2]~0                                           ; 125     ;
; CPU_FPGA:U_CPU|ID_Stage:U_STAGE_ID|ID_EX_Register:U_ID_EX|funct3_out[2]                                                ; 113     ;
; CPU_FPGA:U_CPU|EX_Stage:U_STAGE_EX|EX_MEM_Register:U_EX_MEM|mem_funct3[1]                                              ; 106     ;
; CPU_FPGA:U_CPU|ID_Stage:U_STAGE_ID|ID_EX_Register:U_ID_EX|alu_ctrl_out[0]                                              ; 97      ;
; CPU_FPGA:U_CPU|ID_Stage:U_STAGE_ID|ID_EX_Register:U_ID_EX|alu_src_out                                                  ; 93      ;
; CPU_FPGA:U_CPU|EX_Stage:U_STAGE_EX|ex_alu_operand_b[1]~7                                                               ; 87      ;
; CPU_FPGA:U_CPU|EX_Stage:U_STAGE_EX|M_Extension_Unit:U_M_EXT|stall_m                                                    ; 83      ;
; CPU_FPGA:U_CPU|EX_Stage:U_STAGE_EX|EX_MEM_Register:U_EX_MEM|mem_funct3[0]                                              ; 80      ;
; CPU_FPGA:U_CPU|EX_Stage:U_STAGE_EX|ex_alu_operand_b[0]~5                                                               ; 78      ;
; CPU_FPGA:U_CPU|EX_Stage:U_STAGE_EX|Mux0~1                                                                              ; 78      ;
; CPU_FPGA:U_CPU|ID_Stage:U_STAGE_ID|ID_EX_Register:U_ID_EX|alu_ctrl_out[3]                                              ; 78      ;
; CPU_FPGA:U_CPU|EX_Stage:U_STAGE_EX|ex_alu_operand_b[2]~2                                                               ; 76      ;
; CPU_FPGA:U_CPU|EX_Stage:U_STAGE_EX|ex_alu_operand_b[3]~3                                                               ; 74      ;
; CPU_FPGA:U_CPU|EX_Stage:U_STAGE_EX|Forwarding_Unit:U_FWD|forward_b[0]~8                                                ; 69      ;
; CPU_FPGA:U_CPU|EX_Stage:U_STAGE_EX|M_Extension_Unit:U_M_EXT|current_state.IDLE                                         ; 68      ;
; CPU_FPGA:U_CPU|EX_Stage:U_STAGE_EX|M_Extension_Unit:U_M_EXT|quotient_reg[20]~32                                        ; 66      ;
; CPU_FPGA:U_CPU|EX_Stage:U_STAGE_EX|Forwarding_Unit:U_FWD|forward_a[0]~8                                                ; 66      ;
; CPU_FPGA:U_CPU|EX_Stage:U_STAGE_EX|M_Extension_Unit:U_M_EXT|current_state.COMPUTE                                      ; 66      ;
; CPU_FPGA:U_CPU|MEM_Stage:U_STAGE_MEM|MEM_WB_Register:U_MEM_WB|wb_sel_out[0]                                            ; 64      ;
; CPU_FPGA:U_CPU|EX_Stage:U_STAGE_EX|EX_MEM_Register:U_EX_MEM|mem_result[29]~28                                          ; 59      ;
; CPU_FPGA:U_CPU|ID_Stage:U_STAGE_ID|ID_EX_Register:U_ID_EX|alu_ctrl_out[1]                                              ; 57      ;
; CPU_FPGA:U_CPU|IF_Stage:U_STAGE_IF|IF_ID_Register:U_IF_ID|instruction_out[6]~1                                         ; 54      ;
; CPU_FPGA:U_CPU|IF_Stage:U_STAGE_IF|Program_Counter:U_PC|pc_reg[0]~0                                                    ; 46      ;
; CPU_FPGA:U_CPU|EX_Stage:U_STAGE_EX|Mux32~1                                                                             ; 41      ;
; CPU_FPGA:U_CPU|IF_Stage:U_STAGE_IF|IF_ID_Register:U_IF_ID|instruction_out[24]                                          ; 41      ;
; CPU_FPGA:U_CPU|IF_Stage:U_STAGE_IF|IF_ID_Register:U_IF_ID|instruction_out[19]                                          ; 40      ;
; CPU_FPGA:U_CPU|ID_Stage:U_STAGE_ID|ID_EX_Register:U_ID_EX|is_m_ext_out                                                 ; 39      ;
; CPU_FPGA:U_CPU|ID_Stage:U_STAGE_ID|ID_EX_Register:U_ID_EX|alu_ctrl_out[2]                                              ; 37      ;
; CPU_FPGA:U_CPU|EX_Stage:U_STAGE_EX|M_Extension_Unit:U_M_EXT|current_state.DONE                                         ; 37      ;
; CPU_FPGA:U_CPU|EX_Stage:U_STAGE_EX|M_Extension_Unit:U_M_EXT|div_by_zero~11                                             ; 36      ;
; CPU_FPGA:U_CPU|EX_Stage:U_STAGE_EX|EX_MEM_Register:U_EX_MEM|mem_funct3[2]                                              ; 35      ;
; CPU_FPGA:U_CPU|EX_Stage:U_STAGE_EX|M_Extension_Unit:U_M_EXT|div_by_zero                                                ; 35      ;
; CPU_FPGA:U_CPU|EX_Stage:U_STAGE_EX|M_Extension_Unit:U_M_EXT|overflow                                                   ; 34      ;
; CPU_FPGA:U_CPU|EX_Stage:U_STAGE_EX|M_Extension_Unit:U_M_EXT|sign_remainder                                             ; 33      ;
; CPU_FPGA:U_CPU|EX_Stage:U_STAGE_EX|Forwarding_Unit:U_FWD|forward_b[1]~3                                                ; 33      ;
; CPU_FPGA:U_CPU|EX_Stage:U_STAGE_EX|Forwarding_Unit:U_FWD|forward_b[1]~1                                                ; 33      ;
; CPU_FPGA:U_CPU|EX_Stage:U_STAGE_EX|Forwarding_Unit:U_FWD|forward_a[1]~3                                                ; 33      ;
; CPU_FPGA:U_CPU|EX_Stage:U_STAGE_EX|Forwarding_Unit:U_FWD|forward_a[1]~1                                                ; 33      ;
; CPU_FPGA:U_CPU|EX_Stage:U_STAGE_EX|M_Extension_Unit:U_M_EXT|Add2~64                                                    ; 33      ;
; CPU_FPGA:U_CPU|EX_Stage:U_STAGE_EX|M_Extension_Unit:U_M_EXT|quotient_reg[20]~36                                        ; 32      ;
; CPU_FPGA:U_CPU|EX_Stage:U_STAGE_EX|M_Extension_Unit:U_M_EXT|quotient_reg[20]~34                                        ; 32      ;
; CPU_FPGA:U_CPU|ID_Stage:U_STAGE_ID|ID_EX_Register:U_ID_EX|reg_data2_out~1                                              ; 32      ;
; CPU_FPGA:U_CPU|ID_Stage:U_STAGE_ID|ID_EX_Register:U_ID_EX|reg_data1_out[10]~0                                          ; 32      ;
; CPU_FPGA:U_CPU|ID_Stage:U_STAGE_ID|RegFile:U_REGFILE|registers[15][19]~32                                              ; 32      ;
; CPU_FPGA:U_CPU|ID_Stage:U_STAGE_ID|RegFile:U_REGFILE|registers[12][13]~31                                              ; 32      ;
; CPU_FPGA:U_CPU|ID_Stage:U_STAGE_ID|RegFile:U_REGFILE|registers[13][13]~30                                              ; 32      ;
; CPU_FPGA:U_CPU|ID_Stage:U_STAGE_ID|RegFile:U_REGFILE|registers[14][13]~29                                              ; 32      ;
; CPU_FPGA:U_CPU|ID_Stage:U_STAGE_ID|RegFile:U_REGFILE|registers[2][13]~28                                               ; 32      ;
; CPU_FPGA:U_CPU|ID_Stage:U_STAGE_ID|RegFile:U_REGFILE|registers[1][16]~27                                               ; 32      ;
; CPU_FPGA:U_CPU|ID_Stage:U_STAGE_ID|RegFile:U_REGFILE|registers[3][13]~26                                               ; 32      ;
; CPU_FPGA:U_CPU|ID_Stage:U_STAGE_ID|RegFile:U_REGFILE|registers[7][16]~25                                               ; 32      ;
; CPU_FPGA:U_CPU|ID_Stage:U_STAGE_ID|RegFile:U_REGFILE|registers[4][13]~24                                               ; 32      ;
; CPU_FPGA:U_CPU|ID_Stage:U_STAGE_ID|RegFile:U_REGFILE|registers[5][13]~23                                               ; 32      ;
; CPU_FPGA:U_CPU|ID_Stage:U_STAGE_ID|RegFile:U_REGFILE|registers[6][5]~22                                                ; 32      ;
; CPU_FPGA:U_CPU|ID_Stage:U_STAGE_ID|RegFile:U_REGFILE|registers[11][13]~21                                              ; 32      ;
; CPU_FPGA:U_CPU|ID_Stage:U_STAGE_ID|RegFile:U_REGFILE|registers[8][26]~20                                               ; 32      ;
; CPU_FPGA:U_CPU|ID_Stage:U_STAGE_ID|RegFile:U_REGFILE|registers[10][10]~19                                              ; 32      ;
; CPU_FPGA:U_CPU|ID_Stage:U_STAGE_ID|RegFile:U_REGFILE|registers[9][28]~18                                               ; 32      ;
; CPU_FPGA:U_CPU|ID_Stage:U_STAGE_ID|RegFile:U_REGFILE|registers[31][14]~16                                              ; 32      ;
; CPU_FPGA:U_CPU|ID_Stage:U_STAGE_ID|RegFile:U_REGFILE|registers[19][31]~15                                              ; 32      ;
; CPU_FPGA:U_CPU|ID_Stage:U_STAGE_ID|RegFile:U_REGFILE|registers[23][12]~14                                              ; 32      ;
; CPU_FPGA:U_CPU|ID_Stage:U_STAGE_ID|RegFile:U_REGFILE|registers[27][23]~13                                              ; 32      ;
; CPU_FPGA:U_CPU|ID_Stage:U_STAGE_ID|RegFile:U_REGFILE|registers[28][26]~12                                              ; 32      ;
; CPU_FPGA:U_CPU|ID_Stage:U_STAGE_ID|RegFile:U_REGFILE|registers[16][8]~11                                               ; 32      ;
; CPU_FPGA:U_CPU|ID_Stage:U_STAGE_ID|RegFile:U_REGFILE|registers[24][22]~10                                              ; 32      ;
; CPU_FPGA:U_CPU|ID_Stage:U_STAGE_ID|RegFile:U_REGFILE|registers[20][11]~9                                               ; 32      ;
; CPU_FPGA:U_CPU|ID_Stage:U_STAGE_ID|RegFile:U_REGFILE|registers[30][9]~8                                                ; 32      ;
; CPU_FPGA:U_CPU|ID_Stage:U_STAGE_ID|RegFile:U_REGFILE|registers[18][10]~7                                               ; 32      ;
; CPU_FPGA:U_CPU|ID_Stage:U_STAGE_ID|RegFile:U_REGFILE|registers[26][11]~6                                               ; 32      ;
; CPU_FPGA:U_CPU|ID_Stage:U_STAGE_ID|RegFile:U_REGFILE|registers[22][22]~5                                               ; 32      ;
; CPU_FPGA:U_CPU|ID_Stage:U_STAGE_ID|RegFile:U_REGFILE|registers[29][28]~4                                               ; 32      ;
; CPU_FPGA:U_CPU|ID_Stage:U_STAGE_ID|RegFile:U_REGFILE|registers[17][25]~3                                               ; 32      ;
; CPU_FPGA:U_CPU|ID_Stage:U_STAGE_ID|RegFile:U_REGFILE|registers[21][31]~2                                               ; 32      ;
; CPU_FPGA:U_CPU|ID_Stage:U_STAGE_ID|RegFile:U_REGFILE|registers[25][27]~1                                               ; 32      ;
; CPU_FPGA:U_CPU|ID_Stage:U_STAGE_ID|RegFile:U_REGFILE|registers~63                                                      ; 31      ;
; CPU_FPGA:U_CPU|ID_Stage:U_STAGE_ID|RegFile:U_REGFILE|registers~62                                                      ; 31      ;
; CPU_FPGA:U_CPU|ID_Stage:U_STAGE_ID|RegFile:U_REGFILE|registers~61                                                      ; 31      ;
; CPU_FPGA:U_CPU|ID_Stage:U_STAGE_ID|RegFile:U_REGFILE|registers~60                                                      ; 31      ;
; CPU_FPGA:U_CPU|ID_Stage:U_STAGE_ID|RegFile:U_REGFILE|registers~59                                                      ; 31      ;
; CPU_FPGA:U_CPU|ID_Stage:U_STAGE_ID|RegFile:U_REGFILE|registers~58                                                      ; 31      ;
; CPU_FPGA:U_CPU|ID_Stage:U_STAGE_ID|RegFile:U_REGFILE|registers~57                                                      ; 31      ;
; CPU_FPGA:U_CPU|ID_Stage:U_STAGE_ID|RegFile:U_REGFILE|registers~56                                                      ; 31      ;
; CPU_FPGA:U_CPU|ID_Stage:U_STAGE_ID|RegFile:U_REGFILE|registers~55                                                      ; 31      ;
; CPU_FPGA:U_CPU|ID_Stage:U_STAGE_ID|RegFile:U_REGFILE|registers~54                                                      ; 31      ;
; CPU_FPGA:U_CPU|ID_Stage:U_STAGE_ID|RegFile:U_REGFILE|registers~53                                                      ; 31      ;
; CPU_FPGA:U_CPU|ID_Stage:U_STAGE_ID|RegFile:U_REGFILE|registers~52                                                      ; 31      ;
; CPU_FPGA:U_CPU|ID_Stage:U_STAGE_ID|RegFile:U_REGFILE|registers~51                                                      ; 31      ;
; CPU_FPGA:U_CPU|ID_Stage:U_STAGE_ID|RegFile:U_REGFILE|registers~50                                                      ; 31      ;
; CPU_FPGA:U_CPU|ID_Stage:U_STAGE_ID|RegFile:U_REGFILE|registers~49                                                      ; 31      ;
; CPU_FPGA:U_CPU|ID_Stage:U_STAGE_ID|RegFile:U_REGFILE|registers~48                                                      ; 31      ;
; CPU_FPGA:U_CPU|ID_Stage:U_STAGE_ID|RegFile:U_REGFILE|registers~47                                                      ; 31      ;
; CPU_FPGA:U_CPU|ID_Stage:U_STAGE_ID|RegFile:U_REGFILE|registers~46                                                      ; 31      ;
; CPU_FPGA:U_CPU|ID_Stage:U_STAGE_ID|RegFile:U_REGFILE|registers~45                                                      ; 31      ;
; CPU_FPGA:U_CPU|ID_Stage:U_STAGE_ID|RegFile:U_REGFILE|registers~44                                                      ; 31      ;
; CPU_FPGA:U_CPU|ID_Stage:U_STAGE_ID|RegFile:U_REGFILE|registers~43                                                      ; 31      ;
; CPU_FPGA:U_CPU|ID_Stage:U_STAGE_ID|RegFile:U_REGFILE|registers~42                                                      ; 31      ;
; CPU_FPGA:U_CPU|ID_Stage:U_STAGE_ID|RegFile:U_REGFILE|registers~41                                                      ; 31      ;
; CPU_FPGA:U_CPU|ID_Stage:U_STAGE_ID|RegFile:U_REGFILE|registers~40                                                      ; 31      ;
; CPU_FPGA:U_CPU|ID_Stage:U_STAGE_ID|RegFile:U_REGFILE|registers~39                                                      ; 31      ;
; CPU_FPGA:U_CPU|ID_Stage:U_STAGE_ID|RegFile:U_REGFILE|registers~38                                                      ; 31      ;
; CPU_FPGA:U_CPU|ID_Stage:U_STAGE_ID|RegFile:U_REGFILE|registers~37                                                      ; 31      ;
; CPU_FPGA:U_CPU|ID_Stage:U_STAGE_ID|RegFile:U_REGFILE|registers~36                                                      ; 31      ;
; CPU_FPGA:U_CPU|EX_Stage:U_STAGE_EX|M_Extension_Unit:U_M_EXT|quotient_reg~33                                            ; 31      ;
; CPU_FPGA:U_CPU|ID_Stage:U_STAGE_ID|RegFile:U_REGFILE|registers~35                                                      ; 31      ;
; CPU_FPGA:U_CPU|ID_Stage:U_STAGE_ID|RegFile:U_REGFILE|registers~34                                                      ; 31      ;
; CPU_FPGA:U_CPU|ID_Stage:U_STAGE_ID|RegFile:U_REGFILE|registers~33                                                      ; 31      ;
; CPU_FPGA:U_CPU|ID_Stage:U_STAGE_ID|RegFile:U_REGFILE|registers~0                                                       ; 31      ;
; CPU_FPGA:U_CPU|MEM_Stage:U_STAGE_MEM|Data_Memory:U_DMEM|Mux33~2                                                        ; 29      ;
; Data_Memory:U_DATA_RAM|addr_latched[1]                                                                                 ; 29      ;
; CPU_FPGA:U_CPU|EX_Stage:U_STAGE_EX|EX_MEM_Register:U_EX_MEM|mem_result[31]                                             ; 26      ;
; Data_Memory:U_DATA_RAM|Mux72~2                                                                                         ; 25      ;
; CPU_FPGA:U_CPU|EX_Stage:U_STAGE_EX|ALU:U_ALU|Mux16~1                                                                   ; 25      ;
; CPU_FPGA:U_CPU|EX_Stage:U_STAGE_EX|ALU:U_ALU|Mux16~0                                                                   ; 25      ;
; CPU_FPGA:U_CPU|EX_Stage:U_STAGE_EX|ALU:U_ALU|Mux30~3                                                                   ; 25      ;
; CPU_FPGA:U_CPU|MEM_Stage:U_STAGE_MEM|Data_Memory:U_DMEM|Mux72~2                                                        ; 24      ;
; CPU_FPGA:U_CPU|IF_Stage:U_STAGE_IF|IF_ID_Register:U_IF_ID|instruction_out[31]                                          ; 23      ;
; CPU_FPGA:U_CPU|EX_Stage:U_STAGE_EX|ex_alu_operand_b[4]~8                                                               ; 23      ;
; CPU_FPGA:U_CPU|MEM_Stage:U_STAGE_MEM|MEM_WB_Register:U_MEM_WB|wb_rd_addr_out[4]                                        ; 21      ;
; CPU_FPGA:U_CPU|EX_Stage:U_STAGE_EX|Mux31~1                                                                             ; 20      ;
; CPU_FPGA:U_CPU|EX_Stage:U_STAGE_EX|Mux1~1                                                                              ; 19      ;
; CPU_FPGA:U_CPU|MEM_Stage:U_STAGE_MEM|MEM_WB_Register:U_MEM_WB|wb_rd_addr_out[3]                                        ; 19      ;
; CPU_FPGA:U_CPU|MEM_Stage:U_STAGE_MEM|MEM_WB_Register:U_MEM_WB|wb_rd_addr_out[2]                                        ; 19      ;
; CPU_FPGA:U_CPU|MEM_Stage:U_STAGE_MEM|MEM_WB_Register:U_MEM_WB|wb_rd_addr_out[1]                                        ; 19      ;
; CPU_FPGA:U_CPU|MEM_Stage:U_STAGE_MEM|MEM_WB_Register:U_MEM_WB|wb_rd_addr_out[0]                                        ; 19      ;
; CPU_FPGA:U_CPU|MEM_Stage:U_STAGE_MEM|MEM_WB_Register:U_MEM_WB|wb_reg_write_out                                         ; 19      ;
; Data_Memory:U_DATA_RAM|mem_read_latched                                                                                ; 19      ;
; CPU_FPGA:U_CPU|MEM_Stage:U_STAGE_MEM|Data_Memory:U_DMEM|Mux17~2                                                        ; 17      ;
; CPU_FPGA:U_CPU|MEM_Stage:U_STAGE_MEM|Data_Memory:U_DMEM|Mux17~0                                                        ; 17      ;
; CPU_FPGA:U_CPU|MEM_Stage:U_STAGE_MEM|Data_Memory:U_DMEM|Mux80~0                                                        ; 17      ;
; CPU_FPGA:U_CPU|EX_Stage:U_STAGE_EX|Mux23~1                                                                             ; 17      ;
; CPU_FPGA:U_CPU|EX_Stage:U_STAGE_EX|Mux25~1                                                                             ; 17      ;
; CPU_FPGA:U_CPU|EX_Stage:U_STAGE_EX|Mux24~1                                                                             ; 17      ;
; CPU_FPGA:U_CPU|EX_Stage:U_STAGE_EX|Mux29~1                                                                             ; 17      ;
; CPU_FPGA:U_CPU|EX_Stage:U_STAGE_EX|Mux28~1                                                                             ; 17      ;
; CPU_FPGA:U_CPU|EX_Stage:U_STAGE_EX|Mux30~1                                                                             ; 17      ;
; CPU_FPGA:U_CPU|EX_Stage:U_STAGE_EX|EX_MEM_Register:U_EX_MEM|mem_result[3]                                              ; 17      ;
; CPU_FPGA:U_CPU|EX_Stage:U_STAGE_EX|EX_MEM_Register:U_EX_MEM|mem_result[2]                                              ; 17      ;
; CPU_FPGA:U_CPU|MEM_Stage:U_STAGE_MEM|Data_Memory:U_DMEM|Mux8~11                                                        ; 16      ;
; CPU_FPGA:U_CPU|ID_Stage:U_STAGE_ID|Control_Unit:U_CONTROL|Mux3~4                                                       ; 16      ;
; CPU_FPGA:U_CPU|MEM_Stage:U_STAGE_MEM|Data_Memory:U_DMEM|Mux25~0                                                        ; 16      ;
; CPU_FPGA:U_CPU|MEM_Stage:U_STAGE_MEM|Data_Memory:U_DMEM|Mux8~3                                                         ; 16      ;
; CPU_FPGA:U_CPU|MEM_Stage:U_STAGE_MEM|Data_Memory:U_DMEM|Mux17~3                                                        ; 16      ;
; CPU_FPGA:U_CPU|ID_Stage:U_STAGE_ID|Control_Unit:U_CONTROL|Mux4~1                                                       ; 16      ;
; CPU_FPGA:U_CPU|MEM_Stage:U_STAGE_MEM|MEM_WB_Register:U_MEM_WB|wb_read_data_out[30]~36                                  ; 16      ;
; CPU_FPGA:U_CPU|EX_Stage:U_STAGE_EX|Mux4~1                                                                              ; 16      ;
; CPU_FPGA:U_CPU|EX_Stage:U_STAGE_EX|Mux7~1                                                                              ; 16      ;
; CPU_FPGA:U_CPU|EX_Stage:U_STAGE_EX|Mux8~1                                                                              ; 16      ;
; CPU_FPGA:U_CPU|EX_Stage:U_STAGE_EX|Mux6~1                                                                              ; 16      ;
; CPU_FPGA:U_CPU|EX_Stage:U_STAGE_EX|Mux21~1                                                                             ; 16      ;
; CPU_FPGA:U_CPU|EX_Stage:U_STAGE_EX|Mux20~1                                                                             ; 16      ;
; CPU_FPGA:U_CPU|EX_Stage:U_STAGE_EX|Mux22~1                                                                             ; 16      ;
; CPU_FPGA:U_CPU|EX_Stage:U_STAGE_EX|Mux26~1                                                                             ; 16      ;
; CPU_FPGA:U_CPU|EX_Stage:U_STAGE_EX|Mux27~1                                                                             ; 16      ;
; CPU_FPGA:U_CPU|EX_Stage:U_STAGE_EX|Mux2~1                                                                              ; 16      ;
; CPU_FPGA:U_CPU|EX_Stage:U_STAGE_EX|Mux3~1                                                                              ; 16      ;
; CPU_FPGA:U_CPU|EX_Stage:U_STAGE_EX|EX_MEM_Register:U_EX_MEM|mem_result[4]                                              ; 16      ;
; uart_tx:U_UART_TX|current_state.DATA                                                                                   ; 15      ;
; CPU_FPGA:U_CPU|ID_Stage:U_STAGE_ID|RegFile:U_REGFILE|registers[9][28]~17                                               ; 15      ;
; CPU_FPGA:U_CPU|EX_Stage:U_STAGE_EX|Mux11~1                                                                             ; 15      ;
; CPU_FPGA:U_CPU|EX_Stage:U_STAGE_EX|Mux13~1                                                                             ; 15      ;
; CPU_FPGA:U_CPU|EX_Stage:U_STAGE_EX|Mux12~1                                                                             ; 15      ;
; CPU_FPGA:U_CPU|EX_Stage:U_STAGE_EX|Mux14~1                                                                             ; 15      ;
; CPU_FPGA:U_CPU|EX_Stage:U_STAGE_EX|Mux15~1                                                                             ; 15      ;
; CPU_FPGA:U_CPU|EX_Stage:U_STAGE_EX|Mux17~1                                                                             ; 15      ;
; CPU_FPGA:U_CPU|EX_Stage:U_STAGE_EX|Mux16~1                                                                             ; 15      ;
; CPU_FPGA:U_CPU|EX_Stage:U_STAGE_EX|Mux18~1                                                                             ; 15      ;
; CPU_FPGA:U_CPU|EX_Stage:U_STAGE_EX|Mux9~1                                                                              ; 15      ;
; CPU_FPGA:U_CPU|EX_Stage:U_STAGE_EX|Mux10~1                                                                             ; 15      ;
; CPU_FPGA:U_CPU|EX_Stage:U_STAGE_EX|Mux5~1                                                                              ; 15      ;
; CPU_FPGA:U_CPU|EX_Stage:U_STAGE_EX|Mux19~1                                                                             ; 15      ;
; CPU_FPGA:U_CPU|EX_Stage:U_STAGE_EX|EX_MEM_Register:U_EX_MEM|mem_result[5]                                              ; 15      ;
; CPU_FPGA:U_CPU|EX_Stage:U_STAGE_EX|ALU:U_ALU|Mux13~5                                                                   ; 14      ;
; CPU_FPGA:U_CPU|EX_Stage:U_STAGE_EX|ALU:U_ALU|Mux16~5                                                                   ; 14      ;
; CPU_FPGA:U_CPU|EX_Stage:U_STAGE_EX|ALU:U_ALU|ShiftLeft0~99                                                             ; 13      ;
; CPU_FPGA:U_CPU|EX_Stage:U_STAGE_EX|take_branch_out~3                                                                   ; 13      ;
; CPU_FPGA:U_CPU|ID_Stage:U_STAGE_ID|ID_EX_Register:U_ID_EX|jump_out                                                     ; 13      ;
; CPU_FPGA:U_CPU|EX_Stage:U_STAGE_EX|take_branch_out~1                                                                   ; 13      ;
; CPU_FPGA:U_CPU|EX_Stage:U_STAGE_EX|ALU:U_ALU|Mux3~4                                                                    ; 13      ;
; CPU_FPGA:U_CPU|EX_Stage:U_STAGE_EX|ALU:U_ALU|Mux3~3                                                                    ; 13      ;
; CPU_FPGA:U_CPU|EX_Stage:U_STAGE_EX|ALU:U_ALU|Mux3~2                                                                    ; 13      ;
; CPU_FPGA:U_CPU|EX_Stage:U_STAGE_EX|Mux60~1                                                                             ; 12      ;
; CPU_FPGA:U_CPU|EX_Stage:U_STAGE_EX|EX_MEM_Register:U_EX_MEM|mem_result[6]                                              ; 12      ;
; CPU_FPGA:U_CPU|EX_Stage:U_STAGE_EX|EX_MEM_Register:U_EX_MEM|mem_result[7]                                              ; 12      ;
; CPU_FPGA:U_CPU|IF_Stage:U_STAGE_IF|IF_ID_Register:U_IF_ID|instruction_out[5]                                           ; 11      ;
; CPU_FPGA:U_CPU|EX_Stage:U_STAGE_EX|ALU:U_ALU|Mux13~4                                                                   ; 11      ;
; CPU_FPGA:U_CPU|EX_Stage:U_STAGE_EX|EX_MEM_Register:U_EX_MEM|mem_result[10]                                             ; 11      ;
; CPU_FPGA:U_CPU|EX_Stage:U_STAGE_EX|EX_MEM_Register:U_EX_MEM|mem_result[11]                                             ; 11      ;
; CPU_FPGA:U_CPU|EX_Stage:U_STAGE_EX|EX_MEM_Register:U_EX_MEM|mem_result[9]                                              ; 11      ;
; CPU_FPGA:U_CPU|EX_Stage:U_STAGE_EX|EX_MEM_Register:U_EX_MEM|mem_result[8]                                              ; 11      ;
; CPU_FPGA:U_CPU|EX_Stage:U_STAGE_EX|Mux59~1                                                                             ; 11      ;
; CPU_FPGA:U_CPU|IF_Stage:U_STAGE_IF|IF_ID_Register:U_IF_ID|instruction_out[2]                                           ; 11      ;
; CPU_FPGA:U_CPU|EX_Stage:U_STAGE_EX|EX_MEM_Register:U_EX_MEM|mem_mem_write                                              ; 10      ;
; uart_tx:U_UART_TX|baud_tick                                                                                            ; 10      ;
; CPU_FPGA:U_CPU|IF_Stage:U_STAGE_IF|IF_ID_Register:U_IF_ID|instruction_out[6]                                           ; 10      ;
; CPU_FPGA:U_CPU|IF_Stage:U_STAGE_IF|IF_ID_Register:U_IF_ID|instruction_out[4]                                           ; 10      ;
; CPU_FPGA:U_CPU|MEM_Stage:U_STAGE_MEM|MEM_WB_Register:U_MEM_WB|wb_read_data_out[6]~35                                   ; 10      ;
; Bus_Decoder:U_BUS_DECODER|rdata[0]~2                                                                                   ; 10      ;
; CPU_FPGA:U_CPU|EX_Stage:U_STAGE_EX|Mux55~1                                                                             ; 10      ;
; CPU_FPGA:U_CPU|EX_Stage:U_STAGE_EX|Mux54~1                                                                             ; 10      ;
; CPU_FPGA:U_CPU|EX_Stage:U_STAGE_EX|Mux53~1                                                                             ; 10      ;
; CPU_FPGA:U_CPU|EX_Stage:U_STAGE_EX|Mux52~1                                                                             ; 10      ;
; CPU_FPGA:U_CPU|EX_Stage:U_STAGE_EX|Mux51~1                                                                             ; 10      ;
; CPU_FPGA:U_CPU|EX_Stage:U_STAGE_EX|Mux50~1                                                                             ; 10      ;
; CPU_FPGA:U_CPU|EX_Stage:U_STAGE_EX|Mux49~1                                                                             ; 10      ;
; CPU_FPGA:U_CPU|EX_Stage:U_STAGE_EX|Mux48~1                                                                             ; 10      ;
; CPU_FPGA:U_CPU|ID_Stage:U_STAGE_ID|Control_Unit:U_CONTROL|alu_op[0]                                                    ; 9       ;
; uart_tx:U_UART_TX|counter[8]~11                                                                                        ; 9       ;
; CPU_FPGA:U_CPU|IF_Stage:U_STAGE_IF|IF_ID_Register:U_IF_ID|instruction_out[13]                                          ; 9       ;
; CPU_FPGA:U_CPU|EX_Stage:U_STAGE_EX|Mux33~1                                                                             ; 9       ;
; CPU_FPGA:U_CPU|EX_Stage:U_STAGE_EX|Mux34~1                                                                             ; 9       ;
; CPU_FPGA:U_CPU|EX_Stage:U_STAGE_EX|Mux58~1                                                                             ; 9       ;
; CPU_FPGA:U_CPU|EX_Stage:U_STAGE_EX|Mux57~1                                                                             ; 9       ;
; CPU_FPGA:U_CPU|EX_Stage:U_STAGE_EX|Mux56~1                                                                             ; 9       ;
; CPU_FPGA:U_CPU|EX_Stage:U_STAGE_EX|Mux47~1                                                                             ; 9       ;
; CPU_FPGA:U_CPU|EX_Stage:U_STAGE_EX|Mux46~1                                                                             ; 9       ;
; CPU_FPGA:U_CPU|EX_Stage:U_STAGE_EX|Mux45~1                                                                             ; 9       ;
; CPU_FPGA:U_CPU|EX_Stage:U_STAGE_EX|Mux44~1                                                                             ; 9       ;
; CPU_FPGA:U_CPU|EX_Stage:U_STAGE_EX|Mux43~1                                                                             ; 9       ;
; CPU_FPGA:U_CPU|EX_Stage:U_STAGE_EX|Mux42~1                                                                             ; 9       ;
; CPU_FPGA:U_CPU|EX_Stage:U_STAGE_EX|Mux41~1                                                                             ; 9       ;
; CPU_FPGA:U_CPU|EX_Stage:U_STAGE_EX|Mux40~1                                                                             ; 9       ;
; CPU_FPGA:U_CPU|EX_Stage:U_STAGE_EX|Mux39~1                                                                             ; 9       ;
; CPU_FPGA:U_CPU|EX_Stage:U_STAGE_EX|Mux38~1                                                                             ; 9       ;
; CPU_FPGA:U_CPU|EX_Stage:U_STAGE_EX|Mux37~1                                                                             ; 9       ;
; CPU_FPGA:U_CPU|EX_Stage:U_STAGE_EX|Mux36~1                                                                             ; 9       ;
; CPU_FPGA:U_CPU|EX_Stage:U_STAGE_EX|Mux35~1                                                                             ; 9       ;
; CPU_FPGA:U_CPU|IF_Stage:U_STAGE_IF|IF_ID_Register:U_IF_ID|instruction_out[0]                                           ; 9       ;
; CPU_FPGA:U_CPU|EX_Stage:U_STAGE_EX|EX_MEM_Register:U_EX_MEM|mem_result[1]                                              ; 9       ;
; CPU_FPGA:U_CPU|EX_Stage:U_STAGE_EX|EX_MEM_Register:U_EX_MEM|mem_result[0]                                              ; 9       ;
; CPU_FPGA:U_CPU|MEM_Stage:U_STAGE_MEM|Data_Memory:U_DMEM|Mux9~0                                                         ; 8       ;
; CPU_FPGA:U_CPU|ID_Stage:U_STAGE_ID|ID_EX_Register:U_ID_EX|imm_ext_out[16]~19                                           ; 8       ;
; CPU_FPGA:U_CPU|IF_Stage:U_STAGE_IF|IF_ID_Register:U_IF_ID|instruction_out[12]                                          ; 8       ;
; CPU_FPGA:U_CPU|ID_Stage:U_STAGE_ID|ID_EX_Register:U_ID_EX|mem_read_out~3                                               ; 8       ;
; CPU_FPGA:U_CPU|ID_Stage:U_STAGE_ID|ID_EX_Register:U_ID_EX|mem_read_out~0                                               ; 8       ;
; CPU_FPGA:U_CPU|IF_Stage:U_STAGE_IF|IF_ID_Register:U_IF_ID|instruction_out[14]                                          ; 8       ;
; uart_tx:U_UART_TX|current_state.IDLE                                                                                   ; 8       ;
; CPU_FPGA:U_CPU|EX_Stage:U_STAGE_EX|ALU:U_ALU|Mux16~6                                                                   ; 8       ;
; CPU_FPGA:U_CPU|EX_Stage:U_STAGE_EX|ALU:U_ALU|Mux16~4                                                                   ; 8       ;
; CPU_FPGA:U_CPU|EX_Stage:U_STAGE_EX|ALU:U_ALU|Mux16~3                                                                   ; 8       ;
; CPU_FPGA:U_CPU|EX_Stage:U_STAGE_EX|ALU:U_ALU|Mux16~2                                                                   ; 8       ;
; CPU_FPGA:U_CPU|EX_Stage:U_STAGE_EX|Mux63~1                                                                             ; 8       ;
; CPU_FPGA:U_CPU|EX_Stage:U_STAGE_EX|Mux62~1                                                                             ; 8       ;
; CPU_FPGA:U_CPU|EX_Stage:U_STAGE_EX|Mux61~1                                                                             ; 8       ;
; CPU_FPGA:U_CPU|EX_Stage:U_STAGE_EX|ALU:U_ALU|Mux3~7                                                                    ; 8       ;
; CPU_FPGA:U_CPU|IF_Stage:U_STAGE_IF|IF_ID_Register:U_IF_ID|instruction_out[1]                                           ; 8       ;
; CPU_FPGA:U_CPU|ID_Stage:U_STAGE_ID|Control_Unit:U_CONTROL|alu_op[1]                                                    ; 7       ;
; CPU_FPGA:U_CPU|MEM_Stage:U_STAGE_MEM|Data_Memory:U_DMEM|Mux13~15                                                       ; 7       ;
; CPU_FPGA:U_CPU|MEM_Stage:U_STAGE_MEM|MEM_WB_Register:U_MEM_WB|wb_read_data_out[6]~39                                   ; 7       ;
; CPU_FPGA:U_CPU|MEM_Stage:U_STAGE_MEM|Data_Memory:U_DMEM|Mux14~2                                                        ; 7       ;
; CPU_FPGA:U_CPU|MEM_Stage:U_STAGE_MEM|Data_Memory:U_DMEM|Mux9~1                                                         ; 7       ;
; CPU_FPGA:U_CPU|MEM_Stage:U_STAGE_MEM|Data_Memory:U_DMEM|Mux13~3                                                        ; 7       ;
; CPU_FPGA:U_CPU|MEM_Stage:U_STAGE_MEM|Data_Memory:U_DMEM|Mux13~2                                                        ; 7       ;
; uart_tx:U_UART_TX|shift_reg[6]~2                                                                                       ; 7       ;
; CPU_FPGA:U_CPU|MEM_Stage:U_STAGE_MEM|MEM_WB_Register:U_MEM_WB|wb_read_data_out~38                                      ; 7       ;
; CPU_FPGA:U_CPU|MEM_Stage:U_STAGE_MEM|MEM_WB_Register:U_MEM_WB|wb_read_data_out[9]~37                                   ; 7       ;
; CPU_FPGA:U_CPU|ID_Stage:U_STAGE_ID|ID_EX_Register:U_ID_EX|imm_ext_out~4                                                ; 7       ;
; CPU_FPGA:U_CPU|EX_Stage:U_STAGE_EX|M_Extension_Unit:U_M_EXT|current_state~5                                            ; 7       ;
; CPU_FPGA:U_CPU|ID_Stage:U_STAGE_ID|Control_Unit:U_CONTROL|Equal0~1                                                     ; 7       ;
; CPU_FPGA:U_CPU|EX_Stage:U_STAGE_EX|ALU:U_ALU|ShiftRight0~9                                                             ; 7       ;
; CPU_FPGA:U_CPU|ID_Stage:U_STAGE_ID|ID_EX_Register:U_ID_EX|imm_ext_out[3]                                               ; 7       ;
; CPU_FPGA:U_CPU|Mux0~0                                                                                                  ; 7       ;
; CPU_FPGA:U_CPU|IF_Stage:U_STAGE_IF|IF_ID_Register:U_IF_ID|instruction_out[3]                                           ; 7       ;
; CPU_FPGA:U_CPU|IF_Stage:U_STAGE_IF|Program_Counter:U_PC|pc_reg[3]                                                      ; 7       ;
; CPU_FPGA:U_CPU|IF_Stage:U_STAGE_IF|Program_Counter:U_PC|pc_reg[2]                                                      ; 7       ;
; clk~input                                                                                                              ; 6       ;
; debug_sel[0]~input                                                                                                     ; 6       ;
; debug_sel[1]~input                                                                                                     ; 6       ;
; CPU_FPGA:U_CPU|EX_Stage:U_STAGE_EX|ALU:U_ALU|Mux4~16                                                                   ; 6       ;
; CPU_FPGA:U_CPU|MEM_Stage:U_STAGE_MEM|Data_Memory:U_DMEM|Mux8~2                                                         ; 6       ;
; CPU_FPGA:U_CPU|EX_Stage:U_STAGE_EX|ALU:U_ALU|Mux24~4                                                                   ; 6       ;
; CPU_FPGA:U_CPU|EX_Stage:U_STAGE_EX|ALU:U_ALU|Mux4~8                                                                    ; 6       ;
; CPU_FPGA:U_CPU|EX_Stage:U_STAGE_EX|ALU:U_ALU|ShiftLeft0~31                                                             ; 6       ;
; CPU_FPGA:U_CPU|EX_Stage:U_STAGE_EX|ALU:U_ALU|ShiftRight0~6                                                             ; 6       ;
; CPU_FPGA:U_CPU|EX_Stage:U_STAGE_EX|ALU:U_ALU|Mux1~2                                                                    ; 6       ;
; CPU_FPGA:U_CPU|ID_Stage:U_STAGE_ID|ID_EX_Register:U_ID_EX|imm_ext_out[4]                                               ; 6       ;
; CPU_FPGA:U_CPU|EX_Stage:U_STAGE_EX|ALU:U_ALU|ShiftRight1~0                                                             ; 6       ;
; CPU_FPGA:U_CPU|Mux31~0                                                                                                 ; 6       ;
; CPU_FPGA:U_CPU|ID_Stage:U_STAGE_ID|ID_EX_Register:U_ID_EX|imm_ext_out[0]                                               ; 6       ;
; CPU_FPGA:U_CPU|ID_Stage:U_STAGE_ID|ID_EX_Register:U_ID_EX|funct3_out[0]                                                ; 6       ;
; CPU_FPGA:U_CPU|ID_Stage:U_STAGE_ID|ID_EX_Register:U_ID_EX|funct3_out[1]                                                ; 6       ;
; CPU_FPGA:U_CPU|IF_Stage:U_STAGE_IF|Program_Counter:U_PC|pc_reg[11]                                                     ; 6       ;
; CPU_FPGA:U_CPU|IF_Stage:U_STAGE_IF|Program_Counter:U_PC|pc_reg[10]                                                     ; 6       ;
; CPU_FPGA:U_CPU|IF_Stage:U_STAGE_IF|Program_Counter:U_PC|pc_reg[9]                                                      ; 6       ;
; CPU_FPGA:U_CPU|IF_Stage:U_STAGE_IF|Program_Counter:U_PC|pc_reg[8]                                                      ; 6       ;
; CPU_FPGA:U_CPU|IF_Stage:U_STAGE_IF|Program_Counter:U_PC|pc_reg[7]                                                      ; 6       ;
; CPU_FPGA:U_CPU|IF_Stage:U_STAGE_IF|Program_Counter:U_PC|pc_reg[6]                                                      ; 6       ;
; CPU_FPGA:U_CPU|IF_Stage:U_STAGE_IF|Program_Counter:U_PC|pc_reg[5]                                                      ; 6       ;
; CPU_FPGA:U_CPU|IF_Stage:U_STAGE_IF|Program_Counter:U_PC|pc_reg[4]                                                      ; 6       ;
; CPU_FPGA:U_CPU|EX_Stage:U_STAGE_EX|EX_MEM_Register:U_EX_MEM|mem_write_data[6]                                          ; 5       ;
; CPU_FPGA:U_CPU|EX_Stage:U_STAGE_EX|EX_MEM_Register:U_EX_MEM|mem_write_data[5]                                          ; 5       ;
; CPU_FPGA:U_CPU|EX_Stage:U_STAGE_EX|EX_MEM_Register:U_EX_MEM|mem_write_data[3]                                          ; 5       ;
; CPU_FPGA:U_CPU|EX_Stage:U_STAGE_EX|EX_MEM_Register:U_EX_MEM|mem_write_data[2]                                          ; 5       ;
; CPU_FPGA:U_CPU|EX_Stage:U_STAGE_EX|EX_MEM_Register:U_EX_MEM|mem_write_data[4]                                          ; 5       ;
; CPU_FPGA:U_CPU|EX_Stage:U_STAGE_EX|EX_MEM_Register:U_EX_MEM|mem_write_data[7]                                          ; 5       ;
; CPU_FPGA:U_CPU|EX_Stage:U_STAGE_EX|EX_MEM_Register:U_EX_MEM|mem_write_data[1]                                          ; 5       ;
; uart_tx:U_UART_TX|current_state.START                                                                                  ; 5       ;
; CPU_FPGA:U_CPU|EX_Stage:U_STAGE_EX|EX_MEM_Register:U_EX_MEM|mem_write_data[0]                                          ; 5       ;
; CPU_FPGA:U_CPU|ID_Stage:U_STAGE_ID|Control_Unit:U_CONTROL|Equal1~0                                                     ; 5       ;
; CPU_FPGA:U_CPU|ID_Stage:U_STAGE_ID|Control_Unit:U_CONTROL|Mux2~0                                                       ; 5       ;
; CPU_FPGA:U_CPU|ID_Stage:U_STAGE_ID|Control_Unit:U_CONTROL|Mux3~2                                                       ; 5       ;
; CPU_FPGA:U_CPU|IF_Stage:U_STAGE_IF|IF_ID_Register:U_IF_ID|instruction_out[30]                                          ; 5       ;
; CPU_FPGA:U_CPU|ID_Stage:U_STAGE_ID|ID_EX_Register:U_ID_EX|alu_ctrl_out~2                                               ; 5       ;
; CPU_FPGA:U_CPU|EX_Stage:U_STAGE_EX|ALU:U_ALU|Mux24~9                                                                   ; 5       ;
; CPU_FPGA:U_CPU|EX_Stage:U_STAGE_EX|ALU:U_ALU|ShiftRight0~11                                                            ; 5       ;
; CPU_FPGA:U_CPU|EX_Stage:U_STAGE_EX|ex_alu_operand_b[5]~34                                                              ; 5       ;
; CPU_FPGA:U_CPU|EX_Stage:U_STAGE_EX|ex_alu_operand_b[6]~33                                                              ; 5       ;
; CPU_FPGA:U_CPU|EX_Stage:U_STAGE_EX|ex_alu_operand_b[7]~32                                                              ; 5       ;
; CPU_FPGA:U_CPU|EX_Stage:U_STAGE_EX|ex_alu_operand_b[17]~22                                                             ; 5       ;
; CPU_FPGA:U_CPU|EX_Stage:U_STAGE_EX|ex_alu_operand_b[18]~21                                                             ; 5       ;
; CPU_FPGA:U_CPU|EX_Stage:U_STAGE_EX|ex_alu_operand_b[19]~20                                                             ; 5       ;
; CPU_FPGA:U_CPU|EX_Stage:U_STAGE_EX|ex_alu_operand_b[20]~19                                                             ; 5       ;
; CPU_FPGA:U_CPU|EX_Stage:U_STAGE_EX|ex_alu_operand_b[21]~18                                                             ; 5       ;
; CPU_FPGA:U_CPU|EX_Stage:U_STAGE_EX|ex_alu_operand_b[22]~17                                                             ; 5       ;
; CPU_FPGA:U_CPU|EX_Stage:U_STAGE_EX|ex_alu_operand_b[23]~16                                                             ; 5       ;
; CPU_FPGA:U_CPU|EX_Stage:U_STAGE_EX|ex_alu_operand_b[24]~15                                                             ; 5       ;
; CPU_FPGA:U_CPU|EX_Stage:U_STAGE_EX|ex_alu_operand_b[25]~14                                                             ; 5       ;
; CPU_FPGA:U_CPU|EX_Stage:U_STAGE_EX|ex_alu_operand_b[26]~13                                                             ; 5       ;
; CPU_FPGA:U_CPU|EX_Stage:U_STAGE_EX|ex_alu_operand_b[27]~12                                                             ; 5       ;
; CPU_FPGA:U_CPU|EX_Stage:U_STAGE_EX|ALU:U_ALU|ShiftRight0~7                                                             ; 5       ;
; CPU_FPGA:U_CPU|EX_Stage:U_STAGE_EX|ALU:U_ALU|ShiftRight1~2                                                             ; 5       ;
; CPU_FPGA:U_CPU|EX_Stage:U_STAGE_EX|ex_alu_operand_b[29]~9                                                              ; 5       ;
; CPU_FPGA:U_CPU|ID_Stage:U_STAGE_ID|ID_EX_Register:U_ID_EX|imm_ext_out[8]                                               ; 5       ;
; CPU_FPGA:U_CPU|ID_Stage:U_STAGE_ID|ID_EX_Register:U_ID_EX|imm_ext_out[9]                                               ; 5       ;
; CPU_FPGA:U_CPU|ID_Stage:U_STAGE_ID|ID_EX_Register:U_ID_EX|imm_ext_out[10]                                              ; 5       ;
; CPU_FPGA:U_CPU|Mux30~0                                                                                                 ; 5       ;
; CPU_FPGA:U_CPU|Mux29~0                                                                                                 ; 5       ;
; CPU_FPGA:U_CPU|EX_Stage:U_STAGE_EX|ex_alu_operand_b[28]~0                                                              ; 5       ;
; CPU_FPGA:U_CPU|EX_Stage:U_STAGE_EX|EX_MEM_Register:U_EX_MEM|mem_rd_addr[0]                                             ; 5       ;
; CPU_FPGA:U_CPU|Hazard_Unit:U_HAZARD|process_0~1                                                                        ; 5       ;
; CPU_FPGA:U_CPU|ID_Stage:U_STAGE_ID|RegFile:U_REGFILE|Equal2~0                                                          ; 5       ;
; CPU_FPGA:U_CPU|ID_Stage:U_STAGE_ID|RegFile:U_REGFILE|Equal1~0                                                          ; 5       ;
; CPU_FPGA:U_CPU|ID_Stage:U_STAGE_ID|ID_EX_Register:U_ID_EX|imm_ext_out[11]                                              ; 5       ;
; ~GND                                                                                                                   ; 4       ;
; CPU_FPGA:U_CPU|EX_Stage:U_STAGE_EX|ALU:U_ALU|Mux24~17                                                                  ; 4       ;
; CPU_FPGA:U_CPU|MEM_Stage:U_STAGE_MEM|Data_Memory:U_DMEM|Mux9~8                                                         ; 4       ;
; CPU_FPGA:U_CPU|MEM_Stage:U_STAGE_MEM|Data_Memory:U_DMEM|Mux10~5                                                        ; 4       ;
; CPU_FPGA:U_CPU|MEM_Stage:U_STAGE_MEM|Data_Memory:U_DMEM|Mux12~0                                                        ; 4       ;
; CPU_FPGA:U_CPU|MEM_Stage:U_STAGE_MEM|Data_Memory:U_DMEM|Mux11~5                                                        ; 4       ;
; Bus_Decoder:U_BUS_DECODER|rdata[0]~9                                                                                   ; 4       ;
; Bus_Decoder:U_BUS_DECODER|Mux2~2                                                                                       ; 4       ;
; Bus_Decoder:U_BUS_DECODER|uart_tx_we~1                                                                                 ; 4       ;
; Bus_Decoder:U_BUS_DECODER|Mux2~0                                                                                       ; 4       ;
; uart_tx:U_UART_TX|bit_index[0]                                                                                         ; 4       ;
; uart_tx:U_UART_TX|bit_index[1]                                                                                         ; 4       ;
; CPU_FPGA:U_CPU|ID_Stage:U_STAGE_ID|ImmGen:U_IMMGEN|Mux0~0                                                              ; 4       ;
; CPU_FPGA:U_CPU|ID_Stage:U_STAGE_ID|ID_EX_Register:U_ID_EX|imm_ext_out[2]~7                                             ; 4       ;
; CPU_FPGA:U_CPU|ID_Stage:U_STAGE_ID|ID_EX_Register:U_ID_EX|imm_ext_out[16]~6                                            ; 4       ;
; CPU_FPGA:U_CPU|MEM_Stage:U_STAGE_MEM|Data_Memory:U_DMEM|mem_read_latched                                               ; 4       ;
; Data_Memory:U_DATA_RAM|addr_latched[0]                                                                                 ; 4       ;
; CPU_FPGA:U_CPU|EX_Stage:U_STAGE_EX|ALU:U_ALU|Mux24~10                                                                  ; 4       ;
; CPU_FPGA:U_CPU|EX_Stage:U_STAGE_EX|ALU:U_ALU|Mux24~8                                                                   ; 4       ;
; CPU_FPGA:U_CPU|EX_Stage:U_STAGE_EX|ALU:U_ALU|Mux24~7                                                                   ; 4       ;
; CPU_FPGA:U_CPU|EX_Stage:U_STAGE_EX|ALU:U_ALU|Mux24~6                                                                   ; 4       ;
; CPU_FPGA:U_CPU|EX_Stage:U_STAGE_EX|ALU:U_ALU|Mux24~5                                                                   ; 4       ;
; CPU_FPGA:U_CPU|EX_Stage:U_STAGE_EX|ALU:U_ALU|ShiftRight0~61                                                            ; 4       ;
; CPU_FPGA:U_CPU|EX_Stage:U_STAGE_EX|ALU:U_ALU|ShiftRight0~59                                                            ; 4       ;
; CPU_FPGA:U_CPU|EX_Stage:U_STAGE_EX|ALU:U_ALU|ShiftRight1~28                                                            ; 4       ;
; CPU_FPGA:U_CPU|EX_Stage:U_STAGE_EX|ALU:U_ALU|ShiftRight0~36                                                            ; 4       ;
; CPU_FPGA:U_CPU|EX_Stage:U_STAGE_EX|ALU:U_ALU|ShiftLeft0~69                                                             ; 4       ;
; CPU_FPGA:U_CPU|EX_Stage:U_STAGE_EX|ALU:U_ALU|ShiftRight0~34                                                            ; 4       ;
; CPU_FPGA:U_CPU|EX_Stage:U_STAGE_EX|ALU:U_ALU|ShiftRight0~32                                                            ; 4       ;
; CPU_FPGA:U_CPU|EX_Stage:U_STAGE_EX|ex_alu_operand_b[8]~31                                                              ; 4       ;
; CPU_FPGA:U_CPU|EX_Stage:U_STAGE_EX|ex_alu_operand_b[9]~30                                                              ; 4       ;
; CPU_FPGA:U_CPU|EX_Stage:U_STAGE_EX|ex_alu_operand_b[10]~29                                                             ; 4       ;
; CPU_FPGA:U_CPU|EX_Stage:U_STAGE_EX|ex_alu_operand_b[11]~28                                                             ; 4       ;
; CPU_FPGA:U_CPU|EX_Stage:U_STAGE_EX|ex_alu_operand_b[12]~27                                                             ; 4       ;
; CPU_FPGA:U_CPU|EX_Stage:U_STAGE_EX|ex_alu_operand_b[13]~26                                                             ; 4       ;
; CPU_FPGA:U_CPU|EX_Stage:U_STAGE_EX|ex_alu_operand_b[14]~25                                                             ; 4       ;
; CPU_FPGA:U_CPU|EX_Stage:U_STAGE_EX|ex_alu_operand_b[15]~24                                                             ; 4       ;
; CPU_FPGA:U_CPU|EX_Stage:U_STAGE_EX|ex_alu_operand_b[16]~23                                                             ; 4       ;
; CPU_FPGA:U_CPU|EX_Stage:U_STAGE_EX|ex_alu_operand_b[30]~11                                                             ; 4       ;
; CPU_FPGA:U_CPU|EX_Stage:U_STAGE_EX|ex_alu_operand_b[31]~10                                                             ; 4       ;
; CPU_FPGA:U_CPU|ID_Stage:U_STAGE_ID|ID_EX_Register:U_ID_EX|imm_ext_out[5]                                               ; 4       ;
; CPU_FPGA:U_CPU|ID_Stage:U_STAGE_ID|ID_EX_Register:U_ID_EX|imm_ext_out[6]                                               ; 4       ;
; CPU_FPGA:U_CPU|ID_Stage:U_STAGE_ID|ID_EX_Register:U_ID_EX|imm_ext_out[7]                                               ; 4       ;
; CPU_FPGA:U_CPU|Mux11~0                                                                                                 ; 4       ;
; CPU_FPGA:U_CPU|Mux13~0                                                                                                 ; 4       ;
; CPU_FPGA:U_CPU|Mux12~0                                                                                                 ; 4       ;
; CPU_FPGA:U_CPU|Mux14~0                                                                                                 ; 4       ;
; CPU_FPGA:U_CPU|Mux15~0                                                                                                 ; 4       ;
; CPU_FPGA:U_CPU|Mux17~0                                                                                                 ; 4       ;
; CPU_FPGA:U_CPU|Mux16~0                                                                                                 ; 4       ;
; CPU_FPGA:U_CPU|Mux18~0                                                                                                 ; 4       ;
; CPU_FPGA:U_CPU|Mux4~0                                                                                                  ; 4       ;
; CPU_FPGA:U_CPU|Mux7~0                                                                                                  ; 4       ;
; CPU_FPGA:U_CPU|Mux9~0                                                                                                  ; 4       ;
; CPU_FPGA:U_CPU|Mux8~0                                                                                                  ; 4       ;
; CPU_FPGA:U_CPU|Mux10~0                                                                                                 ; 4       ;
; CPU_FPGA:U_CPU|Mux5~0                                                                                                  ; 4       ;
; CPU_FPGA:U_CPU|Mux6~0                                                                                                  ; 4       ;
; CPU_FPGA:U_CPU|Mux19~0                                                                                                 ; 4       ;
; CPU_FPGA:U_CPU|Mux21~0                                                                                                 ; 4       ;
; CPU_FPGA:U_CPU|Mux20~0                                                                                                 ; 4       ;
; CPU_FPGA:U_CPU|Mux22~0                                                                                                 ; 4       ;
; CPU_FPGA:U_CPU|Mux23~0                                                                                                 ; 4       ;
; CPU_FPGA:U_CPU|Mux25~0                                                                                                 ; 4       ;
; CPU_FPGA:U_CPU|Mux24~0                                                                                                 ; 4       ;
; CPU_FPGA:U_CPU|Mux26~0                                                                                                 ; 4       ;
; CPU_FPGA:U_CPU|EX_Stage:U_STAGE_EX|ALU:U_ALU|ShiftLeft0~7                                                              ; 4       ;
; CPU_FPGA:U_CPU|Mux27~0                                                                                                 ; 4       ;
; CPU_FPGA:U_CPU|Mux1~0                                                                                                  ; 4       ;
; CPU_FPGA:U_CPU|ID_Stage:U_STAGE_ID|ID_EX_Register:U_ID_EX|imm_ext_out[1]                                               ; 4       ;
; CPU_FPGA:U_CPU|EX_Stage:U_STAGE_EX|Mux63~0                                                                             ; 4       ;
; CPU_FPGA:U_CPU|Mux2~0                                                                                                  ; 4       ;
; CPU_FPGA:U_CPU|Mux28~0                                                                                                 ; 4       ;
; CPU_FPGA:U_CPU|ID_Stage:U_STAGE_ID|ID_EX_Register:U_ID_EX|imm_ext_out[2]                                               ; 4       ;
; CPU_FPGA:U_CPU|EX_Stage:U_STAGE_EX|Mux0~0                                                                              ; 4       ;
; CPU_FPGA:U_CPU|EX_Stage:U_STAGE_EX|EX_MEM_Register:U_EX_MEM|mem_rd_addr[2]                                             ; 4       ;
; CPU_FPGA:U_CPU|EX_Stage:U_STAGE_EX|EX_MEM_Register:U_EX_MEM|mem_rd_addr[3]                                             ; 4       ;
; CPU_FPGA:U_CPU|EX_Stage:U_STAGE_EX|EX_MEM_Register:U_EX_MEM|mem_rd_addr[4]                                             ; 4       ;
; CPU_FPGA:U_CPU|EX_Stage:U_STAGE_EX|EX_MEM_Register:U_EX_MEM|mem_rd_addr[1]                                             ; 4       ;
; CPU_FPGA:U_CPU|Mux3~0                                                                                                  ; 4       ;
; CPU_FPGA:U_CPU|ID_Stage:U_STAGE_ID|ID_EX_Register:U_ID_EX|rd_addr_out[4]                                               ; 4       ;
; CPU_FPGA:U_CPU|ID_Stage:U_STAGE_ID|ID_EX_Register:U_ID_EX|rd_addr_out[3]                                               ; 4       ;
; CPU_FPGA:U_CPU|ID_Stage:U_STAGE_ID|ID_EX_Register:U_ID_EX|rd_addr_out[2]                                               ; 4       ;
; CPU_FPGA:U_CPU|ID_Stage:U_STAGE_ID|ID_EX_Register:U_ID_EX|rd_addr_out[1]                                               ; 4       ;
; CPU_FPGA:U_CPU|ID_Stage:U_STAGE_ID|ID_EX_Register:U_ID_EX|rd_addr_out[0]                                               ; 4       ;
; CPU_FPGA:U_CPU|EX_Stage:U_STAGE_EX|M_Extension_Unit:U_M_EXT|accumulator[20]                                            ; 4       ;
; CPU_FPGA:U_CPU|EX_Stage:U_STAGE_EX|M_Extension_Unit:U_M_EXT|accumulator[18]                                            ; 4       ;
; CPU_FPGA:U_CPU|EX_Stage:U_STAGE_EX|M_Extension_Unit:U_M_EXT|accumulator[19]                                            ; 4       ;
; CPU_FPGA:U_CPU|EX_Stage:U_STAGE_EX|M_Extension_Unit:U_M_EXT|accumulator[17]                                            ; 4       ;
; CPU_FPGA:U_CPU|EX_Stage:U_STAGE_EX|M_Extension_Unit:U_M_EXT|accumulator[16]                                            ; 4       ;
; CPU_FPGA:U_CPU|EX_Stage:U_STAGE_EX|M_Extension_Unit:U_M_EXT|accumulator[14]                                            ; 4       ;
; CPU_FPGA:U_CPU|EX_Stage:U_STAGE_EX|M_Extension_Unit:U_M_EXT|accumulator[15]                                            ; 4       ;
; CPU_FPGA:U_CPU|EX_Stage:U_STAGE_EX|M_Extension_Unit:U_M_EXT|accumulator[13]                                            ; 4       ;
; CPU_FPGA:U_CPU|EX_Stage:U_STAGE_EX|M_Extension_Unit:U_M_EXT|accumulator[27]                                            ; 4       ;
; CPU_FPGA:U_CPU|EX_Stage:U_STAGE_EX|M_Extension_Unit:U_M_EXT|accumulator[24]                                            ; 4       ;
; CPU_FPGA:U_CPU|EX_Stage:U_STAGE_EX|M_Extension_Unit:U_M_EXT|accumulator[22]                                            ; 4       ;
; CPU_FPGA:U_CPU|EX_Stage:U_STAGE_EX|M_Extension_Unit:U_M_EXT|accumulator[23]                                            ; 4       ;
; CPU_FPGA:U_CPU|EX_Stage:U_STAGE_EX|M_Extension_Unit:U_M_EXT|accumulator[21]                                            ; 4       ;
; CPU_FPGA:U_CPU|EX_Stage:U_STAGE_EX|M_Extension_Unit:U_M_EXT|accumulator[26]                                            ; 4       ;
; CPU_FPGA:U_CPU|EX_Stage:U_STAGE_EX|M_Extension_Unit:U_M_EXT|accumulator[25]                                            ; 4       ;
; CPU_FPGA:U_CPU|EX_Stage:U_STAGE_EX|M_Extension_Unit:U_M_EXT|accumulator[12]                                            ; 4       ;
; CPU_FPGA:U_CPU|EX_Stage:U_STAGE_EX|M_Extension_Unit:U_M_EXT|accumulator[10]                                            ; 4       ;
; CPU_FPGA:U_CPU|EX_Stage:U_STAGE_EX|M_Extension_Unit:U_M_EXT|accumulator[11]                                            ; 4       ;
; CPU_FPGA:U_CPU|EX_Stage:U_STAGE_EX|M_Extension_Unit:U_M_EXT|accumulator[9]                                             ; 4       ;
; CPU_FPGA:U_CPU|EX_Stage:U_STAGE_EX|M_Extension_Unit:U_M_EXT|accumulator[8]                                             ; 4       ;
; CPU_FPGA:U_CPU|EX_Stage:U_STAGE_EX|M_Extension_Unit:U_M_EXT|accumulator[6]                                             ; 4       ;
; CPU_FPGA:U_CPU|EX_Stage:U_STAGE_EX|M_Extension_Unit:U_M_EXT|accumulator[7]                                             ; 4       ;
; CPU_FPGA:U_CPU|EX_Stage:U_STAGE_EX|M_Extension_Unit:U_M_EXT|accumulator[5]                                             ; 4       ;
; CPU_FPGA:U_CPU|EX_Stage:U_STAGE_EX|M_Extension_Unit:U_M_EXT|accumulator[4]                                             ; 4       ;
; CPU_FPGA:U_CPU|EX_Stage:U_STAGE_EX|M_Extension_Unit:U_M_EXT|accumulator[30]                                            ; 4       ;
; CPU_FPGA:U_CPU|EX_Stage:U_STAGE_EX|M_Extension_Unit:U_M_EXT|accumulator[1]                                             ; 4       ;
; CPU_FPGA:U_CPU|EX_Stage:U_STAGE_EX|M_Extension_Unit:U_M_EXT|accumulator[0]                                             ; 4       ;
; CPU_FPGA:U_CPU|EX_Stage:U_STAGE_EX|M_Extension_Unit:U_M_EXT|accumulator[29]                                            ; 4       ;
; CPU_FPGA:U_CPU|EX_Stage:U_STAGE_EX|M_Extension_Unit:U_M_EXT|accumulator[3]                                             ; 4       ;
; CPU_FPGA:U_CPU|EX_Stage:U_STAGE_EX|M_Extension_Unit:U_M_EXT|accumulator[2]                                             ; 4       ;
; CPU_FPGA:U_CPU|EX_Stage:U_STAGE_EX|M_Extension_Unit:U_M_EXT|quotient_reg[31]                                           ; 4       ;
; CPU_FPGA:U_CPU|EX_Stage:U_STAGE_EX|M_Extension_Unit:U_M_EXT|accumulator[28]                                            ; 4       ;
; CPU_FPGA:U_CPU|MEM_Stage:U_STAGE_MEM|Data_Memory:U_DMEM|Mux14~15                                                       ; 3       ;
; CPU_FPGA:U_CPU|MEM_Stage:U_STAGE_MEM|Data_Memory:U_DMEM|Mux14~7                                                        ; 3       ;
; CPU_FPGA:U_CPU|MEM_Stage:U_STAGE_MEM|Data_Memory:U_DMEM|Mux12~4                                                        ; 3       ;
; CPU_FPGA:U_CPU|MEM_Stage:U_STAGE_MEM|Data_Memory:U_DMEM|Mux38~0                                                        ; 3       ;
; CPU_FPGA:U_CPU|MEM_Stage:U_STAGE_MEM|Data_Memory:U_DMEM|Mux13~7                                                        ; 3       ;
; CPU_FPGA:U_CPU|MEM_Stage:U_STAGE_MEM|Data_Memory:U_DMEM|Mux8~4                                                         ; 3       ;
; CPU_FPGA:U_CPU|MEM_Stage:U_STAGE_MEM|Data_Memory:U_DMEM|Mux9~2                                                         ; 3       ;
; CPU_FPGA:U_CPU|MEM_Stage:U_STAGE_MEM|Data_Memory:U_DMEM|Mux17~1                                                        ; 3       ;
; Data_Memory:U_DATA_RAM|Mux72~0                                                                                         ; 3       ;
; uart_tx:U_UART_TX|bit_index[2]                                                                                         ; 3       ;
; CPU_FPGA:U_CPU|ID_Stage:U_STAGE_ID|ID_EX_Register:U_ID_EX|jump_out~0                                                   ; 3       ;
; CPU_FPGA:U_CPU|ID_Stage:U_STAGE_ID|ID_EX_Register:U_ID_EX|mem_write_out~0                                              ; 3       ;
; CPU_FPGA:U_CPU|IF_Stage:U_STAGE_IF|IF_ID_Register:U_IF_ID|instruction_out[7]                                           ; 3       ;
; CPU_FPGA:U_CPU|IF_Stage:U_STAGE_IF|IF_ID_Register:U_IF_ID|instruction_out[29]                                          ; 3       ;
; CPU_FPGA:U_CPU|IF_Stage:U_STAGE_IF|IF_ID_Register:U_IF_ID|instruction_out[25]                                          ; 3       ;
; CPU_FPGA:U_CPU|IF_Stage:U_STAGE_IF|IF_ID_Register:U_IF_ID|instruction_out[28]                                          ; 3       ;
; CPU_FPGA:U_CPU|IF_Stage:U_STAGE_IF|IF_ID_Register:U_IF_ID|instruction_out[27]                                          ; 3       ;
; CPU_FPGA:U_CPU|IF_Stage:U_STAGE_IF|IF_ID_Register:U_IF_ID|instruction_out[26]                                          ; 3       ;
; CPU_FPGA:U_CPU|EX_Stage:U_STAGE_EX|EX_MEM_Register:U_EX_MEM|mem_mem_read                                               ; 3       ;
; uart_tx:U_UART_TX|current_state.STOP                                                                                   ; 3       ;
; CPU_FPGA:U_CPU|EX_Stage:U_STAGE_EX|ALU:U_ALU|ShiftRight0~57                                                            ; 3       ;
; CPU_FPGA:U_CPU|EX_Stage:U_STAGE_EX|ALU:U_ALU|ShiftRight0~55                                                            ; 3       ;
; CPU_FPGA:U_CPU|EX_Stage:U_STAGE_EX|ALU:U_ALU|ShiftRight0~49                                                            ; 3       ;
; CPU_FPGA:U_CPU|EX_Stage:U_STAGE_EX|ALU:U_ALU|ShiftLeft0~76                                                             ; 3       ;
; CPU_FPGA:U_CPU|EX_Stage:U_STAGE_EX|ALU:U_ALU|ShiftLeft0~75                                                             ; 3       ;
; CPU_FPGA:U_CPU|EX_Stage:U_STAGE_EX|ALU:U_ALU|ShiftRight0~47                                                            ; 3       ;
; CPU_FPGA:U_CPU|EX_Stage:U_STAGE_EX|ALU:U_ALU|ShiftRight0~42                                                            ; 3       ;
; CPU_FPGA:U_CPU|EX_Stage:U_STAGE_EX|ALU:U_ALU|ShiftLeft0~64                                                             ; 3       ;
; CPU_FPGA:U_CPU|EX_Stage:U_STAGE_EX|ALU:U_ALU|ShiftRight1~15                                                            ; 3       ;
; CPU_FPGA:U_CPU|EX_Stage:U_STAGE_EX|ALU:U_ALU|ShiftRight0~14                                                            ; 3       ;
; CPU_FPGA:U_CPU|EX_Stage:U_STAGE_EX|ALU:U_ALU|ShiftRight0~10                                                            ; 3       ;
; CPU_FPGA:U_CPU|EX_Stage:U_STAGE_EX|Mux32~0                                                                             ; 3       ;
; CPU_FPGA:U_CPU|EX_Stage:U_STAGE_EX|ALU:U_ALU|ShiftLeft0~30                                                             ; 3       ;
; CPU_FPGA:U_CPU|ID_Stage:U_STAGE_ID|ID_EX_Register:U_ID_EX|imm_ext_out[12]                                              ; 3       ;
; CPU_FPGA:U_CPU|ID_Stage:U_STAGE_ID|ID_EX_Register:U_ID_EX|imm_ext_out[13]                                              ; 3       ;
; CPU_FPGA:U_CPU|ID_Stage:U_STAGE_ID|ID_EX_Register:U_ID_EX|imm_ext_out[14]                                              ; 3       ;
; CPU_FPGA:U_CPU|ID_Stage:U_STAGE_ID|ID_EX_Register:U_ID_EX|imm_ext_out[15]                                              ; 3       ;
; CPU_FPGA:U_CPU|EX_Stage:U_STAGE_EX|EX_MEM_Register:U_EX_MEM|mem_result[14]                                             ; 3       ;
; CPU_FPGA:U_CPU|EX_Stage:U_STAGE_EX|EX_MEM_Register:U_EX_MEM|mem_result[15]                                             ; 3       ;
; CPU_FPGA:U_CPU|EX_Stage:U_STAGE_EX|EX_MEM_Register:U_EX_MEM|mem_result[13]                                             ; 3       ;
; CPU_FPGA:U_CPU|EX_Stage:U_STAGE_EX|EX_MEM_Register:U_EX_MEM|mem_result[12]                                             ; 3       ;
; CPU_FPGA:U_CPU|EX_Stage:U_STAGE_EX|ALU:U_ALU|ShiftLeft0~11                                                             ; 3       ;
; CPU_FPGA:U_CPU|EX_Stage:U_STAGE_EX|Mux62~0                                                                             ; 3       ;
; CPU_FPGA:U_CPU|EX_Stage:U_STAGE_EX|EX_MEM_Register:U_EX_MEM|mem_result[29]                                             ; 3       ;
; CPU_FPGA:U_CPU|EX_Stage:U_STAGE_EX|Mux61~0                                                                             ; 3       ;
; CPU_FPGA:U_CPU|EX_Stage:U_STAGE_EX|Forwarding_Unit:U_FWD|process_0~1                                                   ; 3       ;
; CPU_FPGA:U_CPU|EX_Stage:U_STAGE_EX|EX_MEM_Register:U_EX_MEM|mem_reg_write                                              ; 3       ;
; CPU_FPGA:U_CPU|EX_Stage:U_STAGE_EX|EX_MEM_Register:U_EX_MEM|mem_result[28]                                             ; 3       ;
; uart_tx:U_UART_TX|counter[8]                                                                                           ; 3       ;
; timer:U_TIMER|counter_reg[1]                                                                                           ; 3       ;
; timer:U_TIMER|counter_reg[3]                                                                                           ; 3       ;
; timer:U_TIMER|counter_reg[2]                                                                                           ; 3       ;
; timer:U_TIMER|counter_reg[7]                                                                                           ; 3       ;
; timer:U_TIMER|counter_reg[15]                                                                                          ; 3       ;
; Data_Memory:U_DATA_RAM|altsyncram:ram[0][15]__3|altsyncram_1f81:auto_generated|q_a[1]                                  ; 3       ;
; Data_Memory:U_DATA_RAM|altsyncram:ram[0][15]__3|altsyncram_1f81:auto_generated|q_a[2]                                  ; 3       ;
; Data_Memory:U_DATA_RAM|altsyncram:ram[0][15]__3|altsyncram_1f81:auto_generated|q_a[3]                                  ; 3       ;
; Data_Memory:U_DATA_RAM|altsyncram:ram[0][15]__3|altsyncram_1f81:auto_generated|q_a[4]                                  ; 3       ;
; Data_Memory:U_DATA_RAM|altsyncram:ram[0][15]__3|altsyncram_1f81:auto_generated|q_a[5]                                  ; 3       ;
; Data_Memory:U_DATA_RAM|altsyncram:ram[0][15]__3|altsyncram_1f81:auto_generated|q_a[6]                                  ; 3       ;
; Data_Memory:U_DATA_RAM|altsyncram:ram[0][31]__1|altsyncram_1f81:auto_generated|q_a[1]                                  ; 3       ;
; Data_Memory:U_DATA_RAM|altsyncram:ram[0][31]__1|altsyncram_1f81:auto_generated|q_a[2]                                  ; 3       ;
; Data_Memory:U_DATA_RAM|altsyncram:ram[0][31]__1|altsyncram_1f81:auto_generated|q_a[3]                                  ; 3       ;
; Data_Memory:U_DATA_RAM|altsyncram:ram[0][31]__1|altsyncram_1f81:auto_generated|q_a[4]                                  ; 3       ;
; Data_Memory:U_DATA_RAM|altsyncram:ram[0][31]__1|altsyncram_1f81:auto_generated|q_a[5]                                  ; 3       ;
; Data_Memory:U_DATA_RAM|altsyncram:ram[0][31]__1|altsyncram_1f81:auto_generated|q_a[6]                                  ; 3       ;
; CPU_FPGA:U_CPU|EX_Stage:U_STAGE_EX|M_Extension_Unit:U_M_EXT|quotient_reg[20]                                           ; 3       ;
; CPU_FPGA:U_CPU|EX_Stage:U_STAGE_EX|M_Extension_Unit:U_M_EXT|quotient_reg[18]                                           ; 3       ;
; CPU_FPGA:U_CPU|EX_Stage:U_STAGE_EX|M_Extension_Unit:U_M_EXT|quotient_reg[19]                                           ; 3       ;
; CPU_FPGA:U_CPU|EX_Stage:U_STAGE_EX|M_Extension_Unit:U_M_EXT|quotient_reg[17]                                           ; 3       ;
; CPU_FPGA:U_CPU|EX_Stage:U_STAGE_EX|M_Extension_Unit:U_M_EXT|quotient_reg[16]                                           ; 3       ;
; CPU_FPGA:U_CPU|EX_Stage:U_STAGE_EX|M_Extension_Unit:U_M_EXT|quotient_reg[14]                                           ; 3       ;
; CPU_FPGA:U_CPU|EX_Stage:U_STAGE_EX|M_Extension_Unit:U_M_EXT|quotient_reg[15]                                           ; 3       ;
; CPU_FPGA:U_CPU|EX_Stage:U_STAGE_EX|M_Extension_Unit:U_M_EXT|quotient_reg[13]                                           ; 3       ;
; CPU_FPGA:U_CPU|EX_Stage:U_STAGE_EX|M_Extension_Unit:U_M_EXT|quotient_reg[27]                                           ; 3       ;
; CPU_FPGA:U_CPU|EX_Stage:U_STAGE_EX|M_Extension_Unit:U_M_EXT|quotient_reg[24]                                           ; 3       ;
; CPU_FPGA:U_CPU|EX_Stage:U_STAGE_EX|M_Extension_Unit:U_M_EXT|quotient_reg[22]                                           ; 3       ;
; CPU_FPGA:U_CPU|EX_Stage:U_STAGE_EX|M_Extension_Unit:U_M_EXT|quotient_reg[23]                                           ; 3       ;
; CPU_FPGA:U_CPU|EX_Stage:U_STAGE_EX|M_Extension_Unit:U_M_EXT|quotient_reg[21]                                           ; 3       ;
; CPU_FPGA:U_CPU|EX_Stage:U_STAGE_EX|M_Extension_Unit:U_M_EXT|quotient_reg[26]                                           ; 3       ;
; CPU_FPGA:U_CPU|EX_Stage:U_STAGE_EX|M_Extension_Unit:U_M_EXT|quotient_reg[25]                                           ; 3       ;
; CPU_FPGA:U_CPU|EX_Stage:U_STAGE_EX|M_Extension_Unit:U_M_EXT|quotient_reg[12]                                           ; 3       ;
; CPU_FPGA:U_CPU|EX_Stage:U_STAGE_EX|M_Extension_Unit:U_M_EXT|quotient_reg[10]                                           ; 3       ;
; CPU_FPGA:U_CPU|EX_Stage:U_STAGE_EX|M_Extension_Unit:U_M_EXT|quotient_reg[11]                                           ; 3       ;
; CPU_FPGA:U_CPU|EX_Stage:U_STAGE_EX|M_Extension_Unit:U_M_EXT|quotient_reg[9]                                            ; 3       ;
; CPU_FPGA:U_CPU|EX_Stage:U_STAGE_EX|M_Extension_Unit:U_M_EXT|quotient_reg[8]                                            ; 3       ;
; CPU_FPGA:U_CPU|EX_Stage:U_STAGE_EX|M_Extension_Unit:U_M_EXT|quotient_reg[6]                                            ; 3       ;
; CPU_FPGA:U_CPU|EX_Stage:U_STAGE_EX|M_Extension_Unit:U_M_EXT|quotient_reg[7]                                            ; 3       ;
; CPU_FPGA:U_CPU|EX_Stage:U_STAGE_EX|M_Extension_Unit:U_M_EXT|quotient_reg[5]                                            ; 3       ;
; CPU_FPGA:U_CPU|EX_Stage:U_STAGE_EX|M_Extension_Unit:U_M_EXT|quotient_reg[4]                                            ; 3       ;
; CPU_FPGA:U_CPU|EX_Stage:U_STAGE_EX|M_Extension_Unit:U_M_EXT|quotient_reg[30]                                           ; 3       ;
; CPU_FPGA:U_CPU|EX_Stage:U_STAGE_EX|M_Extension_Unit:U_M_EXT|quotient_reg[1]                                            ; 3       ;
; CPU_FPGA:U_CPU|EX_Stage:U_STAGE_EX|M_Extension_Unit:U_M_EXT|quotient_reg[0]                                            ; 3       ;
; CPU_FPGA:U_CPU|EX_Stage:U_STAGE_EX|M_Extension_Unit:U_M_EXT|quotient_reg[29]                                           ; 3       ;
; CPU_FPGA:U_CPU|EX_Stage:U_STAGE_EX|M_Extension_Unit:U_M_EXT|quotient_reg[3]                                            ; 3       ;
; CPU_FPGA:U_CPU|EX_Stage:U_STAGE_EX|M_Extension_Unit:U_M_EXT|quotient_reg[2]                                            ; 3       ;
; CPU_FPGA:U_CPU|EX_Stage:U_STAGE_EX|M_Extension_Unit:U_M_EXT|accumulator[31]                                            ; 3       ;
; CPU_FPGA:U_CPU|EX_Stage:U_STAGE_EX|M_Extension_Unit:U_M_EXT|quotient_reg[28]                                           ; 3       ;
; CPU_FPGA:U_CPU|MEM_Stage:U_STAGE_MEM|Data_Memory:U_DMEM|altsyncram:ram[0][7]__4|altsyncram_1f81:auto_generated|q_a[0]  ; 3       ;
; CPU_FPGA:U_CPU|MEM_Stage:U_STAGE_MEM|Data_Memory:U_DMEM|altsyncram:ram[0][15]__3|altsyncram_1f81:auto_generated|q_a[0] ; 3       ;
; CPU_FPGA:U_CPU|MEM_Stage:U_STAGE_MEM|Data_Memory:U_DMEM|altsyncram:ram[0][23]__2|altsyncram_1f81:auto_generated|q_a[0] ; 3       ;
; CPU_FPGA:U_CPU|MEM_Stage:U_STAGE_MEM|Data_Memory:U_DMEM|altsyncram:ram[0][31]__1|altsyncram_1f81:auto_generated|q_a[1] ; 3       ;
; CPU_FPGA:U_CPU|MEM_Stage:U_STAGE_MEM|Data_Memory:U_DMEM|altsyncram:ram[0][31]__1|altsyncram_1f81:auto_generated|q_a[2] ; 3       ;
; CPU_FPGA:U_CPU|MEM_Stage:U_STAGE_MEM|Data_Memory:U_DMEM|altsyncram:ram[0][31]__1|altsyncram_1f81:auto_generated|q_a[3] ; 3       ;
; CPU_FPGA:U_CPU|MEM_Stage:U_STAGE_MEM|Data_Memory:U_DMEM|altsyncram:ram[0][31]__1|altsyncram_1f81:auto_generated|q_a[4] ; 3       ;
; CPU_FPGA:U_CPU|MEM_Stage:U_STAGE_MEM|Data_Memory:U_DMEM|altsyncram:ram[0][31]__1|altsyncram_1f81:auto_generated|q_a[5] ; 3       ;
; CPU_FPGA:U_CPU|MEM_Stage:U_STAGE_MEM|Data_Memory:U_DMEM|altsyncram:ram[0][31]__1|altsyncram_1f81:auto_generated|q_a[6] ; 3       ;
; CPU_FPGA:U_CPU|MEM_Stage:U_STAGE_MEM|Data_Memory:U_DMEM|altsyncram:ram[0][31]__1|altsyncram_1f81:auto_generated|q_a[7] ; 3       ;
; CPU_FPGA:U_CPU|MEM_Stage:U_STAGE_MEM|Data_Memory:U_DMEM|altsyncram:ram[0][31]__1|altsyncram_1f81:auto_generated|q_a[0] ; 3       ;
; CPU_FPGA:U_CPU|EX_Stage:U_STAGE_EX|M_Extension_Unit:U_M_EXT|count[5]                                                   ; 3       ;
; CPU_FPGA:U_CPU|EX_Stage:U_STAGE_EX|M_Extension_Unit:U_M_EXT|count[4]                                                   ; 3       ;
; CPU_FPGA:U_CPU|EX_Stage:U_STAGE_EX|EX_MEM_Register:U_EX_MEM|mem_result[20]                                             ; 3       ;
; CPU_FPGA:U_CPU|EX_Stage:U_STAGE_EX|EX_MEM_Register:U_EX_MEM|mem_result[18]                                             ; 3       ;
; CPU_FPGA:U_CPU|EX_Stage:U_STAGE_EX|EX_MEM_Register:U_EX_MEM|mem_result[19]                                             ; 3       ;
; CPU_FPGA:U_CPU|EX_Stage:U_STAGE_EX|EX_MEM_Register:U_EX_MEM|mem_result[17]                                             ; 3       ;
; CPU_FPGA:U_CPU|EX_Stage:U_STAGE_EX|EX_MEM_Register:U_EX_MEM|mem_result[16]                                             ; 3       ;
; CPU_FPGA:U_CPU|EX_Stage:U_STAGE_EX|EX_MEM_Register:U_EX_MEM|mem_result[27]                                             ; 3       ;
; CPU_FPGA:U_CPU|EX_Stage:U_STAGE_EX|EX_MEM_Register:U_EX_MEM|mem_result[24]                                             ; 3       ;
; CPU_FPGA:U_CPU|EX_Stage:U_STAGE_EX|EX_MEM_Register:U_EX_MEM|mem_result[22]                                             ; 3       ;
; CPU_FPGA:U_CPU|EX_Stage:U_STAGE_EX|EX_MEM_Register:U_EX_MEM|mem_result[23]                                             ; 3       ;
; CPU_FPGA:U_CPU|EX_Stage:U_STAGE_EX|EX_MEM_Register:U_EX_MEM|mem_result[21]                                             ; 3       ;
; CPU_FPGA:U_CPU|EX_Stage:U_STAGE_EX|EX_MEM_Register:U_EX_MEM|mem_result[26]                                             ; 3       ;
; CPU_FPGA:U_CPU|EX_Stage:U_STAGE_EX|EX_MEM_Register:U_EX_MEM|mem_result[25]                                             ; 3       ;
; CPU_FPGA:U_CPU|EX_Stage:U_STAGE_EX|EX_MEM_Register:U_EX_MEM|mem_result[30]                                             ; 3       ;
; CPU_FPGA:U_CPU|EX_Stage:U_STAGE_EX|ALU:U_ALU|ShiftLeft0~100                                                            ; 2       ;
; uart_tx:U_UART_TX|shift_reg[7]                                                                                         ; 2       ;
; CPU_FPGA:U_CPU|EX_Stage:U_STAGE_EX|EX_MEM_Register:U_EX_MEM|mem_write_data[14]                                         ; 2       ;
; CPU_FPGA:U_CPU|EX_Stage:U_STAGE_EX|EX_MEM_Register:U_EX_MEM|mem_write_data[9]                                          ; 2       ;
; CPU_FPGA:U_CPU|EX_Stage:U_STAGE_EX|EX_MEM_Register:U_EX_MEM|mem_write_data[13]                                         ; 2       ;
; CPU_FPGA:U_CPU|EX_Stage:U_STAGE_EX|EX_MEM_Register:U_EX_MEM|mem_write_data[11]                                         ; 2       ;
; CPU_FPGA:U_CPU|EX_Stage:U_STAGE_EX|EX_MEM_Register:U_EX_MEM|mem_write_data[10]                                         ; 2       ;
; CPU_FPGA:U_CPU|EX_Stage:U_STAGE_EX|M_Extension_Unit:U_M_EXT|overflow~1                                                 ; 2       ;
; CPU_FPGA:U_CPU|EX_Stage:U_STAGE_EX|M_Extension_Unit:U_M_EXT|v_b_ext[17]~31                                             ; 2       ;
; CPU_FPGA:U_CPU|EX_Stage:U_STAGE_EX|M_Extension_Unit:U_M_EXT|v_b_ext[16]~30                                             ; 2       ;
; CPU_FPGA:U_CPU|EX_Stage:U_STAGE_EX|M_Extension_Unit:U_M_EXT|v_b_ext[15]~29                                             ; 2       ;
; CPU_FPGA:U_CPU|EX_Stage:U_STAGE_EX|M_Extension_Unit:U_M_EXT|v_b_ext[14]~28                                             ; 2       ;
; CPU_FPGA:U_CPU|EX_Stage:U_STAGE_EX|M_Extension_Unit:U_M_EXT|v_b_ext[13]~27                                             ; 2       ;
; CPU_FPGA:U_CPU|EX_Stage:U_STAGE_EX|M_Extension_Unit:U_M_EXT|v_b_ext[12]~26                                             ; 2       ;
; CPU_FPGA:U_CPU|EX_Stage:U_STAGE_EX|M_Extension_Unit:U_M_EXT|v_b_ext[11]~25                                             ; 2       ;
; CPU_FPGA:U_CPU|EX_Stage:U_STAGE_EX|M_Extension_Unit:U_M_EXT|v_b_ext[10]~24                                             ; 2       ;
; CPU_FPGA:U_CPU|EX_Stage:U_STAGE_EX|M_Extension_Unit:U_M_EXT|v_b_ext[9]~23                                              ; 2       ;
; CPU_FPGA:U_CPU|EX_Stage:U_STAGE_EX|M_Extension_Unit:U_M_EXT|v_b_ext[8]~22                                              ; 2       ;
; CPU_FPGA:U_CPU|EX_Stage:U_STAGE_EX|M_Extension_Unit:U_M_EXT|v_b_ext[7]~21                                              ; 2       ;
; CPU_FPGA:U_CPU|EX_Stage:U_STAGE_EX|M_Extension_Unit:U_M_EXT|v_b_ext[6]~20                                              ; 2       ;
; CPU_FPGA:U_CPU|EX_Stage:U_STAGE_EX|M_Extension_Unit:U_M_EXT|v_b_ext[5]~19                                              ; 2       ;
; CPU_FPGA:U_CPU|EX_Stage:U_STAGE_EX|M_Extension_Unit:U_M_EXT|v_b_ext[4]~18                                              ; 2       ;
; CPU_FPGA:U_CPU|EX_Stage:U_STAGE_EX|M_Extension_Unit:U_M_EXT|v_b_ext[3]~17                                              ; 2       ;
; CPU_FPGA:U_CPU|EX_Stage:U_STAGE_EX|M_Extension_Unit:U_M_EXT|v_b_ext[2]~16                                              ; 2       ;
; CPU_FPGA:U_CPU|EX_Stage:U_STAGE_EX|M_Extension_Unit:U_M_EXT|v_b_ext[1]~15                                              ; 2       ;
; CPU_FPGA:U_CPU|EX_Stage:U_STAGE_EX|M_Extension_Unit:U_M_EXT|v_b_ext[0]~14                                              ; 2       ;
; CPU_FPGA:U_CPU|EX_Stage:U_STAGE_EX|M_Extension_Unit:U_M_EXT|Mux0~2                                                     ; 2       ;
; CPU_FPGA:U_CPU|EX_Stage:U_STAGE_EX|M_Extension_Unit:U_M_EXT|Mux0~0                                                     ; 2       ;
; CPU_FPGA:U_CPU|EX_Stage:U_STAGE_EX|M_Extension_Unit:U_M_EXT|v_a_ext[30]~30                                             ; 2       ;
; CPU_FPGA:U_CPU|EX_Stage:U_STAGE_EX|M_Extension_Unit:U_M_EXT|v_a_ext[29]~29                                             ; 2       ;
; CPU_FPGA:U_CPU|EX_Stage:U_STAGE_EX|M_Extension_Unit:U_M_EXT|v_a_ext[28]~28                                             ; 2       ;
; CPU_FPGA:U_CPU|EX_Stage:U_STAGE_EX|M_Extension_Unit:U_M_EXT|v_a_ext[27]~27                                             ; 2       ;
; CPU_FPGA:U_CPU|EX_Stage:U_STAGE_EX|M_Extension_Unit:U_M_EXT|v_a_ext[26]~26                                             ; 2       ;
; CPU_FPGA:U_CPU|EX_Stage:U_STAGE_EX|M_Extension_Unit:U_M_EXT|v_a_ext[25]~25                                             ; 2       ;
; CPU_FPGA:U_CPU|EX_Stage:U_STAGE_EX|M_Extension_Unit:U_M_EXT|v_a_ext[24]~24                                             ; 2       ;
; CPU_FPGA:U_CPU|EX_Stage:U_STAGE_EX|M_Extension_Unit:U_M_EXT|v_a_ext[23]~23                                             ; 2       ;
; CPU_FPGA:U_CPU|EX_Stage:U_STAGE_EX|M_Extension_Unit:U_M_EXT|v_a_ext[22]~22                                             ; 2       ;
; CPU_FPGA:U_CPU|EX_Stage:U_STAGE_EX|M_Extension_Unit:U_M_EXT|v_a_ext[21]~21                                             ; 2       ;
; CPU_FPGA:U_CPU|EX_Stage:U_STAGE_EX|M_Extension_Unit:U_M_EXT|v_a_ext[20]~20                                             ; 2       ;
; CPU_FPGA:U_CPU|EX_Stage:U_STAGE_EX|M_Extension_Unit:U_M_EXT|v_a_ext[19]~19                                             ; 2       ;
; CPU_FPGA:U_CPU|EX_Stage:U_STAGE_EX|M_Extension_Unit:U_M_EXT|v_a_ext[18]~18                                             ; 2       ;
; CPU_FPGA:U_CPU|EX_Stage:U_STAGE_EX|M_Extension_Unit:U_M_EXT|Mux1~1                                                     ; 2       ;
; CPU_FPGA:U_CPU|EX_Stage:U_STAGE_EX|M_Extension_Unit:U_M_EXT|v_b_ext[31]~13                                             ; 2       ;
; CPU_FPGA:U_CPU|EX_Stage:U_STAGE_EX|M_Extension_Unit:U_M_EXT|v_b_ext[30]~12                                             ; 2       ;
; CPU_FPGA:U_CPU|EX_Stage:U_STAGE_EX|M_Extension_Unit:U_M_EXT|v_b_ext[29]~11                                             ; 2       ;
; CPU_FPGA:U_CPU|EX_Stage:U_STAGE_EX|M_Extension_Unit:U_M_EXT|v_b_ext[28]~10                                             ; 2       ;
; CPU_FPGA:U_CPU|EX_Stage:U_STAGE_EX|M_Extension_Unit:U_M_EXT|v_b_ext[27]~9                                              ; 2       ;
; CPU_FPGA:U_CPU|EX_Stage:U_STAGE_EX|M_Extension_Unit:U_M_EXT|v_b_ext[26]~8                                              ; 2       ;
; CPU_FPGA:U_CPU|EX_Stage:U_STAGE_EX|M_Extension_Unit:U_M_EXT|v_b_ext[25]~7                                              ; 2       ;
; CPU_FPGA:U_CPU|EX_Stage:U_STAGE_EX|M_Extension_Unit:U_M_EXT|v_b_ext[24]~6                                              ; 2       ;
; CPU_FPGA:U_CPU|EX_Stage:U_STAGE_EX|M_Extension_Unit:U_M_EXT|v_b_ext[23]~5                                              ; 2       ;
; CPU_FPGA:U_CPU|EX_Stage:U_STAGE_EX|M_Extension_Unit:U_M_EXT|v_b_ext[22]~4                                              ; 2       ;
; CPU_FPGA:U_CPU|EX_Stage:U_STAGE_EX|M_Extension_Unit:U_M_EXT|v_b_ext[21]~3                                              ; 2       ;
; CPU_FPGA:U_CPU|EX_Stage:U_STAGE_EX|M_Extension_Unit:U_M_EXT|v_b_ext[20]~2                                              ; 2       ;
; CPU_FPGA:U_CPU|EX_Stage:U_STAGE_EX|M_Extension_Unit:U_M_EXT|v_b_ext[19]~1                                              ; 2       ;
; CPU_FPGA:U_CPU|EX_Stage:U_STAGE_EX|M_Extension_Unit:U_M_EXT|v_b_ext[18]~0                                              ; 2       ;
; CPU_FPGA:U_CPU|EX_Stage:U_STAGE_EX|M_Extension_Unit:U_M_EXT|v_a_ext[17]~17                                             ; 2       ;
; CPU_FPGA:U_CPU|EX_Stage:U_STAGE_EX|M_Extension_Unit:U_M_EXT|v_a_ext[16]~16                                             ; 2       ;
; CPU_FPGA:U_CPU|EX_Stage:U_STAGE_EX|M_Extension_Unit:U_M_EXT|v_a_ext[15]~15                                             ; 2       ;
; CPU_FPGA:U_CPU|EX_Stage:U_STAGE_EX|M_Extension_Unit:U_M_EXT|v_a_ext[14]~14                                             ; 2       ;
; CPU_FPGA:U_CPU|EX_Stage:U_STAGE_EX|M_Extension_Unit:U_M_EXT|v_a_ext[13]~13                                             ; 2       ;
; CPU_FPGA:U_CPU|EX_Stage:U_STAGE_EX|M_Extension_Unit:U_M_EXT|v_a_ext[12]~12                                             ; 2       ;
; CPU_FPGA:U_CPU|EX_Stage:U_STAGE_EX|M_Extension_Unit:U_M_EXT|v_a_ext[11]~11                                             ; 2       ;
; CPU_FPGA:U_CPU|EX_Stage:U_STAGE_EX|M_Extension_Unit:U_M_EXT|v_a_ext[10]~10                                             ; 2       ;
; CPU_FPGA:U_CPU|EX_Stage:U_STAGE_EX|M_Extension_Unit:U_M_EXT|v_a_ext[9]~9                                               ; 2       ;
; CPU_FPGA:U_CPU|EX_Stage:U_STAGE_EX|M_Extension_Unit:U_M_EXT|v_a_ext[8]~8                                               ; 2       ;
; CPU_FPGA:U_CPU|EX_Stage:U_STAGE_EX|M_Extension_Unit:U_M_EXT|v_a_ext[7]~7                                               ; 2       ;
; CPU_FPGA:U_CPU|EX_Stage:U_STAGE_EX|M_Extension_Unit:U_M_EXT|v_a_ext[6]~6                                               ; 2       ;
; CPU_FPGA:U_CPU|EX_Stage:U_STAGE_EX|M_Extension_Unit:U_M_EXT|v_a_ext[5]~5                                               ; 2       ;
; CPU_FPGA:U_CPU|EX_Stage:U_STAGE_EX|M_Extension_Unit:U_M_EXT|v_a_ext[4]~4                                               ; 2       ;
; CPU_FPGA:U_CPU|EX_Stage:U_STAGE_EX|M_Extension_Unit:U_M_EXT|v_a_ext[3]~3                                               ; 2       ;
; CPU_FPGA:U_CPU|EX_Stage:U_STAGE_EX|M_Extension_Unit:U_M_EXT|v_a_ext[2]~2                                               ; 2       ;
; CPU_FPGA:U_CPU|EX_Stage:U_STAGE_EX|M_Extension_Unit:U_M_EXT|v_a_ext[1]~1                                               ; 2       ;
; CPU_FPGA:U_CPU|EX_Stage:U_STAGE_EX|M_Extension_Unit:U_M_EXT|v_a_ext[0]~0                                               ; 2       ;
; CPU_FPGA:U_CPU|EX_Stage:U_STAGE_EX|EX_MEM_Register:U_EX_MEM|mem_write_data[12]                                         ; 2       ;
; CPU_FPGA:U_CPU|EX_Stage:U_STAGE_EX|EX_MEM_Register:U_EX_MEM|mem_write_data[8]                                          ; 2       ;
; CPU_FPGA:U_CPU|EX_Stage:U_STAGE_EX|EX_MEM_Register:U_EX_MEM|mem_write_data[15]                                         ; 2       ;
; uart_tx:U_UART_TX|Equal0~1                                                                                             ; 2       ;
; uart_tx:U_UART_TX|Equal0~0                                                                                             ; 2       ;
; CPU_FPGA:U_CPU|MEM_Stage:U_STAGE_MEM|Data_Memory:U_DMEM|Mux9~5                                                         ; 2       ;
; CPU_FPGA:U_CPU|MEM_Stage:U_STAGE_MEM|Data_Memory:U_DMEM|Mux14~10                                                       ; 2       ;
; CPU_FPGA:U_CPU|MEM_Stage:U_STAGE_MEM|Data_Memory:U_DMEM|Mux14~6                                                        ; 2       ;
; CPU_FPGA:U_CPU|MEM_Stage:U_STAGE_MEM|Data_Memory:U_DMEM|Mux10~2                                                        ; 2       ;
; CPU_FPGA:U_CPU|MEM_Stage:U_STAGE_MEM|Data_Memory:U_DMEM|Mux12~7                                                        ; 2       ;
; CPU_FPGA:U_CPU|MEM_Stage:U_STAGE_MEM|Data_Memory:U_DMEM|Mux12~3                                                        ; 2       ;
; CPU_FPGA:U_CPU|MEM_Stage:U_STAGE_MEM|Data_Memory:U_DMEM|Mux13~10                                                       ; 2       ;
; CPU_FPGA:U_CPU|MEM_Stage:U_STAGE_MEM|Data_Memory:U_DMEM|Mux13~6                                                        ; 2       ;
; CPU_FPGA:U_CPU|MEM_Stage:U_STAGE_MEM|Data_Memory:U_DMEM|Mux32~2                                                        ; 2       ;
; CPU_FPGA:U_CPU|MEM_Stage:U_STAGE_MEM|Data_Memory:U_DMEM|Mux8~6                                                         ; 2       ;
; Bus_Decoder:U_BUS_DECODER|rdata[7]~13                                                                                  ; 2       ;
; Bus_Decoder:U_BUS_DECODER|rdata[15]~11                                                                                 ; 2       ;
; CPU_FPGA:U_CPU|MEM_Stage:U_STAGE_MEM|Data_Memory:U_DMEM|Mux11~2                                                        ; 2       ;
; CPU_FPGA:U_CPU|MEM_Stage:U_STAGE_MEM|Data_Memory:U_DMEM|Mux7~0                                                         ; 2       ;
; CPU_FPGA:U_CPU|MEM_Stage:U_STAGE_MEM|Data_Memory:U_DMEM|Mux6~0                                                         ; 2       ;
; CPU_FPGA:U_CPU|MEM_Stage:U_STAGE_MEM|Data_Memory:U_DMEM|Mux15~7                                                        ; 2       ;
; CPU_FPGA:U_CPU|MEM_Stage:U_STAGE_MEM|Data_Memory:U_DMEM|Mux4~0                                                         ; 2       ;
; Bus_Decoder:U_BUS_DECODER|rdata[0]~6                                                                                   ; 2       ;
; Bus_Decoder:U_BUS_DECODER|uart_tx_we~2                                                                                 ; 2       ;
; Data_Memory:U_DATA_RAM|Mux72~1                                                                                         ; 2       ;
; CPU_FPGA:U_CPU|MEM_Stage:U_STAGE_MEM|Data_Memory:U_DMEM|Mux5~0                                                         ; 2       ;
; uart_tx:U_UART_TX|current_state.STOP~0                                                                                 ; 2       ;
; CPU_FPGA:U_CPU|ID_Stage:U_STAGE_ID|RegFile:U_REGFILE|registers[15][20]                                                 ; 2       ;
; CPU_FPGA:U_CPU|ID_Stage:U_STAGE_ID|RegFile:U_REGFILE|registers[12][20]                                                 ; 2       ;
; CPU_FPGA:U_CPU|ID_Stage:U_STAGE_ID|RegFile:U_REGFILE|registers[13][20]                                                 ; 2       ;
; CPU_FPGA:U_CPU|ID_Stage:U_STAGE_ID|RegFile:U_REGFILE|registers[14][20]                                                 ; 2       ;
; CPU_FPGA:U_CPU|ID_Stage:U_STAGE_ID|RegFile:U_REGFILE|registers[2][20]                                                  ; 2       ;
; CPU_FPGA:U_CPU|ID_Stage:U_STAGE_ID|RegFile:U_REGFILE|registers[1][20]                                                  ; 2       ;
; CPU_FPGA:U_CPU|ID_Stage:U_STAGE_ID|RegFile:U_REGFILE|registers[3][20]                                                  ; 2       ;
; CPU_FPGA:U_CPU|ID_Stage:U_STAGE_ID|RegFile:U_REGFILE|registers[11][20]                                                 ; 2       ;
; CPU_FPGA:U_CPU|ID_Stage:U_STAGE_ID|RegFile:U_REGFILE|registers[8][20]                                                  ; 2       ;
; CPU_FPGA:U_CPU|ID_Stage:U_STAGE_ID|RegFile:U_REGFILE|registers[10][20]                                                 ; 2       ;
; CPU_FPGA:U_CPU|ID_Stage:U_STAGE_ID|RegFile:U_REGFILE|registers[9][20]                                                  ; 2       ;
; CPU_FPGA:U_CPU|ID_Stage:U_STAGE_ID|RegFile:U_REGFILE|registers[7][20]                                                  ; 2       ;
; CPU_FPGA:U_CPU|ID_Stage:U_STAGE_ID|RegFile:U_REGFILE|registers[4][20]                                                  ; 2       ;
; CPU_FPGA:U_CPU|ID_Stage:U_STAGE_ID|RegFile:U_REGFILE|registers[5][20]                                                  ; 2       ;
; CPU_FPGA:U_CPU|ID_Stage:U_STAGE_ID|RegFile:U_REGFILE|registers[6][20]                                                  ; 2       ;
; CPU_FPGA:U_CPU|ID_Stage:U_STAGE_ID|RegFile:U_REGFILE|registers[31][20]                                                 ; 2       ;
; CPU_FPGA:U_CPU|ID_Stage:U_STAGE_ID|RegFile:U_REGFILE|registers[19][20]                                                 ; 2       ;
; CPU_FPGA:U_CPU|ID_Stage:U_STAGE_ID|RegFile:U_REGFILE|registers[27][20]                                                 ; 2       ;
; CPU_FPGA:U_CPU|ID_Stage:U_STAGE_ID|RegFile:U_REGFILE|registers[23][20]                                                 ; 2       ;
; CPU_FPGA:U_CPU|ID_Stage:U_STAGE_ID|RegFile:U_REGFILE|registers[28][20]                                                 ; 2       ;
; CPU_FPGA:U_CPU|ID_Stage:U_STAGE_ID|RegFile:U_REGFILE|registers[16][20]                                                 ; 2       ;
; CPU_FPGA:U_CPU|ID_Stage:U_STAGE_ID|RegFile:U_REGFILE|registers[20][20]                                                 ; 2       ;
; CPU_FPGA:U_CPU|ID_Stage:U_STAGE_ID|RegFile:U_REGFILE|registers[24][20]                                                 ; 2       ;
; CPU_FPGA:U_CPU|ID_Stage:U_STAGE_ID|RegFile:U_REGFILE|registers[30][20]                                                 ; 2       ;
; CPU_FPGA:U_CPU|ID_Stage:U_STAGE_ID|RegFile:U_REGFILE|registers[18][20]                                                 ; 2       ;
; CPU_FPGA:U_CPU|ID_Stage:U_STAGE_ID|RegFile:U_REGFILE|registers[22][20]                                                 ; 2       ;
; CPU_FPGA:U_CPU|ID_Stage:U_STAGE_ID|RegFile:U_REGFILE|registers[26][20]                                                 ; 2       ;
; CPU_FPGA:U_CPU|ID_Stage:U_STAGE_ID|RegFile:U_REGFILE|registers[29][20]                                                 ; 2       ;
; CPU_FPGA:U_CPU|ID_Stage:U_STAGE_ID|RegFile:U_REGFILE|registers[17][20]                                                 ; 2       ;
; CPU_FPGA:U_CPU|ID_Stage:U_STAGE_ID|RegFile:U_REGFILE|registers[25][20]                                                 ; 2       ;
; CPU_FPGA:U_CPU|ID_Stage:U_STAGE_ID|RegFile:U_REGFILE|registers[21][20]                                                 ; 2       ;
; CPU_FPGA:U_CPU|ID_Stage:U_STAGE_ID|RegFile:U_REGFILE|registers[15][18]                                                 ; 2       ;
; CPU_FPGA:U_CPU|ID_Stage:U_STAGE_ID|RegFile:U_REGFILE|registers[12][18]                                                 ; 2       ;
; CPU_FPGA:U_CPU|ID_Stage:U_STAGE_ID|RegFile:U_REGFILE|registers[13][18]                                                 ; 2       ;
; CPU_FPGA:U_CPU|ID_Stage:U_STAGE_ID|RegFile:U_REGFILE|registers[14][18]                                                 ; 2       ;
; CPU_FPGA:U_CPU|ID_Stage:U_STAGE_ID|RegFile:U_REGFILE|registers[2][18]                                                  ; 2       ;
; CPU_FPGA:U_CPU|ID_Stage:U_STAGE_ID|RegFile:U_REGFILE|registers[1][18]                                                  ; 2       ;
; CPU_FPGA:U_CPU|ID_Stage:U_STAGE_ID|RegFile:U_REGFILE|registers[3][18]                                                  ; 2       ;
; CPU_FPGA:U_CPU|ID_Stage:U_STAGE_ID|RegFile:U_REGFILE|registers[11][18]                                                 ; 2       ;
; CPU_FPGA:U_CPU|ID_Stage:U_STAGE_ID|RegFile:U_REGFILE|registers[8][18]                                                  ; 2       ;
; CPU_FPGA:U_CPU|ID_Stage:U_STAGE_ID|RegFile:U_REGFILE|registers[10][18]                                                 ; 2       ;
; CPU_FPGA:U_CPU|ID_Stage:U_STAGE_ID|RegFile:U_REGFILE|registers[9][18]                                                  ; 2       ;
; CPU_FPGA:U_CPU|ID_Stage:U_STAGE_ID|RegFile:U_REGFILE|registers[7][18]                                                  ; 2       ;
; CPU_FPGA:U_CPU|ID_Stage:U_STAGE_ID|RegFile:U_REGFILE|registers[4][18]                                                  ; 2       ;
; CPU_FPGA:U_CPU|ID_Stage:U_STAGE_ID|RegFile:U_REGFILE|registers[5][18]                                                  ; 2       ;
; CPU_FPGA:U_CPU|ID_Stage:U_STAGE_ID|RegFile:U_REGFILE|registers[6][18]                                                  ; 2       ;
; CPU_FPGA:U_CPU|ID_Stage:U_STAGE_ID|RegFile:U_REGFILE|registers[31][18]                                                 ; 2       ;
; CPU_FPGA:U_CPU|ID_Stage:U_STAGE_ID|RegFile:U_REGFILE|registers[19][18]                                                 ; 2       ;
; CPU_FPGA:U_CPU|ID_Stage:U_STAGE_ID|RegFile:U_REGFILE|registers[27][18]                                                 ; 2       ;
; CPU_FPGA:U_CPU|ID_Stage:U_STAGE_ID|RegFile:U_REGFILE|registers[23][18]                                                 ; 2       ;
; CPU_FPGA:U_CPU|ID_Stage:U_STAGE_ID|RegFile:U_REGFILE|registers[28][18]                                                 ; 2       ;
; CPU_FPGA:U_CPU|ID_Stage:U_STAGE_ID|RegFile:U_REGFILE|registers[16][18]                                                 ; 2       ;
; CPU_FPGA:U_CPU|ID_Stage:U_STAGE_ID|RegFile:U_REGFILE|registers[20][18]                                                 ; 2       ;
; CPU_FPGA:U_CPU|ID_Stage:U_STAGE_ID|RegFile:U_REGFILE|registers[24][18]                                                 ; 2       ;
; CPU_FPGA:U_CPU|ID_Stage:U_STAGE_ID|RegFile:U_REGFILE|registers[30][18]                                                 ; 2       ;
; CPU_FPGA:U_CPU|ID_Stage:U_STAGE_ID|RegFile:U_REGFILE|registers[18][18]                                                 ; 2       ;
; CPU_FPGA:U_CPU|ID_Stage:U_STAGE_ID|RegFile:U_REGFILE|registers[22][18]                                                 ; 2       ;
; CPU_FPGA:U_CPU|ID_Stage:U_STAGE_ID|RegFile:U_REGFILE|registers[26][18]                                                 ; 2       ;
; CPU_FPGA:U_CPU|ID_Stage:U_STAGE_ID|RegFile:U_REGFILE|registers[29][18]                                                 ; 2       ;
; CPU_FPGA:U_CPU|ID_Stage:U_STAGE_ID|RegFile:U_REGFILE|registers[17][18]                                                 ; 2       ;
; CPU_FPGA:U_CPU|ID_Stage:U_STAGE_ID|RegFile:U_REGFILE|registers[25][18]                                                 ; 2       ;
; CPU_FPGA:U_CPU|ID_Stage:U_STAGE_ID|RegFile:U_REGFILE|registers[21][18]                                                 ; 2       ;
; CPU_FPGA:U_CPU|ID_Stage:U_STAGE_ID|RegFile:U_REGFILE|registers[15][19]                                                 ; 2       ;
; CPU_FPGA:U_CPU|ID_Stage:U_STAGE_ID|RegFile:U_REGFILE|registers[12][19]                                                 ; 2       ;
; CPU_FPGA:U_CPU|ID_Stage:U_STAGE_ID|RegFile:U_REGFILE|registers[13][19]                                                 ; 2       ;
; CPU_FPGA:U_CPU|ID_Stage:U_STAGE_ID|RegFile:U_REGFILE|registers[14][19]                                                 ; 2       ;
; CPU_FPGA:U_CPU|ID_Stage:U_STAGE_ID|RegFile:U_REGFILE|registers[2][19]                                                  ; 2       ;
; CPU_FPGA:U_CPU|ID_Stage:U_STAGE_ID|RegFile:U_REGFILE|registers[1][19]                                                  ; 2       ;
; CPU_FPGA:U_CPU|ID_Stage:U_STAGE_ID|RegFile:U_REGFILE|registers[3][19]                                                  ; 2       ;
; CPU_FPGA:U_CPU|ID_Stage:U_STAGE_ID|RegFile:U_REGFILE|registers[7][19]                                                  ; 2       ;
; CPU_FPGA:U_CPU|ID_Stage:U_STAGE_ID|RegFile:U_REGFILE|registers[4][19]                                                  ; 2       ;
; CPU_FPGA:U_CPU|ID_Stage:U_STAGE_ID|RegFile:U_REGFILE|registers[5][19]                                                  ; 2       ;
; CPU_FPGA:U_CPU|ID_Stage:U_STAGE_ID|RegFile:U_REGFILE|registers[6][19]                                                  ; 2       ;
; CPU_FPGA:U_CPU|ID_Stage:U_STAGE_ID|RegFile:U_REGFILE|registers[11][19]                                                 ; 2       ;
; CPU_FPGA:U_CPU|ID_Stage:U_STAGE_ID|RegFile:U_REGFILE|registers[8][19]                                                  ; 2       ;
; CPU_FPGA:U_CPU|ID_Stage:U_STAGE_ID|RegFile:U_REGFILE|registers[10][19]                                                 ; 2       ;
; CPU_FPGA:U_CPU|ID_Stage:U_STAGE_ID|RegFile:U_REGFILE|registers[9][19]                                                  ; 2       ;
; CPU_FPGA:U_CPU|ID_Stage:U_STAGE_ID|RegFile:U_REGFILE|registers[31][19]                                                 ; 2       ;
; CPU_FPGA:U_CPU|ID_Stage:U_STAGE_ID|RegFile:U_REGFILE|registers[19][19]                                                 ; 2       ;
; CPU_FPGA:U_CPU|ID_Stage:U_STAGE_ID|RegFile:U_REGFILE|registers[23][19]                                                 ; 2       ;
; CPU_FPGA:U_CPU|ID_Stage:U_STAGE_ID|RegFile:U_REGFILE|registers[27][19]                                                 ; 2       ;
; CPU_FPGA:U_CPU|ID_Stage:U_STAGE_ID|RegFile:U_REGFILE|registers[28][19]                                                 ; 2       ;
; CPU_FPGA:U_CPU|ID_Stage:U_STAGE_ID|RegFile:U_REGFILE|registers[16][19]                                                 ; 2       ;
; CPU_FPGA:U_CPU|ID_Stage:U_STAGE_ID|RegFile:U_REGFILE|registers[24][19]                                                 ; 2       ;
; CPU_FPGA:U_CPU|ID_Stage:U_STAGE_ID|RegFile:U_REGFILE|registers[20][19]                                                 ; 2       ;
; CPU_FPGA:U_CPU|ID_Stage:U_STAGE_ID|RegFile:U_REGFILE|registers[30][19]                                                 ; 2       ;
; CPU_FPGA:U_CPU|ID_Stage:U_STAGE_ID|RegFile:U_REGFILE|registers[18][19]                                                 ; 2       ;
; CPU_FPGA:U_CPU|ID_Stage:U_STAGE_ID|RegFile:U_REGFILE|registers[26][19]                                                 ; 2       ;
; CPU_FPGA:U_CPU|ID_Stage:U_STAGE_ID|RegFile:U_REGFILE|registers[22][19]                                                 ; 2       ;
; CPU_FPGA:U_CPU|ID_Stage:U_STAGE_ID|RegFile:U_REGFILE|registers[29][19]                                                 ; 2       ;
; CPU_FPGA:U_CPU|ID_Stage:U_STAGE_ID|RegFile:U_REGFILE|registers[17][19]                                                 ; 2       ;
; CPU_FPGA:U_CPU|ID_Stage:U_STAGE_ID|RegFile:U_REGFILE|registers[21][19]                                                 ; 2       ;
; CPU_FPGA:U_CPU|ID_Stage:U_STAGE_ID|RegFile:U_REGFILE|registers[25][19]                                                 ; 2       ;
; CPU_FPGA:U_CPU|ID_Stage:U_STAGE_ID|RegFile:U_REGFILE|registers[15][17]                                                 ; 2       ;
; CPU_FPGA:U_CPU|ID_Stage:U_STAGE_ID|RegFile:U_REGFILE|registers[12][17]                                                 ; 2       ;
; CPU_FPGA:U_CPU|ID_Stage:U_STAGE_ID|RegFile:U_REGFILE|registers[13][17]                                                 ; 2       ;
; CPU_FPGA:U_CPU|ID_Stage:U_STAGE_ID|RegFile:U_REGFILE|registers[14][17]                                                 ; 2       ;
; CPU_FPGA:U_CPU|ID_Stage:U_STAGE_ID|RegFile:U_REGFILE|registers[2][17]                                                  ; 2       ;
; CPU_FPGA:U_CPU|ID_Stage:U_STAGE_ID|RegFile:U_REGFILE|registers[1][17]                                                  ; 2       ;
; CPU_FPGA:U_CPU|ID_Stage:U_STAGE_ID|RegFile:U_REGFILE|registers[3][17]                                                  ; 2       ;
; CPU_FPGA:U_CPU|ID_Stage:U_STAGE_ID|RegFile:U_REGFILE|registers[7][17]                                                  ; 2       ;
; CPU_FPGA:U_CPU|ID_Stage:U_STAGE_ID|RegFile:U_REGFILE|registers[4][17]                                                  ; 2       ;
; CPU_FPGA:U_CPU|ID_Stage:U_STAGE_ID|RegFile:U_REGFILE|registers[5][17]                                                  ; 2       ;
; CPU_FPGA:U_CPU|ID_Stage:U_STAGE_ID|RegFile:U_REGFILE|registers[6][17]                                                  ; 2       ;
; CPU_FPGA:U_CPU|ID_Stage:U_STAGE_ID|RegFile:U_REGFILE|registers[11][17]                                                 ; 2       ;
; CPU_FPGA:U_CPU|ID_Stage:U_STAGE_ID|RegFile:U_REGFILE|registers[8][17]                                                  ; 2       ;
; CPU_FPGA:U_CPU|ID_Stage:U_STAGE_ID|RegFile:U_REGFILE|registers[10][17]                                                 ; 2       ;
; CPU_FPGA:U_CPU|ID_Stage:U_STAGE_ID|RegFile:U_REGFILE|registers[9][17]                                                  ; 2       ;
; CPU_FPGA:U_CPU|ID_Stage:U_STAGE_ID|RegFile:U_REGFILE|registers[31][17]                                                 ; 2       ;
; CPU_FPGA:U_CPU|ID_Stage:U_STAGE_ID|RegFile:U_REGFILE|registers[19][17]                                                 ; 2       ;
; CPU_FPGA:U_CPU|ID_Stage:U_STAGE_ID|RegFile:U_REGFILE|registers[23][17]                                                 ; 2       ;
; CPU_FPGA:U_CPU|ID_Stage:U_STAGE_ID|RegFile:U_REGFILE|registers[27][17]                                                 ; 2       ;
; CPU_FPGA:U_CPU|ID_Stage:U_STAGE_ID|RegFile:U_REGFILE|registers[28][17]                                                 ; 2       ;
; CPU_FPGA:U_CPU|ID_Stage:U_STAGE_ID|RegFile:U_REGFILE|registers[16][17]                                                 ; 2       ;
; CPU_FPGA:U_CPU|ID_Stage:U_STAGE_ID|RegFile:U_REGFILE|registers[24][17]                                                 ; 2       ;
; CPU_FPGA:U_CPU|ID_Stage:U_STAGE_ID|RegFile:U_REGFILE|registers[20][17]                                                 ; 2       ;
; CPU_FPGA:U_CPU|ID_Stage:U_STAGE_ID|RegFile:U_REGFILE|registers[30][17]                                                 ; 2       ;
; CPU_FPGA:U_CPU|ID_Stage:U_STAGE_ID|RegFile:U_REGFILE|registers[18][17]                                                 ; 2       ;
; CPU_FPGA:U_CPU|ID_Stage:U_STAGE_ID|RegFile:U_REGFILE|registers[26][17]                                                 ; 2       ;
; CPU_FPGA:U_CPU|ID_Stage:U_STAGE_ID|RegFile:U_REGFILE|registers[22][17]                                                 ; 2       ;
; CPU_FPGA:U_CPU|ID_Stage:U_STAGE_ID|RegFile:U_REGFILE|registers[29][17]                                                 ; 2       ;
; CPU_FPGA:U_CPU|ID_Stage:U_STAGE_ID|RegFile:U_REGFILE|registers[17][17]                                                 ; 2       ;
; CPU_FPGA:U_CPU|ID_Stage:U_STAGE_ID|RegFile:U_REGFILE|registers[21][17]                                                 ; 2       ;
; CPU_FPGA:U_CPU|ID_Stage:U_STAGE_ID|RegFile:U_REGFILE|registers[25][17]                                                 ; 2       ;
; CPU_FPGA:U_CPU|ID_Stage:U_STAGE_ID|RegFile:U_REGFILE|registers[15][16]                                                 ; 2       ;
; CPU_FPGA:U_CPU|ID_Stage:U_STAGE_ID|RegFile:U_REGFILE|registers[12][16]                                                 ; 2       ;
; CPU_FPGA:U_CPU|ID_Stage:U_STAGE_ID|RegFile:U_REGFILE|registers[13][16]                                                 ; 2       ;
; CPU_FPGA:U_CPU|ID_Stage:U_STAGE_ID|RegFile:U_REGFILE|registers[14][16]                                                 ; 2       ;
; CPU_FPGA:U_CPU|ID_Stage:U_STAGE_ID|RegFile:U_REGFILE|registers[2][16]                                                  ; 2       ;
; CPU_FPGA:U_CPU|ID_Stage:U_STAGE_ID|RegFile:U_REGFILE|registers[1][16]                                                  ; 2       ;
; CPU_FPGA:U_CPU|ID_Stage:U_STAGE_ID|RegFile:U_REGFILE|registers[3][16]                                                  ; 2       ;
; CPU_FPGA:U_CPU|ID_Stage:U_STAGE_ID|RegFile:U_REGFILE|registers[11][16]                                                 ; 2       ;
; CPU_FPGA:U_CPU|ID_Stage:U_STAGE_ID|RegFile:U_REGFILE|registers[8][16]                                                  ; 2       ;
; CPU_FPGA:U_CPU|ID_Stage:U_STAGE_ID|RegFile:U_REGFILE|registers[10][16]                                                 ; 2       ;
; CPU_FPGA:U_CPU|ID_Stage:U_STAGE_ID|RegFile:U_REGFILE|registers[9][16]                                                  ; 2       ;
; CPU_FPGA:U_CPU|ID_Stage:U_STAGE_ID|RegFile:U_REGFILE|registers[7][16]                                                  ; 2       ;
; CPU_FPGA:U_CPU|ID_Stage:U_STAGE_ID|RegFile:U_REGFILE|registers[4][16]                                                  ; 2       ;
; CPU_FPGA:U_CPU|ID_Stage:U_STAGE_ID|RegFile:U_REGFILE|registers[5][16]                                                  ; 2       ;
; CPU_FPGA:U_CPU|ID_Stage:U_STAGE_ID|RegFile:U_REGFILE|registers[6][16]                                                  ; 2       ;
; CPU_FPGA:U_CPU|ID_Stage:U_STAGE_ID|RegFile:U_REGFILE|registers[31][16]                                                 ; 2       ;
; CPU_FPGA:U_CPU|ID_Stage:U_STAGE_ID|RegFile:U_REGFILE|registers[19][16]                                                 ; 2       ;
; CPU_FPGA:U_CPU|ID_Stage:U_STAGE_ID|RegFile:U_REGFILE|registers[27][16]                                                 ; 2       ;
; CPU_FPGA:U_CPU|ID_Stage:U_STAGE_ID|RegFile:U_REGFILE|registers[23][16]                                                 ; 2       ;
; CPU_FPGA:U_CPU|ID_Stage:U_STAGE_ID|RegFile:U_REGFILE|registers[28][16]                                                 ; 2       ;
; CPU_FPGA:U_CPU|ID_Stage:U_STAGE_ID|RegFile:U_REGFILE|registers[16][16]                                                 ; 2       ;
; CPU_FPGA:U_CPU|ID_Stage:U_STAGE_ID|RegFile:U_REGFILE|registers[20][16]                                                 ; 2       ;
; CPU_FPGA:U_CPU|ID_Stage:U_STAGE_ID|RegFile:U_REGFILE|registers[24][16]                                                 ; 2       ;
; CPU_FPGA:U_CPU|ID_Stage:U_STAGE_ID|RegFile:U_REGFILE|registers[30][16]                                                 ; 2       ;
; CPU_FPGA:U_CPU|ID_Stage:U_STAGE_ID|RegFile:U_REGFILE|registers[18][16]                                                 ; 2       ;
; CPU_FPGA:U_CPU|ID_Stage:U_STAGE_ID|RegFile:U_REGFILE|registers[22][16]                                                 ; 2       ;
; CPU_FPGA:U_CPU|ID_Stage:U_STAGE_ID|RegFile:U_REGFILE|registers[26][16]                                                 ; 2       ;
; CPU_FPGA:U_CPU|ID_Stage:U_STAGE_ID|RegFile:U_REGFILE|registers[29][16]                                                 ; 2       ;
; CPU_FPGA:U_CPU|ID_Stage:U_STAGE_ID|RegFile:U_REGFILE|registers[17][16]                                                 ; 2       ;
; CPU_FPGA:U_CPU|ID_Stage:U_STAGE_ID|RegFile:U_REGFILE|registers[25][16]                                                 ; 2       ;
; CPU_FPGA:U_CPU|ID_Stage:U_STAGE_ID|RegFile:U_REGFILE|registers[21][16]                                                 ; 2       ;
; CPU_FPGA:U_CPU|ID_Stage:U_STAGE_ID|RegFile:U_REGFILE|registers[15][14]                                                 ; 2       ;
; CPU_FPGA:U_CPU|ID_Stage:U_STAGE_ID|RegFile:U_REGFILE|registers[12][14]                                                 ; 2       ;
; CPU_FPGA:U_CPU|ID_Stage:U_STAGE_ID|RegFile:U_REGFILE|registers[13][14]                                                 ; 2       ;
; CPU_FPGA:U_CPU|ID_Stage:U_STAGE_ID|RegFile:U_REGFILE|registers[14][14]                                                 ; 2       ;
; CPU_FPGA:U_CPU|ID_Stage:U_STAGE_ID|RegFile:U_REGFILE|registers[2][14]                                                  ; 2       ;
; CPU_FPGA:U_CPU|ID_Stage:U_STAGE_ID|RegFile:U_REGFILE|registers[1][14]                                                  ; 2       ;
; CPU_FPGA:U_CPU|ID_Stage:U_STAGE_ID|RegFile:U_REGFILE|registers[3][14]                                                  ; 2       ;
; CPU_FPGA:U_CPU|ID_Stage:U_STAGE_ID|RegFile:U_REGFILE|registers[11][14]                                                 ; 2       ;
; CPU_FPGA:U_CPU|ID_Stage:U_STAGE_ID|RegFile:U_REGFILE|registers[8][14]                                                  ; 2       ;
; CPU_FPGA:U_CPU|ID_Stage:U_STAGE_ID|RegFile:U_REGFILE|registers[10][14]                                                 ; 2       ;
; CPU_FPGA:U_CPU|ID_Stage:U_STAGE_ID|RegFile:U_REGFILE|registers[9][14]                                                  ; 2       ;
; CPU_FPGA:U_CPU|ID_Stage:U_STAGE_ID|RegFile:U_REGFILE|registers[7][14]                                                  ; 2       ;
; CPU_FPGA:U_CPU|ID_Stage:U_STAGE_ID|RegFile:U_REGFILE|registers[4][14]                                                  ; 2       ;
; CPU_FPGA:U_CPU|ID_Stage:U_STAGE_ID|RegFile:U_REGFILE|registers[5][14]                                                  ; 2       ;
; CPU_FPGA:U_CPU|ID_Stage:U_STAGE_ID|RegFile:U_REGFILE|registers[6][14]                                                  ; 2       ;
; CPU_FPGA:U_CPU|ID_Stage:U_STAGE_ID|RegFile:U_REGFILE|registers[31][14]                                                 ; 2       ;
; CPU_FPGA:U_CPU|ID_Stage:U_STAGE_ID|RegFile:U_REGFILE|registers[19][14]                                                 ; 2       ;
; CPU_FPGA:U_CPU|ID_Stage:U_STAGE_ID|RegFile:U_REGFILE|registers[27][14]                                                 ; 2       ;
; CPU_FPGA:U_CPU|ID_Stage:U_STAGE_ID|RegFile:U_REGFILE|registers[23][14]                                                 ; 2       ;
; CPU_FPGA:U_CPU|ID_Stage:U_STAGE_ID|RegFile:U_REGFILE|registers[28][14]                                                 ; 2       ;
; CPU_FPGA:U_CPU|ID_Stage:U_STAGE_ID|RegFile:U_REGFILE|registers[16][14]                                                 ; 2       ;
; CPU_FPGA:U_CPU|ID_Stage:U_STAGE_ID|RegFile:U_REGFILE|registers[20][14]                                                 ; 2       ;
; CPU_FPGA:U_CPU|ID_Stage:U_STAGE_ID|RegFile:U_REGFILE|registers[24][14]                                                 ; 2       ;
; CPU_FPGA:U_CPU|ID_Stage:U_STAGE_ID|RegFile:U_REGFILE|registers[30][14]                                                 ; 2       ;
; CPU_FPGA:U_CPU|ID_Stage:U_STAGE_ID|RegFile:U_REGFILE|registers[18][14]                                                 ; 2       ;
; CPU_FPGA:U_CPU|ID_Stage:U_STAGE_ID|RegFile:U_REGFILE|registers[22][14]                                                 ; 2       ;
; CPU_FPGA:U_CPU|ID_Stage:U_STAGE_ID|RegFile:U_REGFILE|registers[26][14]                                                 ; 2       ;
; CPU_FPGA:U_CPU|ID_Stage:U_STAGE_ID|RegFile:U_REGFILE|registers[29][14]                                                 ; 2       ;
; CPU_FPGA:U_CPU|ID_Stage:U_STAGE_ID|RegFile:U_REGFILE|registers[17][14]                                                 ; 2       ;
; CPU_FPGA:U_CPU|ID_Stage:U_STAGE_ID|RegFile:U_REGFILE|registers[25][14]                                                 ; 2       ;
; CPU_FPGA:U_CPU|ID_Stage:U_STAGE_ID|RegFile:U_REGFILE|registers[21][14]                                                 ; 2       ;
; CPU_FPGA:U_CPU|ID_Stage:U_STAGE_ID|RegFile:U_REGFILE|registers[15][15]                                                 ; 2       ;
; CPU_FPGA:U_CPU|ID_Stage:U_STAGE_ID|RegFile:U_REGFILE|registers[12][15]                                                 ; 2       ;
; CPU_FPGA:U_CPU|ID_Stage:U_STAGE_ID|RegFile:U_REGFILE|registers[13][15]                                                 ; 2       ;
; CPU_FPGA:U_CPU|ID_Stage:U_STAGE_ID|RegFile:U_REGFILE|registers[14][15]                                                 ; 2       ;
; CPU_FPGA:U_CPU|ID_Stage:U_STAGE_ID|RegFile:U_REGFILE|registers[2][15]                                                  ; 2       ;
; CPU_FPGA:U_CPU|ID_Stage:U_STAGE_ID|RegFile:U_REGFILE|registers[1][15]                                                  ; 2       ;
; CPU_FPGA:U_CPU|ID_Stage:U_STAGE_ID|RegFile:U_REGFILE|registers[3][15]                                                  ; 2       ;
; CPU_FPGA:U_CPU|ID_Stage:U_STAGE_ID|RegFile:U_REGFILE|registers[7][15]                                                  ; 2       ;
; CPU_FPGA:U_CPU|ID_Stage:U_STAGE_ID|RegFile:U_REGFILE|registers[4][15]                                                  ; 2       ;
; CPU_FPGA:U_CPU|ID_Stage:U_STAGE_ID|RegFile:U_REGFILE|registers[5][15]                                                  ; 2       ;
; CPU_FPGA:U_CPU|ID_Stage:U_STAGE_ID|RegFile:U_REGFILE|registers[6][15]                                                  ; 2       ;
; CPU_FPGA:U_CPU|ID_Stage:U_STAGE_ID|RegFile:U_REGFILE|registers[11][15]                                                 ; 2       ;
; CPU_FPGA:U_CPU|ID_Stage:U_STAGE_ID|RegFile:U_REGFILE|registers[8][15]                                                  ; 2       ;
; CPU_FPGA:U_CPU|ID_Stage:U_STAGE_ID|RegFile:U_REGFILE|registers[10][15]                                                 ; 2       ;
; CPU_FPGA:U_CPU|ID_Stage:U_STAGE_ID|RegFile:U_REGFILE|registers[9][15]                                                  ; 2       ;
; CPU_FPGA:U_CPU|ID_Stage:U_STAGE_ID|RegFile:U_REGFILE|registers[31][15]                                                 ; 2       ;
; CPU_FPGA:U_CPU|ID_Stage:U_STAGE_ID|RegFile:U_REGFILE|registers[19][15]                                                 ; 2       ;
; CPU_FPGA:U_CPU|ID_Stage:U_STAGE_ID|RegFile:U_REGFILE|registers[23][15]                                                 ; 2       ;
; CPU_FPGA:U_CPU|ID_Stage:U_STAGE_ID|RegFile:U_REGFILE|registers[27][15]                                                 ; 2       ;
; CPU_FPGA:U_CPU|ID_Stage:U_STAGE_ID|RegFile:U_REGFILE|registers[28][15]                                                 ; 2       ;
; CPU_FPGA:U_CPU|ID_Stage:U_STAGE_ID|RegFile:U_REGFILE|registers[16][15]                                                 ; 2       ;
; CPU_FPGA:U_CPU|ID_Stage:U_STAGE_ID|RegFile:U_REGFILE|registers[24][15]                                                 ; 2       ;
; CPU_FPGA:U_CPU|ID_Stage:U_STAGE_ID|RegFile:U_REGFILE|registers[20][15]                                                 ; 2       ;
; CPU_FPGA:U_CPU|ID_Stage:U_STAGE_ID|RegFile:U_REGFILE|registers[30][15]                                                 ; 2       ;
; CPU_FPGA:U_CPU|ID_Stage:U_STAGE_ID|RegFile:U_REGFILE|registers[18][15]                                                 ; 2       ;
; CPU_FPGA:U_CPU|ID_Stage:U_STAGE_ID|RegFile:U_REGFILE|registers[26][15]                                                 ; 2       ;
; CPU_FPGA:U_CPU|ID_Stage:U_STAGE_ID|RegFile:U_REGFILE|registers[22][15]                                                 ; 2       ;
; CPU_FPGA:U_CPU|ID_Stage:U_STAGE_ID|RegFile:U_REGFILE|registers[29][15]                                                 ; 2       ;
; CPU_FPGA:U_CPU|ID_Stage:U_STAGE_ID|RegFile:U_REGFILE|registers[17][15]                                                 ; 2       ;
; CPU_FPGA:U_CPU|ID_Stage:U_STAGE_ID|RegFile:U_REGFILE|registers[21][15]                                                 ; 2       ;
; CPU_FPGA:U_CPU|ID_Stage:U_STAGE_ID|RegFile:U_REGFILE|registers[25][15]                                                 ; 2       ;
; CPU_FPGA:U_CPU|ID_Stage:U_STAGE_ID|RegFile:U_REGFILE|registers[15][13]                                                 ; 2       ;
; CPU_FPGA:U_CPU|ID_Stage:U_STAGE_ID|RegFile:U_REGFILE|registers[12][13]                                                 ; 2       ;
; CPU_FPGA:U_CPU|ID_Stage:U_STAGE_ID|RegFile:U_REGFILE|registers[13][13]                                                 ; 2       ;
; CPU_FPGA:U_CPU|ID_Stage:U_STAGE_ID|RegFile:U_REGFILE|registers[14][13]                                                 ; 2       ;
; CPU_FPGA:U_CPU|ID_Stage:U_STAGE_ID|RegFile:U_REGFILE|registers[2][13]                                                  ; 2       ;
; CPU_FPGA:U_CPU|ID_Stage:U_STAGE_ID|RegFile:U_REGFILE|registers[1][13]                                                  ; 2       ;
; CPU_FPGA:U_CPU|ID_Stage:U_STAGE_ID|RegFile:U_REGFILE|registers[3][13]                                                  ; 2       ;
; CPU_FPGA:U_CPU|ID_Stage:U_STAGE_ID|RegFile:U_REGFILE|registers[7][13]                                                  ; 2       ;
; CPU_FPGA:U_CPU|ID_Stage:U_STAGE_ID|RegFile:U_REGFILE|registers[4][13]                                                  ; 2       ;
; CPU_FPGA:U_CPU|ID_Stage:U_STAGE_ID|RegFile:U_REGFILE|registers[5][13]                                                  ; 2       ;
; CPU_FPGA:U_CPU|ID_Stage:U_STAGE_ID|RegFile:U_REGFILE|registers[6][13]                                                  ; 2       ;
; CPU_FPGA:U_CPU|ID_Stage:U_STAGE_ID|RegFile:U_REGFILE|registers[11][13]                                                 ; 2       ;
; CPU_FPGA:U_CPU|ID_Stage:U_STAGE_ID|RegFile:U_REGFILE|registers[8][13]                                                  ; 2       ;
; CPU_FPGA:U_CPU|ID_Stage:U_STAGE_ID|RegFile:U_REGFILE|registers[10][13]                                                 ; 2       ;
; CPU_FPGA:U_CPU|ID_Stage:U_STAGE_ID|RegFile:U_REGFILE|registers[9][13]                                                  ; 2       ;
; CPU_FPGA:U_CPU|ID_Stage:U_STAGE_ID|RegFile:U_REGFILE|registers[31][13]                                                 ; 2       ;
; CPU_FPGA:U_CPU|ID_Stage:U_STAGE_ID|RegFile:U_REGFILE|registers[19][13]                                                 ; 2       ;
; CPU_FPGA:U_CPU|ID_Stage:U_STAGE_ID|RegFile:U_REGFILE|registers[23][13]                                                 ; 2       ;
; CPU_FPGA:U_CPU|ID_Stage:U_STAGE_ID|RegFile:U_REGFILE|registers[27][13]                                                 ; 2       ;
; CPU_FPGA:U_CPU|ID_Stage:U_STAGE_ID|RegFile:U_REGFILE|registers[28][13]                                                 ; 2       ;
; CPU_FPGA:U_CPU|ID_Stage:U_STAGE_ID|RegFile:U_REGFILE|registers[16][13]                                                 ; 2       ;
; CPU_FPGA:U_CPU|ID_Stage:U_STAGE_ID|RegFile:U_REGFILE|registers[24][13]                                                 ; 2       ;
; CPU_FPGA:U_CPU|ID_Stage:U_STAGE_ID|RegFile:U_REGFILE|registers[20][13]                                                 ; 2       ;
; CPU_FPGA:U_CPU|ID_Stage:U_STAGE_ID|RegFile:U_REGFILE|registers[30][13]                                                 ; 2       ;
; CPU_FPGA:U_CPU|ID_Stage:U_STAGE_ID|RegFile:U_REGFILE|registers[18][13]                                                 ; 2       ;
; CPU_FPGA:U_CPU|ID_Stage:U_STAGE_ID|RegFile:U_REGFILE|registers[26][13]                                                 ; 2       ;
; CPU_FPGA:U_CPU|ID_Stage:U_STAGE_ID|RegFile:U_REGFILE|registers[22][13]                                                 ; 2       ;
; CPU_FPGA:U_CPU|ID_Stage:U_STAGE_ID|RegFile:U_REGFILE|registers[29][13]                                                 ; 2       ;
; CPU_FPGA:U_CPU|ID_Stage:U_STAGE_ID|RegFile:U_REGFILE|registers[17][13]                                                 ; 2       ;
; CPU_FPGA:U_CPU|ID_Stage:U_STAGE_ID|RegFile:U_REGFILE|registers[21][13]                                                 ; 2       ;
; CPU_FPGA:U_CPU|ID_Stage:U_STAGE_ID|RegFile:U_REGFILE|registers[25][13]                                                 ; 2       ;
; CPU_FPGA:U_CPU|ID_Stage:U_STAGE_ID|RegFile:U_REGFILE|registers[15][27]                                                 ; 2       ;
; CPU_FPGA:U_CPU|ID_Stage:U_STAGE_ID|RegFile:U_REGFILE|registers[12][27]                                                 ; 2       ;
; CPU_FPGA:U_CPU|ID_Stage:U_STAGE_ID|RegFile:U_REGFILE|registers[13][27]                                                 ; 2       ;
; CPU_FPGA:U_CPU|ID_Stage:U_STAGE_ID|RegFile:U_REGFILE|registers[14][27]                                                 ; 2       ;
; CPU_FPGA:U_CPU|ID_Stage:U_STAGE_ID|RegFile:U_REGFILE|registers[2][27]                                                  ; 2       ;
; CPU_FPGA:U_CPU|ID_Stage:U_STAGE_ID|RegFile:U_REGFILE|registers[1][27]                                                  ; 2       ;
; CPU_FPGA:U_CPU|ID_Stage:U_STAGE_ID|RegFile:U_REGFILE|registers[3][27]                                                  ; 2       ;
; CPU_FPGA:U_CPU|ID_Stage:U_STAGE_ID|RegFile:U_REGFILE|registers[7][27]                                                  ; 2       ;
; CPU_FPGA:U_CPU|ID_Stage:U_STAGE_ID|RegFile:U_REGFILE|registers[4][27]                                                  ; 2       ;
; CPU_FPGA:U_CPU|ID_Stage:U_STAGE_ID|RegFile:U_REGFILE|registers[5][27]                                                  ; 2       ;
; CPU_FPGA:U_CPU|ID_Stage:U_STAGE_ID|RegFile:U_REGFILE|registers[6][27]                                                  ; 2       ;
; CPU_FPGA:U_CPU|ID_Stage:U_STAGE_ID|RegFile:U_REGFILE|registers[11][27]                                                 ; 2       ;
; CPU_FPGA:U_CPU|ID_Stage:U_STAGE_ID|RegFile:U_REGFILE|registers[8][27]                                                  ; 2       ;
; CPU_FPGA:U_CPU|ID_Stage:U_STAGE_ID|RegFile:U_REGFILE|registers[10][27]                                                 ; 2       ;
; CPU_FPGA:U_CPU|ID_Stage:U_STAGE_ID|RegFile:U_REGFILE|registers[9][27]                                                  ; 2       ;
; CPU_FPGA:U_CPU|ID_Stage:U_STAGE_ID|RegFile:U_REGFILE|registers[31][27]                                                 ; 2       ;
; CPU_FPGA:U_CPU|ID_Stage:U_STAGE_ID|RegFile:U_REGFILE|registers[19][27]                                                 ; 2       ;
; CPU_FPGA:U_CPU|ID_Stage:U_STAGE_ID|RegFile:U_REGFILE|registers[23][27]                                                 ; 2       ;
; CPU_FPGA:U_CPU|ID_Stage:U_STAGE_ID|RegFile:U_REGFILE|registers[27][27]                                                 ; 2       ;
; CPU_FPGA:U_CPU|ID_Stage:U_STAGE_ID|RegFile:U_REGFILE|registers[28][27]                                                 ; 2       ;
; CPU_FPGA:U_CPU|ID_Stage:U_STAGE_ID|RegFile:U_REGFILE|registers[16][27]                                                 ; 2       ;
; CPU_FPGA:U_CPU|ID_Stage:U_STAGE_ID|RegFile:U_REGFILE|registers[24][27]                                                 ; 2       ;
; CPU_FPGA:U_CPU|ID_Stage:U_STAGE_ID|RegFile:U_REGFILE|registers[20][27]                                                 ; 2       ;
; CPU_FPGA:U_CPU|ID_Stage:U_STAGE_ID|RegFile:U_REGFILE|registers[30][27]                                                 ; 2       ;
; CPU_FPGA:U_CPU|ID_Stage:U_STAGE_ID|RegFile:U_REGFILE|registers[18][27]                                                 ; 2       ;
; CPU_FPGA:U_CPU|ID_Stage:U_STAGE_ID|RegFile:U_REGFILE|registers[26][27]                                                 ; 2       ;
; CPU_FPGA:U_CPU|ID_Stage:U_STAGE_ID|RegFile:U_REGFILE|registers[22][27]                                                 ; 2       ;
; CPU_FPGA:U_CPU|ID_Stage:U_STAGE_ID|RegFile:U_REGFILE|registers[29][27]                                                 ; 2       ;
; CPU_FPGA:U_CPU|ID_Stage:U_STAGE_ID|RegFile:U_REGFILE|registers[17][27]                                                 ; 2       ;
; CPU_FPGA:U_CPU|ID_Stage:U_STAGE_ID|RegFile:U_REGFILE|registers[21][27]                                                 ; 2       ;
; CPU_FPGA:U_CPU|ID_Stage:U_STAGE_ID|RegFile:U_REGFILE|registers[25][27]                                                 ; 2       ;
; CPU_FPGA:U_CPU|ID_Stage:U_STAGE_ID|RegFile:U_REGFILE|registers[15][24]                                                 ; 2       ;
; CPU_FPGA:U_CPU|ID_Stage:U_STAGE_ID|RegFile:U_REGFILE|registers[12][24]                                                 ; 2       ;
; CPU_FPGA:U_CPU|ID_Stage:U_STAGE_ID|RegFile:U_REGFILE|registers[13][24]                                                 ; 2       ;
; CPU_FPGA:U_CPU|ID_Stage:U_STAGE_ID|RegFile:U_REGFILE|registers[14][24]                                                 ; 2       ;
; CPU_FPGA:U_CPU|ID_Stage:U_STAGE_ID|RegFile:U_REGFILE|registers[2][24]                                                  ; 2       ;
; CPU_FPGA:U_CPU|ID_Stage:U_STAGE_ID|RegFile:U_REGFILE|registers[1][24]                                                  ; 2       ;
; CPU_FPGA:U_CPU|ID_Stage:U_STAGE_ID|RegFile:U_REGFILE|registers[3][24]                                                  ; 2       ;
; CPU_FPGA:U_CPU|ID_Stage:U_STAGE_ID|RegFile:U_REGFILE|registers[11][24]                                                 ; 2       ;
; CPU_FPGA:U_CPU|ID_Stage:U_STAGE_ID|RegFile:U_REGFILE|registers[8][24]                                                  ; 2       ;
; CPU_FPGA:U_CPU|ID_Stage:U_STAGE_ID|RegFile:U_REGFILE|registers[10][24]                                                 ; 2       ;
; CPU_FPGA:U_CPU|ID_Stage:U_STAGE_ID|RegFile:U_REGFILE|registers[9][24]                                                  ; 2       ;
; CPU_FPGA:U_CPU|ID_Stage:U_STAGE_ID|RegFile:U_REGFILE|registers[7][24]                                                  ; 2       ;
; CPU_FPGA:U_CPU|ID_Stage:U_STAGE_ID|RegFile:U_REGFILE|registers[4][24]                                                  ; 2       ;
; CPU_FPGA:U_CPU|ID_Stage:U_STAGE_ID|RegFile:U_REGFILE|registers[5][24]                                                  ; 2       ;
; CPU_FPGA:U_CPU|ID_Stage:U_STAGE_ID|RegFile:U_REGFILE|registers[6][24]                                                  ; 2       ;
; CPU_FPGA:U_CPU|ID_Stage:U_STAGE_ID|RegFile:U_REGFILE|registers[31][24]                                                 ; 2       ;
; CPU_FPGA:U_CPU|ID_Stage:U_STAGE_ID|RegFile:U_REGFILE|registers[19][24]                                                 ; 2       ;
; CPU_FPGA:U_CPU|ID_Stage:U_STAGE_ID|RegFile:U_REGFILE|registers[27][24]                                                 ; 2       ;
; CPU_FPGA:U_CPU|ID_Stage:U_STAGE_ID|RegFile:U_REGFILE|registers[23][24]                                                 ; 2       ;
; CPU_FPGA:U_CPU|ID_Stage:U_STAGE_ID|RegFile:U_REGFILE|registers[28][24]                                                 ; 2       ;
; CPU_FPGA:U_CPU|ID_Stage:U_STAGE_ID|RegFile:U_REGFILE|registers[16][24]                                                 ; 2       ;
; CPU_FPGA:U_CPU|ID_Stage:U_STAGE_ID|RegFile:U_REGFILE|registers[20][24]                                                 ; 2       ;
; CPU_FPGA:U_CPU|ID_Stage:U_STAGE_ID|RegFile:U_REGFILE|registers[24][24]                                                 ; 2       ;
; CPU_FPGA:U_CPU|ID_Stage:U_STAGE_ID|RegFile:U_REGFILE|registers[30][24]                                                 ; 2       ;
; CPU_FPGA:U_CPU|ID_Stage:U_STAGE_ID|RegFile:U_REGFILE|registers[18][24]                                                 ; 2       ;
; CPU_FPGA:U_CPU|ID_Stage:U_STAGE_ID|RegFile:U_REGFILE|registers[22][24]                                                 ; 2       ;
; CPU_FPGA:U_CPU|ID_Stage:U_STAGE_ID|RegFile:U_REGFILE|registers[26][24]                                                 ; 2       ;
; CPU_FPGA:U_CPU|ID_Stage:U_STAGE_ID|RegFile:U_REGFILE|registers[29][24]                                                 ; 2       ;
; CPU_FPGA:U_CPU|ID_Stage:U_STAGE_ID|RegFile:U_REGFILE|registers[17][24]                                                 ; 2       ;
; CPU_FPGA:U_CPU|ID_Stage:U_STAGE_ID|RegFile:U_REGFILE|registers[25][24]                                                 ; 2       ;
; CPU_FPGA:U_CPU|ID_Stage:U_STAGE_ID|RegFile:U_REGFILE|registers[21][24]                                                 ; 2       ;
; CPU_FPGA:U_CPU|ID_Stage:U_STAGE_ID|RegFile:U_REGFILE|registers[15][22]                                                 ; 2       ;
; CPU_FPGA:U_CPU|ID_Stage:U_STAGE_ID|RegFile:U_REGFILE|registers[12][22]                                                 ; 2       ;
; CPU_FPGA:U_CPU|ID_Stage:U_STAGE_ID|RegFile:U_REGFILE|registers[13][22]                                                 ; 2       ;
; CPU_FPGA:U_CPU|ID_Stage:U_STAGE_ID|RegFile:U_REGFILE|registers[14][22]                                                 ; 2       ;
; CPU_FPGA:U_CPU|ID_Stage:U_STAGE_ID|RegFile:U_REGFILE|registers[2][22]                                                  ; 2       ;
; CPU_FPGA:U_CPU|ID_Stage:U_STAGE_ID|RegFile:U_REGFILE|registers[1][22]                                                  ; 2       ;
; CPU_FPGA:U_CPU|ID_Stage:U_STAGE_ID|RegFile:U_REGFILE|registers[3][22]                                                  ; 2       ;
+------------------------------------------------------------------------------------------------------------------------+---------+


+-----------------------------------------------------------------------------------------------------------------------------------------------------------------------------------------------------------------------------------------------------------------------------------------------------------------------------------------------------------------------------------------------------------------------------------------------------------------------------------------------------------------------------------------------------------------------------------------------------------------------------------------------------------------------------------+
; Fitter RAM Summary                                                                                                                                                                                                                                                                                                                                                                                                                                                                                                                                                                                                                                                                ;
+-----------------------------------------------------------------------------------------------------------------------------+------+-------------+--------------+--------------+--------------+--------------+--------------+------------------------+-------------------------+------------------------+-------------------------+-------+-----------------------------+-----------------------------+-----------------------------+-----------------------------+---------------------+------+------------------------------------------------------+----------------------------------------------------------------+----------------------+-----------------+-----------------+
; Name                                                                                                                        ; Type ; Mode        ; Clock Mode   ; Port A Depth ; Port A Width ; Port B Depth ; Port B Width ; Port A Input Registers ; Port A Output Registers ; Port B Input Registers ; Port B Output Registers ; Size  ; Implementation Port A Depth ; Implementation Port A Width ; Implementation Port B Depth ; Implementation Port B Width ; Implementation Bits ; M9Ks ; MIF                                                  ; Location                                                       ; Mixed Width RDW Mode ; Port A RDW Mode ; Port B RDW Mode ;
+-----------------------------------------------------------------------------------------------------------------------------+------+-------------+--------------+--------------+--------------+--------------+--------------+------------------------+-------------------------+------------------------+-------------------------+-------+-----------------------------+-----------------------------+-----------------------------+-----------------------------+---------------------+------+------------------------------------------------------+----------------------------------------------------------------+----------------------+-----------------+-----------------+
; CPU_FPGA:U_CPU|IF_Stage:U_STAGE_IF|Instruction_Memory:U_IMEM|altsyncram:ram_rtl_0|altsyncram_9b81:auto_generated|ALTSYNCRAM ; AUTO ; ROM         ; Single Clock ; 1024         ; 32           ; --           ; --           ; yes                    ; no                      ; --                     ; --                      ; 32768 ; 1024                        ; 32                          ; --                          ; --                          ; 32768               ; 4    ; db/CPU_FPGA.ram0_Instruction_Memory_6c21a04c.hdl.mif ; M9K_X27_Y12_N0, M9K_X27_Y13_N0, M9K_X27_Y14_N0, M9K_X27_Y15_N0 ; Don't care           ; Old data        ; Old data        ;
; CPU_FPGA:U_CPU|MEM_Stage:U_STAGE_MEM|Data_Memory:U_DMEM|altsyncram:ram[0][15]__3|altsyncram_1f81:auto_generated|ALTSYNCRAM  ; AUTO ; Single Port ; Single Clock ; 1024         ; 8            ; --           ; --           ; yes                    ; no                      ; --                     ; --                      ; 8192  ; 1024                        ; 8                           ; --                          ; --                          ; 8192                ; 1    ; None                                                 ; M9K_X15_Y8_N0                                                  ; Don't care           ; Old data        ; Old data        ;
; CPU_FPGA:U_CPU|MEM_Stage:U_STAGE_MEM|Data_Memory:U_DMEM|altsyncram:ram[0][23]__2|altsyncram_1f81:auto_generated|ALTSYNCRAM  ; AUTO ; Single Port ; Single Clock ; 1024         ; 8            ; --           ; --           ; yes                    ; no                      ; --                     ; --                      ; 8192  ; 1024                        ; 8                           ; --                          ; --                          ; 8192                ; 1    ; None                                                 ; M9K_X27_Y5_N0                                                  ; Don't care           ; Old data        ; Old data        ;
; CPU_FPGA:U_CPU|MEM_Stage:U_STAGE_MEM|Data_Memory:U_DMEM|altsyncram:ram[0][31]__1|altsyncram_1f81:auto_generated|ALTSYNCRAM  ; AUTO ; Single Port ; Single Clock ; 1024         ; 8            ; --           ; --           ; yes                    ; no                      ; --                     ; --                      ; 8192  ; 1024                        ; 8                           ; --                          ; --                          ; 8192                ; 1    ; None                                                 ; M9K_X15_Y5_N0                                                  ; Don't care           ; Old data        ; Old data        ;
; CPU_FPGA:U_CPU|MEM_Stage:U_STAGE_MEM|Data_Memory:U_DMEM|altsyncram:ram[0][7]__4|altsyncram_1f81:auto_generated|ALTSYNCRAM   ; AUTO ; Single Port ; Single Clock ; 1024         ; 8            ; --           ; --           ; yes                    ; no                      ; --                     ; --                      ; 8192  ; 1024                        ; 8                           ; --                          ; --                          ; 8192                ; 1    ; None                                                 ; M9K_X15_Y9_N0                                                  ; Don't care           ; Old data        ; Old data        ;
; Data_Memory:U_DATA_RAM|altsyncram:ram[0][15]__3|altsyncram_1f81:auto_generated|ALTSYNCRAM                                   ; AUTO ; Single Port ; Single Clock ; 1024         ; 8            ; --           ; --           ; yes                    ; no                      ; --                     ; --                      ; 8192  ; 1024                        ; 8                           ; --                          ; --                          ; 8192                ; 1    ; None                                                 ; M9K_X15_Y4_N0                                                  ; Don't care           ; Old data        ; Old data        ;
; Data_Memory:U_DATA_RAM|altsyncram:ram[0][23]__2|altsyncram_1f81:auto_generated|ALTSYNCRAM                                   ; AUTO ; Single Port ; Single Clock ; 1024         ; 8            ; --           ; --           ; yes                    ; no                      ; --                     ; --                      ; 8192  ; 1024                        ; 8                           ; --                          ; --                          ; 8192                ; 1    ; None                                                 ; M9K_X15_Y6_N0                                                  ; Don't care           ; Old data        ; Old data        ;
; Data_Memory:U_DATA_RAM|altsyncram:ram[0][31]__1|altsyncram_1f81:auto_generated|ALTSYNCRAM                                   ; AUTO ; Single Port ; Single Clock ; 1024         ; 8            ; --           ; --           ; yes                    ; no                      ; --                     ; --                      ; 8192  ; 1024                        ; 8                           ; --                          ; --                          ; 8192                ; 1    ; None                                                 ; M9K_X15_Y7_N0                                                  ; Don't care           ; Old data        ; Old data        ;
; Data_Memory:U_DATA_RAM|altsyncram:ram[0][7]__4|altsyncram_1f81:auto_generated|ALTSYNCRAM                                    ; AUTO ; Single Port ; Single Clock ; 1024         ; 8            ; --           ; --           ; yes                    ; no                      ; --                     ; --                      ; 8192  ; 1024                        ; 8                           ; --                          ; --                          ; 8192                ; 1    ; None                                                 ; M9K_X15_Y3_N0                                                  ; Don't care           ; Old data        ; Old data        ;
+-----------------------------------------------------------------------------------------------------------------------------+------+-------------+--------------+--------------+--------------+--------------+--------------+------------------------+-------------------------+------------------------+-------------------------+-------+-----------------------------+-----------------------------+-----------------------------+-----------------------------+---------------------+------+------------------------------------------------------+----------------------------------------------------------------+----------------------+-----------------+-----------------+
Note: Fitter may spread logical memories into multiple blocks to improve timing. The actual required RAM blocks can be found in the Fitter Resource Usage section.


RAM content values are presented in the following format: (Binary) (Octal) (Decimal) (Hexadecimal) 
+------------------------------------------------------------------------------------------------------------------------------------------------------------------------------------------------------------------------------------------------------------------+
; |CPU_Top_Wrapper|CPU_FPGA:U_CPU|IF_Stage:U_STAGE_IF|Instruction_Memory:U_IMEM|altsyncram:ram_rtl_0|altsyncram_9b81:auto_generated|ALTSYNCRAM                                                                                                                     ;
+------------------------------------------------------------------------------------------------------------------------------------------------------------------------------------------------------------------------------------------------------------------+
;   Addr   ;              +0              ;              +1              ;              +2              ;              +3              ;              +4              ;              +5              ;              +6              ;              +7              ;
+----------+------------------------------+------------------------------+------------------------------+------------------------------+------------------------------+------------------------------+------------------------------+------------------------------+
;0;(00000000000000000000000000000000) (0) (0) (00)    ;(00000000000000000000000000000000) (0) (0) (00)   ;(00000000000000000000000000000000) (0) (0) (00)   ;(00000000000000000000000000000000) (0) (0) (00)   ;(00000000000000000000000000000000) (0) (0) (00)   ;(00000000000000000000000000000000) (0) (0) (00)   ;(00000000000000000000000000000000) (0) (0) (00)   ;(00000000000000000000000000000000) (0) (0) (00)   ;
;8;(00000000000000000000000000000000) (0) (0) (00)    ;(00000000000000000000000000000000) (0) (0) (00)   ;(00000000000000000000000000000000) (0) (0) (00)   ;(00000000000000000000000000000000) (0) (0) (00)   ;(00000000000000000000000000000000) (0) (0) (00)   ;(00000000000000000000000000000000) (0) (0) (00)   ;(00000000000000000000000000000000) (0) (0) (00)   ;(00000000000000000000000000000000) (0) (0) (00)   ;
;16;(00000000000000000000000000000000) (0) (0) (00)    ;(00000000000000000000000000000000) (0) (0) (00)   ;(00000000000000000000000000000000) (0) (0) (00)   ;(00000000000000000000000000000000) (0) (0) (00)   ;(00000000000000000000000000000000) (0) (0) (00)   ;(00000000000000000000000000000000) (0) (0) (00)   ;(00000000000000000000000000000000) (0) (0) (00)   ;(00000000000000000000000000000000) (0) (0) (00)   ;
;24;(00000000000000000000000000000000) (0) (0) (00)    ;(00000000000000000000000000000000) (0) (0) (00)   ;(00000000000000000000000000000000) (0) (0) (00)   ;(00000000000000000000000000000000) (0) (0) (00)   ;(00000000000000000000000000000000) (0) (0) (00)   ;(00000000000000000000000000000000) (0) (0) (00)   ;(00000000000000000000000000000000) (0) (0) (00)   ;(00000000000000000000000000000000) (0) (0) (00)   ;
;32;(00000000000000000000000000000000) (0) (0) (00)    ;(00000000000000000000000000000000) (0) (0) (00)   ;(00000000000000000000000000000000) (0) (0) (00)   ;(00000000000000000000000000000000) (0) (0) (00)   ;(00000000000000000000000000000000) (0) (0) (00)   ;(00000000000000000000000000000000) (0) (0) (00)   ;(00000000000000000000000000000000) (0) (0) (00)   ;(00000000000000000000000000000000) (0) (0) (00)   ;
;40;(00000000000000000000000000000000) (0) (0) (00)    ;(00000000000000000000000000000000) (0) (0) (00)   ;(00000000000000000000000000000000) (0) (0) (00)   ;(00000000000000000000000000000000) (0) (0) (00)   ;(00000000000000000000000000000000) (0) (0) (00)   ;(00000000000000000000000000000000) (0) (0) (00)   ;(00000000000000000000000000000000) (0) (0) (00)   ;(00000000000000000000000000000000) (0) (0) (00)   ;
;48;(00000000000000000000000000000000) (0) (0) (00)    ;(00000000000000000000000000000000) (0) (0) (00)   ;(00000000000000000000000000000000) (0) (0) (00)   ;(00000000000000000000000000000000) (0) (0) (00)   ;(00000000000000000000000000000000) (0) (0) (00)   ;(00000000000000000000000000000000) (0) (0) (00)   ;(00000000000000000000000000000000) (0) (0) (00)   ;(00000000000000000000000000000000) (0) (0) (00)   ;
;56;(00000000000000000000000000000000) (0) (0) (00)    ;(00000000000000000000000000000000) (0) (0) (00)   ;(00000000000000000000000000000000) (0) (0) (00)   ;(00000000000000000000000000000000) (0) (0) (00)   ;(00000000000000000000000000000000) (0) (0) (00)   ;(00000000000000000000000000000000) (0) (0) (00)   ;(00000000000000000000000000000000) (0) (0) (00)   ;(00000000000000000000000000000000) (0) (0) (00)   ;
;64;(00000000000000000000000000000000) (0) (0) (00)    ;(00000000000000000000000000000000) (0) (0) (00)   ;(00000000000000000000000000000000) (0) (0) (00)   ;(00000000000000000000000000000000) (0) (0) (00)   ;(00000000000000000000000000000000) (0) (0) (00)   ;(00000000000000000000000000000000) (0) (0) (00)   ;(00000000000000000000000000000000) (0) (0) (00)   ;(00000000000000000000000000000000) (0) (0) (00)   ;
;72;(00000000000000000000000000000000) (0) (0) (00)    ;(00000000000000000000000000000000) (0) (0) (00)   ;(00000000000000000000000000000000) (0) (0) (00)   ;(00000000000000000000000000000000) (0) (0) (00)   ;(00000000000000000000000000000000) (0) (0) (00)   ;(00000000000000000000000000000000) (0) (0) (00)   ;(00000000000000000000000000000000) (0) (0) (00)   ;(00000000000000000000000000000000) (0) (0) (00)   ;
;80;(00000000000000000000000000000000) (0) (0) (00)    ;(00000000000000000000000000000000) (0) (0) (00)   ;(00000000000000000000000000000000) (0) (0) (00)   ;(00000000000000000000000000000000) (0) (0) (00)   ;(00000000000000000000000000000000) (0) (0) (00)   ;(00000000000000000000000000000000) (0) (0) (00)   ;(00000000000000000000000000000000) (0) (0) (00)   ;(00000000000000000000000000000000) (0) (0) (00)   ;
;88;(00000000000000000000000000000000) (0) (0) (00)    ;(00000000000000000000000000000000) (0) (0) (00)   ;(00000000000000000000000000000000) (0) (0) (00)   ;(00000000000000000000000000000000) (0) (0) (00)   ;(00000000000000000000000000000000) (0) (0) (00)   ;(00000000000000000000000000000000) (0) (0) (00)   ;(00000000000000000000000000000000) (0) (0) (00)   ;(00000000000000000000000000000000) (0) (0) (00)   ;
;96;(00000000000000000000000000000000) (0) (0) (00)    ;(00000000000000000000000000000000) (0) (0) (00)   ;(00000000000000000000000000000000) (0) (0) (00)   ;(00000000000000000000000000000000) (0) (0) (00)   ;(00000000000000000000000000000000) (0) (0) (00)   ;(00000000000000000000000000000000) (0) (0) (00)   ;(00000000000000000000000000000000) (0) (0) (00)   ;(00000000000000000000000000000000) (0) (0) (00)   ;
;104;(00000000000000000000000000000000) (0) (0) (00)    ;(00000000000000000000000000000000) (0) (0) (00)   ;(00000000000000000000000000000000) (0) (0) (00)   ;(00000000000000000000000000000000) (0) (0) (00)   ;(00000000000000000000000000000000) (0) (0) (00)   ;(00000000000000000000000000000000) (0) (0) (00)   ;(00000000000000000000000000000000) (0) (0) (00)   ;(00000000000000000000000000000000) (0) (0) (00)   ;
;112;(00000000000000000000000000000000) (0) (0) (00)    ;(00000000000000000000000000000000) (0) (0) (00)   ;(00000000000000000000000000000000) (0) (0) (00)   ;(00000000000000000000000000000000) (0) (0) (00)   ;(00000000000000000000000000000000) (0) (0) (00)   ;(00000000000000000000000000000000) (0) (0) (00)   ;(00000000000000000000000000000000) (0) (0) (00)   ;(00000000000000000000000000000000) (0) (0) (00)   ;
;120;(00000000000000000000000000000000) (0) (0) (00)    ;(00000000000000000000000000000000) (0) (0) (00)   ;(00000000000000000000000000000000) (0) (0) (00)   ;(00000000000000000000000000000000) (0) (0) (00)   ;(00000000000000000000000000000000) (0) (0) (00)   ;(00000000000000000000000000000000) (0) (0) (00)   ;(00000000000000000000000000000000) (0) (0) (00)   ;(00000000000000000000000000000000) (0) (0) (00)   ;
;128;(00000000000000000000000000000000) (0) (0) (00)    ;(00000000000000000000000000000000) (0) (0) (00)   ;(00000000000000000000000000000000) (0) (0) (00)   ;(00000000000000000000000000000000) (0) (0) (00)   ;(00000000000000000000000000000000) (0) (0) (00)   ;(00000000000000000000000000000000) (0) (0) (00)   ;(00000000000000000000000000000000) (0) (0) (00)   ;(00000000000000000000000000000000) (0) (0) (00)   ;
;136;(00000000000000000000000000000000) (0) (0) (00)    ;(00000000000000000000000000000000) (0) (0) (00)   ;(00000000000000000000000000000000) (0) (0) (00)   ;(00000000000000000000000000000000) (0) (0) (00)   ;(00000000000000000000000000000000) (0) (0) (00)   ;(00000000000000000000000000000000) (0) (0) (00)   ;(00000000000000000000000000000000) (0) (0) (00)   ;(00000000000000000000000000000000) (0) (0) (00)   ;
;144;(00000000000000000000000000000000) (0) (0) (00)    ;(00000000000000000000000000000000) (0) (0) (00)   ;(00000000000000000000000000000000) (0) (0) (00)   ;(00000000000000000000000000000000) (0) (0) (00)   ;(00000000000000000000000000000000) (0) (0) (00)   ;(00000000000000000000000000000000) (0) (0) (00)   ;(00000000000000000000000000000000) (0) (0) (00)   ;(00000000000000000000000000000000) (0) (0) (00)   ;
;152;(00000000000000000000000000000000) (0) (0) (00)    ;(00000000000000000000000000000000) (0) (0) (00)   ;(00000000000000000000000000000000) (0) (0) (00)   ;(00000000000000000000000000000000) (0) (0) (00)   ;(00000000000000000000000000000000) (0) (0) (00)   ;(00000000000000000000000000000000) (0) (0) (00)   ;(00000000000000000000000000000000) (0) (0) (00)   ;(00000000000000000000000000000000) (0) (0) (00)   ;
;160;(00000000000000000000000000000000) (0) (0) (00)    ;(00000000000000000000000000000000) (0) (0) (00)   ;(00000000000000000000000000000000) (0) (0) (00)   ;(00000000000000000000000000000000) (0) (0) (00)   ;(00000000000000000000000000000000) (0) (0) (00)   ;(00000000000000000000000000000000) (0) (0) (00)   ;(00000000000000000000000000000000) (0) (0) (00)   ;(00000000000000000000000000000000) (0) (0) (00)   ;
;168;(00000000000000000000000000000000) (0) (0) (00)    ;(00000000000000000000000000000000) (0) (0) (00)   ;(00000000000000000000000000000000) (0) (0) (00)   ;(00000000000000000000000000000000) (0) (0) (00)   ;(00000000000000000000000000000000) (0) (0) (00)   ;(00000000000000000000000000000000) (0) (0) (00)   ;(00000000000000000000000000000000) (0) (0) (00)   ;(00000000000000000000000000000000) (0) (0) (00)   ;
;176;(00000000000000000000000000000000) (0) (0) (00)    ;(00000000000000000000000000000000) (0) (0) (00)   ;(00000000000000000000000000000000) (0) (0) (00)   ;(00000000000000000000000000000000) (0) (0) (00)   ;(00000000000000000000000000000000) (0) (0) (00)   ;(00000000000000000000000000000000) (0) (0) (00)   ;(00000000000000000000000000000000) (0) (0) (00)   ;(00000000000000000000000000000000) (0) (0) (00)   ;
;184;(00000000000000000000000000000000) (0) (0) (00)    ;(00000000000000000000000000000000) (0) (0) (00)   ;(00000000000000000000000000000000) (0) (0) (00)   ;(00000000000000000000000000000000) (0) (0) (00)   ;(00000000000000000000000000000000) (0) (0) (00)   ;(00000000000000000000000000000000) (0) (0) (00)   ;(00000000000000000000000000000000) (0) (0) (00)   ;(00000000000000000000000000000000) (0) (0) (00)   ;
;192;(00000000000000000000000000000000) (0) (0) (00)    ;(00000000000000000000000000000000) (0) (0) (00)   ;(00000000000000000000000000000000) (0) (0) (00)   ;(00000000000000000000000000000000) (0) (0) (00)   ;(00000000000000000000000000000000) (0) (0) (00)   ;(00000000000000000000000000000000) (0) (0) (00)   ;(00000000000000000000000000000000) (0) (0) (00)   ;(00000000000000000000000000000000) (0) (0) (00)   ;
;200;(00000000000000000000000000000000) (0) (0) (00)    ;(00000000000000000000000000000000) (0) (0) (00)   ;(00000000000000000000000000000000) (0) (0) (00)   ;(00000000000000000000000000000000) (0) (0) (00)   ;(00000000000000000000000000000000) (0) (0) (00)   ;(00000000000000000000000000000000) (0) (0) (00)   ;(00000000000000000000000000000000) (0) (0) (00)   ;(00000000000000000000000000000000) (0) (0) (00)   ;
;208;(00000000000000000000000000000000) (0) (0) (00)    ;(00000000000000000000000000000000) (0) (0) (00)   ;(00000000000000000000000000000000) (0) (0) (00)   ;(00000000000000000000000000000000) (0) (0) (00)   ;(00000000000000000000000000000000) (0) (0) (00)   ;(00000000000000000000000000000000) (0) (0) (00)   ;(00000000000000000000000000000000) (0) (0) (00)   ;(00000000000000000000000000000000) (0) (0) (00)   ;
;216;(00000000000000000000000000000000) (0) (0) (00)    ;(00000000000000000000000000000000) (0) (0) (00)   ;(00000000000000000000000000000000) (0) (0) (00)   ;(00000000000000000000000000000000) (0) (0) (00)   ;(00000000000000000000000000000000) (0) (0) (00)   ;(00000000000000000000000000000000) (0) (0) (00)   ;(00000000000000000000000000000000) (0) (0) (00)   ;(00000000000000000000000000000000) (0) (0) (00)   ;
;224;(00000000000000000000000000000000) (0) (0) (00)    ;(00000000000000000000000000000000) (0) (0) (00)   ;(00000000000000000000000000000000) (0) (0) (00)   ;(00000000000000000000000000000000) (0) (0) (00)   ;(00000000000000000000000000000000) (0) (0) (00)   ;(00000000000000000000000000000000) (0) (0) (00)   ;(00000000000000000000000000000000) (0) (0) (00)   ;(00000000000000000000000000000000) (0) (0) (00)   ;
;232;(00000000000000000000000000000000) (0) (0) (00)    ;(00000000000000000000000000000000) (0) (0) (00)   ;(00000000000000000000000000000000) (0) (0) (00)   ;(00000000000000000000000000000000) (0) (0) (00)   ;(00000000000000000000000000000000) (0) (0) (00)   ;(00000000000000000000000000000000) (0) (0) (00)   ;(00000000000000000000000000000000) (0) (0) (00)   ;(00000000000000000000000000000000) (0) (0) (00)   ;
;240;(00000000000000000000000000000000) (0) (0) (00)    ;(00000000000000000000000000000000) (0) (0) (00)   ;(00000000000000000000000000000000) (0) (0) (00)   ;(00000000000000000000000000000000) (0) (0) (00)   ;(00000000000000000000000000000000) (0) (0) (00)   ;(00000000000000000000000000000000) (0) (0) (00)   ;(00000000000000000000000000000000) (0) (0) (00)   ;(00000000000000000000000000000000) (0) (0) (00)   ;
;248;(00000000000000000000000000000000) (0) (0) (00)    ;(00000000000000000000000000000000) (0) (0) (00)   ;(00000000000000000000000000000000) (0) (0) (00)   ;(00000000000000000000000000000000) (0) (0) (00)   ;(00000000000000000000000000000000) (0) (0) (00)   ;(00000000000000000000000000000000) (0) (0) (00)   ;(00000000000000000000000000000000) (0) (0) (00)   ;(00000000000000000000000000000000) (0) (0) (00)   ;
;256;(00000000000000000000000000000000) (0) (0) (00)    ;(00000000000000000000000000000000) (0) (0) (00)   ;(00000000000000000000000000000000) (0) (0) (00)   ;(00000000000000000000000000000000) (0) (0) (00)   ;(00000000000000000000000000000000) (0) (0) (00)   ;(00000000000000000000000000000000) (0) (0) (00)   ;(00000000000000000000000000000000) (0) (0) (00)   ;(00000000000000000000000000000000) (0) (0) (00)   ;
;264;(00000000000000000000000000000000) (0) (0) (00)    ;(00000000000000000000000000000000) (0) (0) (00)   ;(00000000000000000000000000000000) (0) (0) (00)   ;(00000000000000000000000000000000) (0) (0) (00)   ;(00000000000000000000000000000000) (0) (0) (00)   ;(00000000000000000000000000000000) (0) (0) (00)   ;(00000000000000000000000000000000) (0) (0) (00)   ;(00000000000000000000000000000000) (0) (0) (00)   ;
;272;(00000000000000000000000000000000) (0) (0) (00)    ;(00000000000000000000000000000000) (0) (0) (00)   ;(00000000000000000000000000000000) (0) (0) (00)   ;(00000000000000000000000000000000) (0) (0) (00)   ;(00000000000000000000000000000000) (0) (0) (00)   ;(00000000000000000000000000000000) (0) (0) (00)   ;(00000000000000000000000000000000) (0) (0) (00)   ;(00000000000000000000000000000000) (0) (0) (00)   ;
;280;(00000000000000000000000000000000) (0) (0) (00)    ;(00000000000000000000000000000000) (0) (0) (00)   ;(00000000000000000000000000000000) (0) (0) (00)   ;(00000000000000000000000000000000) (0) (0) (00)   ;(00000000000000000000000000000000) (0) (0) (00)   ;(00000000000000000000000000000000) (0) (0) (00)   ;(00000000000000000000000000000000) (0) (0) (00)   ;(00000000000000000000000000000000) (0) (0) (00)   ;
;288;(00000000000000000000000000000000) (0) (0) (00)    ;(00000000000000000000000000000000) (0) (0) (00)   ;(00000000000000000000000000000000) (0) (0) (00)   ;(00000000000000000000000000000000) (0) (0) (00)   ;(00000000000000000000000000000000) (0) (0) (00)   ;(00000000000000000000000000000000) (0) (0) (00)   ;(00000000000000000000000000000000) (0) (0) (00)   ;(00000000000000000000000000000000) (0) (0) (00)   ;
;296;(00000000000000000000000000000000) (0) (0) (00)    ;(00000000000000000000000000000000) (0) (0) (00)   ;(00000000000000000000000000000000) (0) (0) (00)   ;(00000000000000000000000000000000) (0) (0) (00)   ;(00000000000000000000000000000000) (0) (0) (00)   ;(00000000000000000000000000000000) (0) (0) (00)   ;(00000000000000000000000000000000) (0) (0) (00)   ;(00000000000000000000000000000000) (0) (0) (00)   ;
;304;(00000000000000000000000000000000) (0) (0) (00)    ;(00000000000000000000000000000000) (0) (0) (00)   ;(00000000000000000000000000000000) (0) (0) (00)   ;(00000000000000000000000000000000) (0) (0) (00)   ;(00000000000000000000000000000000) (0) (0) (00)   ;(00000000000000000000000000000000) (0) (0) (00)   ;(00000000000000000000000000000000) (0) (0) (00)   ;(00000000000000000000000000000000) (0) (0) (00)   ;
;312;(00000000000000000000000000000000) (0) (0) (00)    ;(00000000000000000000000000000000) (0) (0) (00)   ;(00000000000000000000000000000000) (0) (0) (00)   ;(00000000000000000000000000000000) (0) (0) (00)   ;(00000000000000000000000000000000) (0) (0) (00)   ;(00000000000000000000000000000000) (0) (0) (00)   ;(00000000000000000000000000000000) (0) (0) (00)   ;(00000000000000000000000000000000) (0) (0) (00)   ;
;320;(00000000000000000000000000000000) (0) (0) (00)    ;(00000000000000000000000000000000) (0) (0) (00)   ;(00000000000000000000000000000000) (0) (0) (00)   ;(00000000000000000000000000000000) (0) (0) (00)   ;(00000000000000000000000000000000) (0) (0) (00)   ;(00000000000000000000000000000000) (0) (0) (00)   ;(00000000000000000000000000000000) (0) (0) (00)   ;(00000000000000000000000000000000) (0) (0) (00)   ;
;328;(00000000000000000000000000000000) (0) (0) (00)    ;(00000000000000000000000000000000) (0) (0) (00)   ;(00000000000000000000000000000000) (0) (0) (00)   ;(00000000000000000000000000000000) (0) (0) (00)   ;(00000000000000000000000000000000) (0) (0) (00)   ;(00000000000000000000000000000000) (0) (0) (00)   ;(00000000000000000000000000000000) (0) (0) (00)   ;(00000000000000000000000000000000) (0) (0) (00)   ;
;336;(00000000000000000000000000000000) (0) (0) (00)    ;(00000000000000000000000000000000) (0) (0) (00)   ;(00000000000000000000000000000000) (0) (0) (00)   ;(00000000000000000000000000000000) (0) (0) (00)   ;(00000000000000000000000000000000) (0) (0) (00)   ;(00000000000000000000000000000000) (0) (0) (00)   ;(00000000000000000000000000000000) (0) (0) (00)   ;(00000000000000000000000000000000) (0) (0) (00)   ;
;344;(00000000000000000000000000000000) (0) (0) (00)    ;(00000000000000000000000000000000) (0) (0) (00)   ;(00000000000000000000000000000000) (0) (0) (00)   ;(00000000000000000000000000000000) (0) (0) (00)   ;(00000000000000000000000000000000) (0) (0) (00)   ;(00000000000000000000000000000000) (0) (0) (00)   ;(00000000000000000000000000000000) (0) (0) (00)   ;(00000000000000000000000000000000) (0) (0) (00)   ;
;352;(00000000000000000000000000000000) (0) (0) (00)    ;(00000000000000000000000000000000) (0) (0) (00)   ;(00000000000000000000000000000000) (0) (0) (00)   ;(00000000000000000000000000000000) (0) (0) (00)   ;(00000000000000000000000000000000) (0) (0) (00)   ;(00000000000000000000000000000000) (0) (0) (00)   ;(00000000000000000000000000000000) (0) (0) (00)   ;(00000000000000000000000000000000) (0) (0) (00)   ;
;360;(00000000000000000000000000000000) (0) (0) (00)    ;(00000000000000000000000000000000) (0) (0) (00)   ;(00000000000000000000000000000000) (0) (0) (00)   ;(00000000000000000000000000000000) (0) (0) (00)   ;(00000000000000000000000000000000) (0) (0) (00)   ;(00000000000000000000000000000000) (0) (0) (00)   ;(00000000000000000000000000000000) (0) (0) (00)   ;(00000000000000000000000000000000) (0) (0) (00)   ;
;368;(00000000000000000000000000000000) (0) (0) (00)    ;(00000000000000000000000000000000) (0) (0) (00)   ;(00000000000000000000000000000000) (0) (0) (00)   ;(00000000000000000000000000000000) (0) (0) (00)   ;(00000000000000000000000000000000) (0) (0) (00)   ;(00000000000000000000000000000000) (0) (0) (00)   ;(00000000000000000000000000000000) (0) (0) (00)   ;(00000000000000000000000000000000) (0) (0) (00)   ;
;376;(00000000000000000000000000000000) (0) (0) (00)    ;(00000000000000000000000000000000) (0) (0) (00)   ;(00000000000000000000000000000000) (0) (0) (00)   ;(00000000000000000000000000000000) (0) (0) (00)   ;(00000000000000000000000000000000) (0) (0) (00)   ;(00000000000000000000000000000000) (0) (0) (00)   ;(00000000000000000000000000000000) (0) (0) (00)   ;(00000000000000000000000000000000) (0) (0) (00)   ;
;384;(00000000000000000000000000000000) (0) (0) (00)    ;(00000000000000000000000000000000) (0) (0) (00)   ;(00000000000000000000000000000000) (0) (0) (00)   ;(00000000000000000000000000000000) (0) (0) (00)   ;(00000000000000000000000000000000) (0) (0) (00)   ;(00000000000000000000000000000000) (0) (0) (00)   ;(00000000000000000000000000000000) (0) (0) (00)   ;(00000000000000000000000000000000) (0) (0) (00)   ;
;392;(00000000000000000000000000000000) (0) (0) (00)    ;(00000000000000000000000000000000) (0) (0) (00)   ;(00000000000000000000000000000000) (0) (0) (00)   ;(00000000000000000000000000000000) (0) (0) (00)   ;(00000000000000000000000000000000) (0) (0) (00)   ;(00000000000000000000000000000000) (0) (0) (00)   ;(00000000000000000000000000000000) (0) (0) (00)   ;(00000000000000000000000000000000) (0) (0) (00)   ;
;400;(00000000000000000000000000000000) (0) (0) (00)    ;(00000000000000000000000000000000) (0) (0) (00)   ;(00000000000000000000000000000000) (0) (0) (00)   ;(00000000000000000000000000000000) (0) (0) (00)   ;(00000000000000000000000000000000) (0) (0) (00)   ;(00000000000000000000000000000000) (0) (0) (00)   ;(00000000000000000000000000000000) (0) (0) (00)   ;(00000000000000000000000000000000) (0) (0) (00)   ;
;408;(00000000000000000000000000000000) (0) (0) (00)    ;(00000000000000000000000000000000) (0) (0) (00)   ;(00000000000000000000000000000000) (0) (0) (00)   ;(00000000000000000000000000000000) (0) (0) (00)   ;(00000000000000000000000000000000) (0) (0) (00)   ;(00000000000000000000000000000000) (0) (0) (00)   ;(00000000000000000000000000000000) (0) (0) (00)   ;(00000000000000000000000000000000) (0) (0) (00)   ;
;416;(00000000000000000000000000000000) (0) (0) (00)    ;(00000000000000000000000000000000) (0) (0) (00)   ;(00000000000000000000000000000000) (0) (0) (00)   ;(00000000000000000000000000000000) (0) (0) (00)   ;(00000000000000000000000000000000) (0) (0) (00)   ;(00000000000000000000000000000000) (0) (0) (00)   ;(00000000000000000000000000000000) (0) (0) (00)   ;(00000000000000000000000000000000) (0) (0) (00)   ;
;424;(00000000000000000000000000000000) (0) (0) (00)    ;(00000000000000000000000000000000) (0) (0) (00)   ;(00000000000000000000000000000000) (0) (0) (00)   ;(00000000000000000000000000000000) (0) (0) (00)   ;(00000000000000000000000000000000) (0) (0) (00)   ;(00000000000000000000000000000000) (0) (0) (00)   ;(00000000000000000000000000000000) (0) (0) (00)   ;(00000000000000000000000000000000) (0) (0) (00)   ;
;432;(00000000000000000000000000000000) (0) (0) (00)    ;(00000000000000000000000000000000) (0) (0) (00)   ;(00000000000000000000000000000000) (0) (0) (00)   ;(00000000000000000000000000000000) (0) (0) (00)   ;(00000000000000000000000000000000) (0) (0) (00)   ;(00000000000000000000000000000000) (0) (0) (00)   ;(00000000000000000000000000000000) (0) (0) (00)   ;(00000000000000000000000000000000) (0) (0) (00)   ;
;440;(00000000000000000000000000000000) (0) (0) (00)    ;(00000000000000000000000000000000) (0) (0) (00)   ;(00000000000000000000000000000000) (0) (0) (00)   ;(00000000000000000000000000000000) (0) (0) (00)   ;(00000000000000000000000000000000) (0) (0) (00)   ;(00000000000000000000000000000000) (0) (0) (00)   ;(00000000000000000000000000000000) (0) (0) (00)   ;(00000000000000000000000000000000) (0) (0) (00)   ;
;448;(00000000000000000000000000000000) (0) (0) (00)    ;(00000000000000000000000000000000) (0) (0) (00)   ;(00000000000000000000000000000000) (0) (0) (00)   ;(00000000000000000000000000000000) (0) (0) (00)   ;(00000000000000000000000000000000) (0) (0) (00)   ;(00000000000000000000000000000000) (0) (0) (00)   ;(00000000000000000000000000000000) (0) (0) (00)   ;(00000000000000000000000000000000) (0) (0) (00)   ;
;456;(00000000000000000000000000000000) (0) (0) (00)    ;(00000000000000000000000000000000) (0) (0) (00)   ;(00000000000000000000000000000000) (0) (0) (00)   ;(00000000000000000000000000000000) (0) (0) (00)   ;(00000000000000000000000000000000) (0) (0) (00)   ;(00000000000000000000000000000000) (0) (0) (00)   ;(00000000000000000000000000000000) (0) (0) (00)   ;(00000000000000000000000000000000) (0) (0) (00)   ;
;464;(00000000000000000000000000000000) (0) (0) (00)    ;(00000000000000000000000000000000) (0) (0) (00)   ;(00000000000000000000000000000000) (0) (0) (00)   ;(00000000000000000000000000000000) (0) (0) (00)   ;(00000000000000000000000000000000) (0) (0) (00)   ;(00000000000000000000000000000000) (0) (0) (00)   ;(00000000000000000000000000000000) (0) (0) (00)   ;(00000000000000000000000000000000) (0) (0) (00)   ;
;472;(00000000000000000000000000000000) (0) (0) (00)    ;(00000000000000000000000000000000) (0) (0) (00)   ;(00000000000000000000000000000000) (0) (0) (00)   ;(00000000000000000000000000000000) (0) (0) (00)   ;(00000000000000000000000000000000) (0) (0) (00)   ;(00000000000000000000000000000000) (0) (0) (00)   ;(00000000000000000000000000000000) (0) (0) (00)   ;(00000000000000000000000000000000) (0) (0) (00)   ;
;480;(00000000000000000000000000000000) (0) (0) (00)    ;(00000000000000000000000000000000) (0) (0) (00)   ;(00000000000000000000000000000000) (0) (0) (00)   ;(00000000000000000000000000000000) (0) (0) (00)   ;(00000000000000000000000000000000) (0) (0) (00)   ;(00000000000000000000000000000000) (0) (0) (00)   ;(00000000000000000000000000000000) (0) (0) (00)   ;(00000000000000000000000000000000) (0) (0) (00)   ;
;488;(00000000000000000000000000000000) (0) (0) (00)    ;(00000000000000000000000000000000) (0) (0) (00)   ;(00000000000000000000000000000000) (0) (0) (00)   ;(00000000000000000000000000000000) (0) (0) (00)   ;(00000000000000000000000000000000) (0) (0) (00)   ;(00000000000000000000000000000000) (0) (0) (00)   ;(00000000000000000000000000000000) (0) (0) (00)   ;(00000000000000000000000000000000) (0) (0) (00)   ;
;496;(00000000000000000000000000000000) (0) (0) (00)    ;(00000000000000000000000000000000) (0) (0) (00)   ;(00000000000000000000000000000000) (0) (0) (00)   ;(00000000000000000000000000000000) (0) (0) (00)   ;(00000000000000000000000000000000) (0) (0) (00)   ;(00000000000000000000000000000000) (0) (0) (00)   ;(00000000000000000000000000000000) (0) (0) (00)   ;(00000000000000000000000000000000) (0) (0) (00)   ;
;504;(00000000000000000000000000000000) (0) (0) (00)    ;(00000000000000000000000000000000) (0) (0) (00)   ;(00000000000000000000000000000000) (0) (0) (00)   ;(00000000000000000000000000000000) (0) (0) (00)   ;(00000000000000000000000000000000) (0) (0) (00)   ;(00000000000000000000000000000000) (0) (0) (00)   ;(00000000000000000000000000000000) (0) (0) (00)   ;(00000000000000000000000000000000) (0) (0) (00)   ;
;512;(00000000000000000000000000000000) (0) (0) (00)    ;(00000000000000000000000000000000) (0) (0) (00)   ;(00000000000000000000000000000000) (0) (0) (00)   ;(00000000000000000000000000000000) (0) (0) (00)   ;(00000000000000000000000000000000) (0) (0) (00)   ;(00000000000000000000000000000000) (0) (0) (00)   ;(00000000000000000000000000000000) (0) (0) (00)   ;(00000000000000000000000000000000) (0) (0) (00)   ;
;520;(00000000000000000000000000000000) (0) (0) (00)    ;(00000000000000000000000000000000) (0) (0) (00)   ;(00000000000000000000000000000000) (0) (0) (00)   ;(00000000000000000000000000000000) (0) (0) (00)   ;(00000000000000000000000000000000) (0) (0) (00)   ;(00000000000000000000000000000000) (0) (0) (00)   ;(00000000000000000000000000000000) (0) (0) (00)   ;(00000000000000000000000000000000) (0) (0) (00)   ;
;528;(00000000000000000000000000000000) (0) (0) (00)    ;(00000000000000000000000000000000) (0) (0) (00)   ;(00000000000000000000000000000000) (0) (0) (00)   ;(00000000000000000000000000000000) (0) (0) (00)   ;(00000000000000000000000000000000) (0) (0) (00)   ;(00000000000000000000000000000000) (0) (0) (00)   ;(00000000000000000000000000000000) (0) (0) (00)   ;(00000000000000000000000000000000) (0) (0) (00)   ;
;536;(00000000000000000000000000000000) (0) (0) (00)    ;(00000000000000000000000000000000) (0) (0) (00)   ;(00000000000000000000000000000000) (0) (0) (00)   ;(00000000000000000000000000000000) (0) (0) (00)   ;(00000000000000000000000000000000) (0) (0) (00)   ;(00000000000000000000000000000000) (0) (0) (00)   ;(00000000000000000000000000000000) (0) (0) (00)   ;(00000000000000000000000000000000) (0) (0) (00)   ;
;544;(00000000000000000000000000000000) (0) (0) (00)    ;(00000000000000000000000000000000) (0) (0) (00)   ;(00000000000000000000000000000000) (0) (0) (00)   ;(00000000000000000000000000000000) (0) (0) (00)   ;(00000000000000000000000000000000) (0) (0) (00)   ;(00000000000000000000000000000000) (0) (0) (00)   ;(00000000000000000000000000000000) (0) (0) (00)   ;(00000000000000000000000000000000) (0) (0) (00)   ;
;552;(00000000000000000000000000000000) (0) (0) (00)    ;(00000000000000000000000000000000) (0) (0) (00)   ;(00000000000000000000000000000000) (0) (0) (00)   ;(00000000000000000000000000000000) (0) (0) (00)   ;(00000000000000000000000000000000) (0) (0) (00)   ;(00000000000000000000000000000000) (0) (0) (00)   ;(00000000000000000000000000000000) (0) (0) (00)   ;(00000000000000000000000000000000) (0) (0) (00)   ;
;560;(00000000000000000000000000000000) (0) (0) (00)    ;(00000000000000000000000000000000) (0) (0) (00)   ;(00000000000000000000000000000000) (0) (0) (00)   ;(00000000000000000000000000000000) (0) (0) (00)   ;(00000000000000000000000000000000) (0) (0) (00)   ;(00000000000000000000000000000000) (0) (0) (00)   ;(00000000000000000000000000000000) (0) (0) (00)   ;(00000000000000000000000000000000) (0) (0) (00)   ;
;568;(00000000000000000000000000000000) (0) (0) (00)    ;(00000000000000000000000000000000) (0) (0) (00)   ;(00000000000000000000000000000000) (0) (0) (00)   ;(00000000000000000000000000000000) (0) (0) (00)   ;(00000000000000000000000000000000) (0) (0) (00)   ;(00000000000000000000000000000000) (0) (0) (00)   ;(00000000000000000000000000000000) (0) (0) (00)   ;(00000000000000000000000000000000) (0) (0) (00)   ;
;576;(00000000000000000000000000000000) (0) (0) (00)    ;(00000000000000000000000000000000) (0) (0) (00)   ;(00000000000000000000000000000000) (0) (0) (00)   ;(00000000000000000000000000000000) (0) (0) (00)   ;(00000000000000000000000000000000) (0) (0) (00)   ;(00000000000000000000000000000000) (0) (0) (00)   ;(00000000000000000000000000000000) (0) (0) (00)   ;(00000000000000000000000000000000) (0) (0) (00)   ;
;584;(00000000000000000000000000000000) (0) (0) (00)    ;(00000000000000000000000000000000) (0) (0) (00)   ;(00000000000000000000000000000000) (0) (0) (00)   ;(00000000000000000000000000000000) (0) (0) (00)   ;(00000000000000000000000000000000) (0) (0) (00)   ;(00000000000000000000000000000000) (0) (0) (00)   ;(00000000000000000000000000000000) (0) (0) (00)   ;(00000000000000000000000000000000) (0) (0) (00)   ;
;592;(00000000000000000000000000000000) (0) (0) (00)    ;(00000000000000000000000000000000) (0) (0) (00)   ;(00000000000000000000000000000000) (0) (0) (00)   ;(00000000000000000000000000000000) (0) (0) (00)   ;(00000000000000000000000000000000) (0) (0) (00)   ;(00000000000000000000000000000000) (0) (0) (00)   ;(00000000000000000000000000000000) (0) (0) (00)   ;(00000000000000000000000000000000) (0) (0) (00)   ;
;600;(00000000000000000000000000000000) (0) (0) (00)    ;(00000000000000000000000000000000) (0) (0) (00)   ;(00000000000000000000000000000000) (0) (0) (00)   ;(00000000000000000000000000000000) (0) (0) (00)   ;(00000000000000000000000000000000) (0) (0) (00)   ;(00000000000000000000000000000000) (0) (0) (00)   ;(00000000000000000000000000000000) (0) (0) (00)   ;(00000000000000000000000000000000) (0) (0) (00)   ;
;608;(00000000000000000000000000000000) (0) (0) (00)    ;(00000000000000000000000000000000) (0) (0) (00)   ;(00000000000000000000000000000000) (0) (0) (00)   ;(00000000000000000000000000000000) (0) (0) (00)   ;(00000000000000000000000000000000) (0) (0) (00)   ;(00000000000000000000000000000000) (0) (0) (00)   ;(00000000000000000000000000000000) (0) (0) (00)   ;(00000000000000000000000000000000) (0) (0) (00)   ;
;616;(00000000000000000000000000000000) (0) (0) (00)    ;(00000000000000000000000000000000) (0) (0) (00)   ;(00000000000000000000000000000000) (0) (0) (00)   ;(00000000000000000000000000000000) (0) (0) (00)   ;(00000000000000000000000000000000) (0) (0) (00)   ;(00000000000000000000000000000000) (0) (0) (00)   ;(00000000000000000000000000000000) (0) (0) (00)   ;(00000000000000000000000000000000) (0) (0) (00)   ;
;624;(00000000000000000000000000000000) (0) (0) (00)    ;(00000000000000000000000000000000) (0) (0) (00)   ;(00000000000000000000000000000000) (0) (0) (00)   ;(00000000000000000000000000000000) (0) (0) (00)   ;(00000000000000000000000000000000) (0) (0) (00)   ;(00000000000000000000000000000000) (0) (0) (00)   ;(00000000000000000000000000000000) (0) (0) (00)   ;(00000000000000000000000000000000) (0) (0) (00)   ;
;632;(00000000000000000000000000000000) (0) (0) (00)    ;(00000000000000000000000000000000) (0) (0) (00)   ;(00000000000000000000000000000000) (0) (0) (00)   ;(00000000000000000000000000000000) (0) (0) (00)   ;(00000000000000000000000000000000) (0) (0) (00)   ;(00000000000000000000000000000000) (0) (0) (00)   ;(00000000000000000000000000000000) (0) (0) (00)   ;(00000000000000000000000000000000) (0) (0) (00)   ;
;640;(00000000000000000000000000000000) (0) (0) (00)    ;(00000000000000000000000000000000) (0) (0) (00)   ;(00000000000000000000000000000000) (0) (0) (00)   ;(00000000000000000000000000000000) (0) (0) (00)   ;(00000000000000000000000000000000) (0) (0) (00)   ;(00000000000000000000000000000000) (0) (0) (00)   ;(00000000000000000000000000000000) (0) (0) (00)   ;(00000000000000000000000000000000) (0) (0) (00)   ;
;648;(00000000000000000000000000000000) (0) (0) (00)    ;(00000000000000000000000000000000) (0) (0) (00)   ;(00000000000000000000000000000000) (0) (0) (00)   ;(00000000000000000000000000000000) (0) (0) (00)   ;(00000000000000000000000000000000) (0) (0) (00)   ;(00000000000000000000000000000000) (0) (0) (00)   ;(00000000000000000000000000000000) (0) (0) (00)   ;(00000000000000000000000000000000) (0) (0) (00)   ;
;656;(00000000000000000000000000000000) (0) (0) (00)    ;(00000000000000000000000000000000) (0) (0) (00)   ;(00000000000000000000000000000000) (0) (0) (00)   ;(00000000000000000000000000000000) (0) (0) (00)   ;(00000000000000000000000000000000) (0) (0) (00)   ;(00000000000000000000000000000000) (0) (0) (00)   ;(00000000000000000000000000000000) (0) (0) (00)   ;(00000000000000000000000000000000) (0) (0) (00)   ;
;664;(00000000000000000000000000000000) (0) (0) (00)    ;(00000000000000000000000000000000) (0) (0) (00)   ;(00000000000000000000000000000000) (0) (0) (00)   ;(00000000000000000000000000000000) (0) (0) (00)   ;(00000000000000000000000000000000) (0) (0) (00)   ;(00000000000000000000000000000000) (0) (0) (00)   ;(00000000000000000000000000000000) (0) (0) (00)   ;(00000000000000000000000000000000) (0) (0) (00)   ;
;672;(00000000000000000000000000000000) (0) (0) (00)    ;(00000000000000000000000000000000) (0) (0) (00)   ;(00000000000000000000000000000000) (0) (0) (00)   ;(00000000000000000000000000000000) (0) (0) (00)   ;(00000000000000000000000000000000) (0) (0) (00)   ;(00000000000000000000000000000000) (0) (0) (00)   ;(00000000000000000000000000000000) (0) (0) (00)   ;(00000000000000000000000000000000) (0) (0) (00)   ;
;680;(00000000000000000000000000000000) (0) (0) (00)    ;(00000000000000000000000000000000) (0) (0) (00)   ;(00000000000000000000000000000000) (0) (0) (00)   ;(00000000000000000000000000000000) (0) (0) (00)   ;(00000000000000000000000000000000) (0) (0) (00)   ;(00000000000000000000000000000000) (0) (0) (00)   ;(00000000000000000000000000000000) (0) (0) (00)   ;(00000000000000000000000000000000) (0) (0) (00)   ;
;688;(00000000000000000000000000000000) (0) (0) (00)    ;(00000000000000000000000000000000) (0) (0) (00)   ;(00000000000000000000000000000000) (0) (0) (00)   ;(00000000000000000000000000000000) (0) (0) (00)   ;(00000000000000000000000000000000) (0) (0) (00)   ;(00000000000000000000000000000000) (0) (0) (00)   ;(00000000000000000000000000000000) (0) (0) (00)   ;(00000000000000000000000000000000) (0) (0) (00)   ;
;696;(00000000000000000000000000000000) (0) (0) (00)    ;(00000000000000000000000000000000) (0) (0) (00)   ;(00000000000000000000000000000000) (0) (0) (00)   ;(00000000000000000000000000000000) (0) (0) (00)   ;(00000000000000000000000000000000) (0) (0) (00)   ;(00000000000000000000000000000000) (0) (0) (00)   ;(00000000000000000000000000000000) (0) (0) (00)   ;(00000000000000000000000000000000) (0) (0) (00)   ;
;704;(00000000000000000000000000000000) (0) (0) (00)    ;(00000000000000000000000000000000) (0) (0) (00)   ;(00000000000000000000000000000000) (0) (0) (00)   ;(00000000000000000000000000000000) (0) (0) (00)   ;(00000000000000000000000000000000) (0) (0) (00)   ;(00000000000000000000000000000000) (0) (0) (00)   ;(00000000000000000000000000000000) (0) (0) (00)   ;(00000000000000000000000000000000) (0) (0) (00)   ;
;712;(00000000000000000000000000000000) (0) (0) (00)    ;(00000000000000000000000000000000) (0) (0) (00)   ;(00000000000000000000000000000000) (0) (0) (00)   ;(00000000000000000000000000000000) (0) (0) (00)   ;(00000000000000000000000000000000) (0) (0) (00)   ;(00000000000000000000000000000000) (0) (0) (00)   ;(00000000000000000000000000000000) (0) (0) (00)   ;(00000000000000000000000000000000) (0) (0) (00)   ;
;720;(00000000000000000000000000000000) (0) (0) (00)    ;(00000000000000000000000000000000) (0) (0) (00)   ;(00000000000000000000000000000000) (0) (0) (00)   ;(00000000000000000000000000000000) (0) (0) (00)   ;(00000000000000000000000000000000) (0) (0) (00)   ;(00000000000000000000000000000000) (0) (0) (00)   ;(00000000000000000000000000000000) (0) (0) (00)   ;(00000000000000000000000000000000) (0) (0) (00)   ;
;728;(00000000000000000000000000000000) (0) (0) (00)    ;(00000000000000000000000000000000) (0) (0) (00)   ;(00000000000000000000000000000000) (0) (0) (00)   ;(00000000000000000000000000000000) (0) (0) (00)   ;(00000000000000000000000000000000) (0) (0) (00)   ;(00000000000000000000000000000000) (0) (0) (00)   ;(00000000000000000000000000000000) (0) (0) (00)   ;(00000000000000000000000000000000) (0) (0) (00)   ;
;736;(00000000000000000000000000000000) (0) (0) (00)    ;(00000000000000000000000000000000) (0) (0) (00)   ;(00000000000000000000000000000000) (0) (0) (00)   ;(00000000000000000000000000000000) (0) (0) (00)   ;(00000000000000000000000000000000) (0) (0) (00)   ;(00000000000000000000000000000000) (0) (0) (00)   ;(00000000000000000000000000000000) (0) (0) (00)   ;(00000000000000000000000000000000) (0) (0) (00)   ;
;744;(00000000000000000000000000000000) (0) (0) (00)    ;(00000000000000000000000000000000) (0) (0) (00)   ;(00000000000000000000000000000000) (0) (0) (00)   ;(00000000000000000000000000000000) (0) (0) (00)   ;(00000000000000000000000000000000) (0) (0) (00)   ;(00000000000000000000000000000000) (0) (0) (00)   ;(00000000000000000000000000000000) (0) (0) (00)   ;(00000000000000000000000000000000) (0) (0) (00)   ;
;752;(00000000000000000000000000000000) (0) (0) (00)    ;(00000000000000000000000000000000) (0) (0) (00)   ;(00000000000000000000000000000000) (0) (0) (00)   ;(00000000000000000000000000000000) (0) (0) (00)   ;(00000000000000000000000000000000) (0) (0) (00)   ;(00000000000000000000000000000000) (0) (0) (00)   ;(00000000000000000000000000000000) (0) (0) (00)   ;(00000000000000000000000000000000) (0) (0) (00)   ;
;760;(00000000000000000000000000000000) (0) (0) (00)    ;(00000000000000000000000000000000) (0) (0) (00)   ;(00000000000000000000000000000000) (0) (0) (00)   ;(00000000000000000000000000000000) (0) (0) (00)   ;(00000000000000000000000000000000) (0) (0) (00)   ;(00000000000000000000000000000000) (0) (0) (00)   ;(00000000000000000000000000000000) (0) (0) (00)   ;(00000000000000000000000000000000) (0) (0) (00)   ;
;768;(00000000000000000000000000000000) (0) (0) (00)    ;(00000000000000000000000000000000) (0) (0) (00)   ;(00000000000000000000000000000000) (0) (0) (00)   ;(00000000000000000000000000000000) (0) (0) (00)   ;(00000000000000000000000000000000) (0) (0) (00)   ;(00000000000000000000000000000000) (0) (0) (00)   ;(00000000000000000000000000000000) (0) (0) (00)   ;(00000000000000000000000000000000) (0) (0) (00)   ;
;776;(00000000000000000000000000000000) (0) (0) (00)    ;(00000000000000000000000000000000) (0) (0) (00)   ;(00000000000000000000000000000000) (0) (0) (00)   ;(00000000000000000000000000000000) (0) (0) (00)   ;(00000000000000000000000000000000) (0) (0) (00)   ;(00000000000000000000000000000000) (0) (0) (00)   ;(00000000000000000000000000000000) (0) (0) (00)   ;(00000000000000000000000000000000) (0) (0) (00)   ;
;784;(00000000000000000000000000000000) (0) (0) (00)    ;(00000000000000000000000000000000) (0) (0) (00)   ;(00000000000000000000000000000000) (0) (0) (00)   ;(00000000000000000000000000000000) (0) (0) (00)   ;(00000000000000000000000000000000) (0) (0) (00)   ;(00000000000000000000000000000000) (0) (0) (00)   ;(00000000000000000000000000000000) (0) (0) (00)   ;(00000000000000000000000000000000) (0) (0) (00)   ;
;792;(00000000000000000000000000000000) (0) (0) (00)    ;(00000000000000000000000000000000) (0) (0) (00)   ;(00000000000000000000000000000000) (0) (0) (00)   ;(00000000000000000000000000000000) (0) (0) (00)   ;(00000000000000000000000000000000) (0) (0) (00)   ;(00000000000000000000000000000000) (0) (0) (00)   ;(00000000000000000000000000000000) (0) (0) (00)   ;(00000000000000000000000000000000) (0) (0) (00)   ;
;800;(00000000000000000000000000000000) (0) (0) (00)    ;(00000000000000000000000000000000) (0) (0) (00)   ;(00000000000000000000000000000000) (0) (0) (00)   ;(00000000000000000000000000000000) (0) (0) (00)   ;(00000000000000000000000000000000) (0) (0) (00)   ;(00000000000000000000000000000000) (0) (0) (00)   ;(00000000000000000000000000000000) (0) (0) (00)   ;(00000000000000000000000000000000) (0) (0) (00)   ;
;808;(00000000000000000000000000000000) (0) (0) (00)    ;(00000000000000000000000000000000) (0) (0) (00)   ;(00000000000000000000000000000000) (0) (0) (00)   ;(00000000000000000000000000000000) (0) (0) (00)   ;(00000000000000000000000000000000) (0) (0) (00)   ;(00000000000000000000000000000000) (0) (0) (00)   ;(00000000000000000000000000000000) (0) (0) (00)   ;(00000000000000000000000000000000) (0) (0) (00)   ;
;816;(00000000000000000000000000000000) (0) (0) (00)    ;(00000000000000000000000000000000) (0) (0) (00)   ;(00000000000000000000000000000000) (0) (0) (00)   ;(00000000000000000000000000000000) (0) (0) (00)   ;(00000000000000000000000000000000) (0) (0) (00)   ;(00000000000000000000000000000000) (0) (0) (00)   ;(00000000000000000000000000000000) (0) (0) (00)   ;(00000000000000000000000000000000) (0) (0) (00)   ;
;824;(00000000000000000000000000000000) (0) (0) (00)    ;(00000000000000000000000000000000) (0) (0) (00)   ;(00000000000000000000000000000000) (0) (0) (00)   ;(00000000000000000000000000000000) (0) (0) (00)   ;(00000000000000000000000000000000) (0) (0) (00)   ;(00000000000000000000000000000000) (0) (0) (00)   ;(00000000000000000000000000000000) (0) (0) (00)   ;(00000000000000000000000000000000) (0) (0) (00)   ;
;832;(00000000000000000000000000000000) (0) (0) (00)    ;(00000000000000000000000000000000) (0) (0) (00)   ;(00000000000000000000000000000000) (0) (0) (00)   ;(00000000000000000000000000000000) (0) (0) (00)   ;(00000000000000000000000000000000) (0) (0) (00)   ;(00000000000000000000000000000000) (0) (0) (00)   ;(00000000000000000000000000000000) (0) (0) (00)   ;(00000000000000000000000000000000) (0) (0) (00)   ;
;840;(00000000000000000000000000000000) (0) (0) (00)    ;(00000000000000000000000000000000) (0) (0) (00)   ;(00000000000000000000000000000000) (0) (0) (00)   ;(00000000000000000000000000000000) (0) (0) (00)   ;(00000000000000000000000000000000) (0) (0) (00)   ;(00000000000000000000000000000000) (0) (0) (00)   ;(00000000000000000000000000000000) (0) (0) (00)   ;(00000000000000000000000000000000) (0) (0) (00)   ;
;848;(00000000000000000000000000000000) (0) (0) (00)    ;(00000000000000000000000000000000) (0) (0) (00)   ;(00000000000000000000000000000000) (0) (0) (00)   ;(00000000000000000000000000000000) (0) (0) (00)   ;(00000000000000000000000000000000) (0) (0) (00)   ;(00000000000000000000000000000000) (0) (0) (00)   ;(00000000000000000000000000000000) (0) (0) (00)   ;(00000000000000000000000000000000) (0) (0) (00)   ;
;856;(00000000000000000000000000000000) (0) (0) (00)    ;(00000000000000000000000000000000) (0) (0) (00)   ;(00000000000000000000000000000000) (0) (0) (00)   ;(00000000000000000000000000000000) (0) (0) (00)   ;(00000000000000000000000000000000) (0) (0) (00)   ;(00000000000000000000000000000000) (0) (0) (00)   ;(00000000000000000000000000000000) (0) (0) (00)   ;(00000000000000000000000000000000) (0) (0) (00)   ;
;864;(00000000000000000000000000000000) (0) (0) (00)    ;(00000000000000000000000000000000) (0) (0) (00)   ;(00000000000000000000000000000000) (0) (0) (00)   ;(00000000000000000000000000000000) (0) (0) (00)   ;(00000000000000000000000000000000) (0) (0) (00)   ;(00000000000000000000000000000000) (0) (0) (00)   ;(00000000000000000000000000000000) (0) (0) (00)   ;(00000000000000000000000000000000) (0) (0) (00)   ;
;872;(00000000000000000000000000000000) (0) (0) (00)    ;(00000000000000000000000000000000) (0) (0) (00)   ;(00000000000000000000000000000000) (0) (0) (00)   ;(00000000000000000000000000000000) (0) (0) (00)   ;(00000000000000000000000000000000) (0) (0) (00)   ;(00000000000000000000000000000000) (0) (0) (00)   ;(00000000000000000000000000000000) (0) (0) (00)   ;(00000000000000000000000000000000) (0) (0) (00)   ;
;880;(00000000000000000000000000000000) (0) (0) (00)    ;(00000000000000000000000000000000) (0) (0) (00)   ;(00000000000000000000000000000000) (0) (0) (00)   ;(00000000000000000000000000000000) (0) (0) (00)   ;(00000000000000000000000000000000) (0) (0) (00)   ;(00000000000000000000000000000000) (0) (0) (00)   ;(00000000000000000000000000000000) (0) (0) (00)   ;(00000000000000000000000000000000) (0) (0) (00)   ;
;888;(00000000000000000000000000000000) (0) (0) (00)    ;(00000000000000000000000000000000) (0) (0) (00)   ;(00000000000000000000000000000000) (0) (0) (00)   ;(00000000000000000000000000000000) (0) (0) (00)   ;(00000000000000000000000000000000) (0) (0) (00)   ;(00000000000000000000000000000000) (0) (0) (00)   ;(00000000000000000000000000000000) (0) (0) (00)   ;(00000000000000000000000000000000) (0) (0) (00)   ;
;896;(00000000000000000000000000000000) (0) (0) (00)    ;(00000000000000000000000000000000) (0) (0) (00)   ;(00000000000000000000000000000000) (0) (0) (00)   ;(00000000000000000000000000000000) (0) (0) (00)   ;(00000000000000000000000000000000) (0) (0) (00)   ;(00000000000000000000000000000000) (0) (0) (00)   ;(00000000000000000000000000000000) (0) (0) (00)   ;(00000000000000000000000000000000) (0) (0) (00)   ;
;904;(00000000000000000000000000000000) (0) (0) (00)    ;(00000000000000000000000000000000) (0) (0) (00)   ;(00000000000000000000000000000000) (0) (0) (00)   ;(00000000000000000000000000000000) (0) (0) (00)   ;(00000000000000000000000000000000) (0) (0) (00)   ;(00000000000000000000000000000000) (0) (0) (00)   ;(00000000000000000000000000000000) (0) (0) (00)   ;(00000000000000000000000000000000) (0) (0) (00)   ;
;912;(00000000000000000000000000000000) (0) (0) (00)    ;(00000000000000000000000000000000) (0) (0) (00)   ;(00000000000000000000000000000000) (0) (0) (00)   ;(00000000000000000000000000000000) (0) (0) (00)   ;(00000000000000000000000000000000) (0) (0) (00)   ;(00000000000000000000000000000000) (0) (0) (00)   ;(00000000000000000000000000000000) (0) (0) (00)   ;(00000000000000000000000000000000) (0) (0) (00)   ;
;920;(00000000000000000000000000000000) (0) (0) (00)    ;(00000000000000000000000000000000) (0) (0) (00)   ;(00000000000000000000000000000000) (0) (0) (00)   ;(00000000000000000000000000000000) (0) (0) (00)   ;(00000000000000000000000000000000) (0) (0) (00)   ;(00000000000000000000000000000000) (0) (0) (00)   ;(00000000000000000000000000000000) (0) (0) (00)   ;(00000000000000000000000000000000) (0) (0) (00)   ;
;928;(00000000000000000000000000000000) (0) (0) (00)    ;(00000000000000000000000000000000) (0) (0) (00)   ;(00000000000000000000000000000000) (0) (0) (00)   ;(00000000000000000000000000000000) (0) (0) (00)   ;(00000000000000000000000000000000) (0) (0) (00)   ;(00000000000000000000000000000000) (0) (0) (00)   ;(00000000000000000000000000000000) (0) (0) (00)   ;(00000000000000000000000000000000) (0) (0) (00)   ;
;936;(00000000000000000000000000000000) (0) (0) (00)    ;(00000000000000000000000000000000) (0) (0) (00)   ;(00000000000000000000000000000000) (0) (0) (00)   ;(00000000000000000000000000000000) (0) (0) (00)   ;(00000000000000000000000000000000) (0) (0) (00)   ;(00000000000000000000000000000000) (0) (0) (00)   ;(00000000000000000000000000000000) (0) (0) (00)   ;(00000000000000000000000000000000) (0) (0) (00)   ;
;944;(00000000000000000000000000000000) (0) (0) (00)    ;(00000000000000000000000000000000) (0) (0) (00)   ;(00000000000000000000000000000000) (0) (0) (00)   ;(00000000000000000000000000000000) (0) (0) (00)   ;(00000000000000000000000000000000) (0) (0) (00)   ;(00000000000000000000000000000000) (0) (0) (00)   ;(00000000000000000000000000000000) (0) (0) (00)   ;(00000000000000000000000000000000) (0) (0) (00)   ;
;952;(00000000000000000000000000000000) (0) (0) (00)    ;(00000000000000000000000000000000) (0) (0) (00)   ;(00000000000000000000000000000000) (0) (0) (00)   ;(00000000000000000000000000000000) (0) (0) (00)   ;(00000000000000000000000000000000) (0) (0) (00)   ;(00000000000000000000000000000000) (0) (0) (00)   ;(00000000000000000000000000000000) (0) (0) (00)   ;(00000000000000000000000000000000) (0) (0) (00)   ;
;960;(00000000000000000000000000000000) (0) (0) (00)    ;(00000000000000000000000000000000) (0) (0) (00)   ;(00000000000000000000000000000000) (0) (0) (00)   ;(00000000000000000000000000000000) (0) (0) (00)   ;(00000000000000000000000000000000) (0) (0) (00)   ;(00000000000000000000000000000000) (0) (0) (00)   ;(00000000000000000000000000000000) (0) (0) (00)   ;(00000000000000000000000000000000) (0) (0) (00)   ;
;968;(00000000000000000000000000000000) (0) (0) (00)    ;(00000000000000000000000000000000) (0) (0) (00)   ;(00000000000000000000000000000000) (0) (0) (00)   ;(00000000000000000000000000000000) (0) (0) (00)   ;(00000000000000000000000000000000) (0) (0) (00)   ;(00000000000000000000000000000000) (0) (0) (00)   ;(00000000000000000000000000000000) (0) (0) (00)   ;(00000000000000000000000000000000) (0) (0) (00)   ;
;976;(00000000000000000000000000000000) (0) (0) (00)    ;(00000000000000000000000000000000) (0) (0) (00)   ;(00000000000000000000000000000000) (0) (0) (00)   ;(00000000000000000000000000000000) (0) (0) (00)   ;(00000000000000000000000000000000) (0) (0) (00)   ;(00000000000000000000000000000000) (0) (0) (00)   ;(00000000000000000000000000000000) (0) (0) (00)   ;(00000000000000000000000000000000) (0) (0) (00)   ;
;984;(00000000000000000000000000000000) (0) (0) (00)    ;(00000000000000000000000000000000) (0) (0) (00)   ;(00000000000000000000000000000000) (0) (0) (00)   ;(00000000000000000000000000000000) (0) (0) (00)   ;(00000000000000000000000000000000) (0) (0) (00)   ;(00000000000000000000000000000000) (0) (0) (00)   ;(00000000000000000000000000000000) (0) (0) (00)   ;(00000000000000000000000000000000) (0) (0) (00)   ;
;992;(00000000000000000000000000000000) (0) (0) (00)    ;(00000000000000000000000000000000) (0) (0) (00)   ;(00000000000000000000000000000000) (0) (0) (00)   ;(00000000000000000000000000000000) (0) (0) (00)   ;(00000000000000000000000000000000) (0) (0) (00)   ;(00000000000000000000000000000000) (0) (0) (00)   ;(00000000000000000000000000000000) (0) (0) (00)   ;(00000000000000000000000000000000) (0) (0) (00)   ;
;1000;(00000000000000000000000000000000) (0) (0) (00)    ;(00000000000000000000000000000000) (0) (0) (00)   ;(00000000000000000000000000000000) (0) (0) (00)   ;(00000000000000000000000000000000) (0) (0) (00)   ;(00000000000000000000000000000000) (0) (0) (00)   ;(00000000000000000000000000000000) (0) (0) (00)   ;(00000000000000000000000000000000) (0) (0) (00)   ;(00000000000000000000000000000000) (0) (0) (00)   ;
;1008;(00000000000000000000000000000000) (0) (0) (00)    ;(00000000000000000000000000000000) (0) (0) (00)   ;(00000000000000000000000000000000) (0) (0) (00)   ;(00000000000000000000000000000000) (0) (0) (00)   ;(00000000000000000000000000000000) (0) (0) (00)   ;(00000000000000000000000000000000) (0) (0) (00)   ;(00000000000000000000000000000000) (0) (0) (00)   ;(00000000000000000000000000000000) (0) (0) (00)   ;
;1016;(00000000000000000000000000000000) (0) (0) (00)    ;(00000000000000000000000000000000) (0) (0) (00)   ;(00000000000000000000000000000000) (0) (0) (00)   ;(00000000000000000000000000000000) (0) (0) (00)   ;(00000000000000000000000000000000) (0) (0) (00)   ;(00000000000000000000000000000000) (0) (0) (00)   ;(00000000000000000000000000000000) (0) (0) (00)   ;(00000000000000000000000000000000) (0) (0) (00)   ;


+-----------------------------------------------------------------------------------------------+
; Fitter DSP Block Usage Summary                                                                ;
+---------------------------------------+-------------+---------------------+-------------------+
; Statistic                             ; Number Used ; Available per Block ; Maximum Available ;
+---------------------------------------+-------------+---------------------+-------------------+
; Simple Multipliers (9-bit)            ; 0           ; 2                   ; 30                ;
; Simple Multipliers (18-bit)           ; 4           ; 1                   ; 15                ;
; Embedded Multiplier Blocks            ; 4           ; --                  ; 15                ;
; Embedded Multiplier 9-bit elements    ; 8           ; 2                   ; 30                ;
; Signed Embedded Multipliers           ; 1           ; --                  ; --                ;
; Unsigned Embedded Multipliers         ; 1           ; --                  ; --                ;
; Mixed Sign Embedded Multipliers       ; 2           ; --                  ; --                ;
; Variable Sign Embedded Multipliers    ; 0           ; --                  ; --                ;
; Dedicated Input Shift Register Chains ; 0           ; --                  ; --                ;
+---------------------------------------+-------------+---------------------+-------------------+


+---------------------------------------------------------------------------------------------------------------------------------------------------------------------------------------------------------------------------------------------------------------------------------------------------------------+
; DSP Block Details                                                                                                                                                                                                                                                                                             ;
+-----------------------------------------------------------------------------------------------------------------+----------------------------+-------------------+---------------------+--------------------------------+-----------------------+-----------------------+-------------------+-----------------+
; Name                                                                                                            ; Mode                       ; Location          ; Sign Representation ; Has Input Shift Register Chain ; Data A Input Register ; Data B Input Register ; Pipeline Register ; Output Register ;
+-----------------------------------------------------------------------------------------------------------------+----------------------------+-------------------+---------------------+--------------------------------+-----------------------+-----------------------+-------------------+-----------------+
; CPU_FPGA:U_CPU|EX_Stage:U_STAGE_EX|M_Extension_Unit:U_M_EXT|lpm_mult:Mult0|mult_86t:auto_generated|mac_out4     ; Simple Multiplier (18-bit) ; DSPOUT_X20_Y3_N2  ;                     ; No                             ;                       ;                       ;                   ; no              ;
;    CPU_FPGA:U_CPU|EX_Stage:U_STAGE_EX|M_Extension_Unit:U_M_EXT|lpm_mult:Mult0|mult_86t:auto_generated|mac_mult3 ;                            ; DSPMULT_X20_Y3_N0 ; Mixed               ;                                ; no                    ; no                    ; no                ;                 ;
; CPU_FPGA:U_CPU|EX_Stage:U_STAGE_EX|M_Extension_Unit:U_M_EXT|lpm_mult:Mult0|mult_86t:auto_generated|mac_out6     ; Simple Multiplier (18-bit) ; DSPOUT_X20_Y6_N2  ;                     ; No                             ;                       ;                       ;                   ; no              ;
;    CPU_FPGA:U_CPU|EX_Stage:U_STAGE_EX|M_Extension_Unit:U_M_EXT|lpm_mult:Mult0|mult_86t:auto_generated|mac_mult5 ;                            ; DSPMULT_X20_Y6_N0 ; Mixed               ;                                ; no                    ; no                    ; no                ;                 ;
; CPU_FPGA:U_CPU|EX_Stage:U_STAGE_EX|M_Extension_Unit:U_M_EXT|lpm_mult:Mult0|mult_86t:auto_generated|w589w[0]     ; Simple Multiplier (18-bit) ; DSPOUT_X20_Y7_N2  ;                     ; No                             ;                       ;                       ;                   ; no              ;
;    CPU_FPGA:U_CPU|EX_Stage:U_STAGE_EX|M_Extension_Unit:U_M_EXT|lpm_mult:Mult0|mult_86t:auto_generated|mac_mult1 ;                            ; DSPMULT_X20_Y7_N0 ; Unsigned            ;                                ; no                    ; no                    ; no                ;                 ;
; CPU_FPGA:U_CPU|EX_Stage:U_STAGE_EX|M_Extension_Unit:U_M_EXT|lpm_mult:Mult0|mult_86t:auto_generated|mac_out8     ; Simple Multiplier (18-bit) ; DSPOUT_X20_Y2_N2  ;                     ; No                             ;                       ;                       ;                   ; no              ;
;    CPU_FPGA:U_CPU|EX_Stage:U_STAGE_EX|M_Extension_Unit:U_M_EXT|lpm_mult:Mult0|mult_86t:auto_generated|mac_mult7 ;                            ; DSPMULT_X20_Y2_N0 ; Signed              ;                                ; no                    ; no                    ; no                ;                 ;
+-----------------------------------------------------------------------------------------------------------------+----------------------------+-------------------+---------------------+--------------------------------+-----------------------+-----------------------+-------------------+-----------------+


+-------------------------------------------------------+
; Other Routing Usage Summary                           ;
+-----------------------------+-------------------------+
; Other Routing Resource Type ; Usage                   ;
+-----------------------------+-------------------------+
; Block interconnects         ; 7,993 / 32,401 ( 25 % ) ;
; C16 interconnects           ; 101 / 1,326 ( 8 % )     ;
; C4 interconnects            ; 4,803 / 21,816 ( 22 % ) ;
; Direct links                ; 697 / 32,401 ( 2 % )    ;
; Global clocks               ; 3 / 10 ( 30 % )         ;
; Local interconnects         ; 2,036 / 10,320 ( 20 % ) ;
; R24 interconnects           ; 108 / 1,289 ( 8 % )     ;
; R4 interconnects            ; 5,318 / 28,186 ( 19 % ) ;
+-----------------------------+-------------------------+


+-----------------------------------------------------------------------------+
; LAB Logic Elements                                                          ;
+---------------------------------------------+-------------------------------+
; Number of Logic Elements  (Average = 13.53) ; Number of LABs  (Total = 329) ;
+---------------------------------------------+-------------------------------+
; 1                                           ; 2                             ;
; 2                                           ; 2                             ;
; 3                                           ; 4                             ;
; 4                                           ; 4                             ;
; 5                                           ; 5                             ;
; 6                                           ; 4                             ;
; 7                                           ; 10                            ;
; 8                                           ; 9                             ;
; 9                                           ; 12                            ;
; 10                                          ; 9                             ;
; 11                                          ; 5                             ;
; 12                                          ; 13                            ;
; 13                                          ; 28                            ;
; 14                                          ; 23                            ;
; 15                                          ; 51                            ;
; 16                                          ; 148                           ;
+---------------------------------------------+-------------------------------+


+--------------------------------------------------------------------+
; LAB-wide Signals                                                   ;
+------------------------------------+-------------------------------+
; LAB-wide Signals  (Average = 1.95) ; Number of LABs  (Total = 329) ;
+------------------------------------+-------------------------------+
; 1 Async. clear                     ; 44                            ;
; 1 Clock                            ; 273                           ;
; 1 Clock enable                     ; 80                            ;
; 1 Sync. clear                      ; 33                            ;
; 1 Sync. load                       ; 41                            ;
; 2 Clock enables                    ; 171                           ;
; 2 Clocks                           ; 1                             ;
+------------------------------------+-------------------------------+


+------------------------------------------------------------------------------+
; LAB Signals Sourced                                                          ;
+----------------------------------------------+-------------------------------+
; Number of Signals Sourced  (Average = 17.67) ; Number of LABs  (Total = 329) ;
+----------------------------------------------+-------------------------------+
; 0                                            ; 4                             ;
; 1                                            ; 4                             ;
; 2                                            ; 2                             ;
; 3                                            ; 2                             ;
; 4                                            ; 2                             ;
; 5                                            ; 1                             ;
; 6                                            ; 6                             ;
; 7                                            ; 1                             ;
; 8                                            ; 5                             ;
; 9                                            ; 4                             ;
; 10                                           ; 7                             ;
; 11                                           ; 6                             ;
; 12                                           ; 9                             ;
; 13                                           ; 13                            ;
; 14                                           ; 12                            ;
; 15                                           ; 19                            ;
; 16                                           ; 38                            ;
; 17                                           ; 25                            ;
; 18                                           ; 22                            ;
; 19                                           ; 25                            ;
; 20                                           ; 23                            ;
; 21                                           ; 27                            ;
; 22                                           ; 15                            ;
; 23                                           ; 10                            ;
; 24                                           ; 11                            ;
; 25                                           ; 2                             ;
; 26                                           ; 5                             ;
; 27                                           ; 4                             ;
; 28                                           ; 5                             ;
; 29                                           ; 3                             ;
; 30                                           ; 6                             ;
; 31                                           ; 0                             ;
; 32                                           ; 11                            ;
+----------------------------------------------+-------------------------------+


+---------------------------------------------------------------------------------+
; LAB Signals Sourced Out                                                         ;
+-------------------------------------------------+-------------------------------+
; Number of Signals Sourced Out  (Average = 9.62) ; Number of LABs  (Total = 329) ;
+-------------------------------------------------+-------------------------------+
; 0                                               ; 4                             ;
; 1                                               ; 7                             ;
; 2                                               ; 4                             ;
; 3                                               ; 9                             ;
; 4                                               ; 10                            ;
; 5                                               ; 16                            ;
; 6                                               ; 26                            ;
; 7                                               ; 25                            ;
; 8                                               ; 31                            ;
; 9                                               ; 34                            ;
; 10                                              ; 32                            ;
; 11                                              ; 25                            ;
; 12                                              ; 23                            ;
; 13                                              ; 24                            ;
; 14                                              ; 16                            ;
; 15                                              ; 8                             ;
; 16                                              ; 22                            ;
; 17                                              ; 7                             ;
; 18                                              ; 1                             ;
; 19                                              ; 1                             ;
; 20                                              ; 1                             ;
; 21                                              ; 3                             ;
+-------------------------------------------------+-------------------------------+


+------------------------------------------------------------------------------+
; LAB Distinct Inputs                                                          ;
+----------------------------------------------+-------------------------------+
; Number of Distinct Inputs  (Average = 22.91) ; Number of LABs  (Total = 329) ;
+----------------------------------------------+-------------------------------+
; 0                                            ; 0                             ;
; 1                                            ; 0                             ;
; 2                                            ; 1                             ;
; 3                                            ; 4                             ;
; 4                                            ; 1                             ;
; 5                                            ; 2                             ;
; 6                                            ; 5                             ;
; 7                                            ; 1                             ;
; 8                                            ; 1                             ;
; 9                                            ; 1                             ;
; 10                                           ; 1                             ;
; 11                                           ; 3                             ;
; 12                                           ; 7                             ;
; 13                                           ; 5                             ;
; 14                                           ; 10                            ;
; 15                                           ; 15                            ;
; 16                                           ; 9                             ;
; 17                                           ; 9                             ;
; 18                                           ; 14                            ;
; 19                                           ; 17                            ;
; 20                                           ; 18                            ;
; 21                                           ; 15                            ;
; 22                                           ; 17                            ;
; 23                                           ; 14                            ;
; 24                                           ; 14                            ;
; 25                                           ; 15                            ;
; 26                                           ; 15                            ;
; 27                                           ; 12                            ;
; 28                                           ; 11                            ;
; 29                                           ; 11                            ;
; 30                                           ; 16                            ;
; 31                                           ; 13                            ;
; 32                                           ; 14                            ;
; 33                                           ; 23                            ;
; 34                                           ; 13                            ;
; 35                                           ; 0                             ;
; 36                                           ; 1                             ;
; 37                                           ; 1                             ;
+----------------------------------------------+-------------------------------+


+------------------------------------------+
; I/O Rules Summary                        ;
+----------------------------------+-------+
; I/O Rules Statistic              ; Total ;
+----------------------------------+-------+
; Total I/O Rules                  ; 30    ;
; Number of I/O Rules Passed       ; 9     ;
; Number of I/O Rules Failed       ; 0     ;
; Number of I/O Rules Unchecked    ; 0     ;
; Number of I/O Rules Inapplicable ; 21    ;
+----------------------------------+-------+


+-----------------------------------------------------------------------------------------------------------------------------------------------------------------------------------------------------------------------------------------------------------------------------------------------------+
; I/O Rules Details                                                                                                                                                                                                                                                                                   ;
+--------------+-----------+-----------------------------------+------------------------------------------------------------------------------------------------------+----------+--------------------------------------------------------------------------+---------------------+-------------------+
; Status       ; ID        ; Category                          ; Rule Description                                                                                     ; Severity ; Information                                                              ; Area                ; Extra Information ;
+--------------+-----------+-----------------------------------+------------------------------------------------------------------------------------------------------+----------+--------------------------------------------------------------------------+---------------------+-------------------+
; Inapplicable ; IO_000001 ; Capacity Checks                   ; Number of pins in an I/O bank should not exceed the number of locations available.                   ; Critical ; No Location assignments found.                                           ; I/O                 ;                   ;
; Inapplicable ; IO_000002 ; Capacity Checks                   ; Number of clocks in an I/O bank should not exceed the number of clocks available.                    ; Critical ; No Global Signal assignments found.                                      ; I/O                 ;                   ;
; Inapplicable ; IO_000003 ; Capacity Checks                   ; Number of pins in a Vrefgroup should not exceed the number of locations available.                   ; Critical ; No Location assignments found.                                           ; I/O                 ;                   ;
; Inapplicable ; IO_000004 ; Voltage Compatibility Checks      ; The I/O bank should support the requested VCCIO.                                                     ; Critical ; No IOBANK_VCCIO assignments found.                                       ; I/O                 ;                   ;
; Inapplicable ; IO_000005 ; Voltage Compatibility Checks      ; The I/O bank should not have competing VREF values.                                                  ; Critical ; No VREF I/O Standard assignments found.                                  ; I/O                 ;                   ;
; Pass         ; IO_000006 ; Voltage Compatibility Checks      ; The I/O bank should not have competing VCCIO values.                                                 ; Critical ; 0 such failures found.                                                   ; I/O                 ;                   ;
; Inapplicable ; IO_000007 ; Valid Location Checks             ; Checks for unavailable locations.                                                                    ; Critical ; No Location assignments found.                                           ; I/O                 ;                   ;
; Inapplicable ; IO_000008 ; Valid Location Checks             ; Checks for reserved locations.                                                                       ; Critical ; No reserved LogicLock region found.                                      ; I/O                 ;                   ;
; Pass         ; IO_000009 ; I/O Properties Checks for One I/O ; The location should support the requested I/O standard.                                              ; Critical ; 0 such failures found.                                                   ; I/O                 ;                   ;
; Pass         ; IO_000010 ; I/O Properties Checks for One I/O ; The location should support the requested I/O direction.                                             ; Critical ; 0 such failures found.                                                   ; I/O                 ;                   ;
; Inapplicable ; IO_000011 ; I/O Properties Checks for One I/O ; The location should support the requested Current Strength.                                          ; Critical ; No Current Strength assignments found.                                   ; I/O                 ;                   ;
; Pass         ; IO_000012 ; I/O Properties Checks for One I/O ; The location should support the requested On Chip Termination value.                                 ; Critical ; 0 such failures found.                                                   ; I/O                 ;                   ;
; Inapplicable ; IO_000013 ; I/O Properties Checks for One I/O ; The location should support the requested Bus Hold value.                                            ; Critical ; No Enable Bus-Hold Circuitry assignments found.                          ; I/O                 ;                   ;
; Inapplicable ; IO_000014 ; I/O Properties Checks for One I/O ; The location should support the requested Weak Pull Up value.                                        ; Critical ; No Weak Pull-Up Resistor assignments found.                              ; I/O                 ;                   ;
; Pass         ; IO_000015 ; I/O Properties Checks for One I/O ; The location should support the requested PCI Clamp Diode.                                           ; Critical ; 0 such failures found.                                                   ; I/O                 ;                   ;
; Inapplicable ; IO_000018 ; I/O Properties Checks for One I/O ; The I/O standard should support the requested Current Strength.                                      ; Critical ; No Current Strength assignments found.                                   ; I/O                 ;                   ;
; Pass         ; IO_000019 ; I/O Properties Checks for One I/O ; The I/O standard should support the requested On Chip Termination value.                             ; Critical ; 0 such failures found.                                                   ; I/O                 ;                   ;
; Pass         ; IO_000020 ; I/O Properties Checks for One I/O ; The I/O standard should support the requested PCI Clamp Diode.                                       ; Critical ; 0 such failures found.                                                   ; I/O                 ;                   ;
; Inapplicable ; IO_000021 ; I/O Properties Checks for One I/O ; The I/O standard should support the requested Weak Pull Up value.                                    ; Critical ; No Weak Pull-Up Resistor assignments found.                              ; I/O                 ;                   ;
; Inapplicable ; IO_000022 ; I/O Properties Checks for One I/O ; The I/O standard should support the requested Bus Hold value.                                        ; Critical ; No Enable Bus-Hold Circuitry assignments found.                          ; I/O                 ;                   ;
; Inapplicable ; IO_000023 ; I/O Properties Checks for One I/O ; The I/O standard should support the Open Drain value.                                                ; Critical ; No open drain assignments found.                                         ; I/O                 ;                   ;
; Pass         ; IO_000024 ; I/O Properties Checks for One I/O ; The I/O direction should support the On Chip Termination value.                                      ; Critical ; 0 such failures found.                                                   ; I/O                 ;                   ;
; Inapplicable ; IO_000026 ; I/O Properties Checks for One I/O ; On Chip Termination and Current Strength should not be used at the same time.                        ; Critical ; No Current Strength assignments found.                                   ; I/O                 ;                   ;
; Inapplicable ; IO_000027 ; I/O Properties Checks for One I/O ; Weak Pull Up and Bus Hold should not be used at the same time.                                       ; Critical ; No Enable Bus-Hold Circuitry or Weak Pull-Up Resistor assignments found. ; I/O                 ;                   ;
; Inapplicable ; IO_000045 ; I/O Properties Checks for One I/O ; The I/O standard should support the requested Slew Rate value.                                       ; Critical ; No Slew Rate assignments found.                                          ; I/O                 ;                   ;
; Inapplicable ; IO_000046 ; I/O Properties Checks for One I/O ; The location should support the requested Slew Rate value.                                           ; Critical ; No Slew Rate assignments found.                                          ; I/O                 ;                   ;
; Inapplicable ; IO_000047 ; I/O Properties Checks for One I/O ; On Chip Termination and Slew Rate should not be used at the same time.                               ; Critical ; No Slew Rate assignments found.                                          ; I/O                 ;                   ;
; Pass         ; IO_000033 ; Electromigration Checks           ; Current density for consecutive I/Os should not exceed 240mA for row I/Os and 240mA for column I/Os. ; Critical ; 0 such failures found.                                                   ; I/O                 ;                   ;
; Inapplicable ; IO_000034 ; SI Related Distance Checks        ; Single-ended outputs should be 5 LAB row(s) away from a differential I/O.                            ; High     ; No Differential I/O Standard assignments found.                          ; I/O                 ;                   ;
; Inapplicable ; IO_000042 ; SI Related SSO Limit Checks       ; No more than 20 outputs are allowed in a VREF group when VREF is being read from.                    ; High     ; No VREF I/O Standard assignments found.                                  ; I/O                 ;                   ;
; ----         ; ----      ; Disclaimer                        ; OCT rules are checked but not reported.                                                              ; None     ; ----                                                                     ; On Chip Termination ;                   ;
+--------------+-----------+-----------------------------------+------------------------------------------------------------------------------------------------------+----------+--------------------------------------------------------------------------+---------------------+-------------------+


+--------------------------------------------------------------------------------------------------------------------------------------------------------------------------------------------------------------------------------------------------------------------------------------------------------------------------------------------------------------------------------------------------------------------------------------------------------------------------+
; I/O Rules Matrix                                                                                                                                                                                                                                                                                                                                                                                                                                                         ;
+--------------------+--------------+--------------+--------------+--------------+--------------+-----------+--------------+--------------+-----------+-----------+--------------+--------------+--------------+--------------+--------------+--------------+--------------+--------------+--------------+--------------+--------------+--------------+--------------+--------------+--------------+--------------+--------------+-----------+--------------+--------------+
; Pin/Rules          ; IO_000001    ; IO_000002    ; IO_000003    ; IO_000004    ; IO_000005    ; IO_000006 ; IO_000007    ; IO_000008    ; IO_000009 ; IO_000010 ; IO_000011    ; IO_000012    ; IO_000013    ; IO_000014    ; IO_000015    ; IO_000018    ; IO_000019    ; IO_000020    ; IO_000021    ; IO_000022    ; IO_000023    ; IO_000024    ; IO_000026    ; IO_000027    ; IO_000045    ; IO_000046    ; IO_000047    ; IO_000033 ; IO_000034    ; IO_000042    ;
+--------------------+--------------+--------------+--------------+--------------+--------------+-----------+--------------+--------------+-----------+-----------+--------------+--------------+--------------+--------------+--------------+--------------+--------------+--------------+--------------+--------------+--------------+--------------+--------------+--------------+--------------+--------------+--------------+-----------+--------------+--------------+
; Total Pass         ; 0            ; 0            ; 0            ; 0            ; 0            ; 13        ; 0            ; 0            ; 13        ; 13        ; 0            ; 5            ; 0            ; 0            ; 8            ; 0            ; 5            ; 8            ; 0            ; 0            ; 0            ; 5            ; 0            ; 0            ; 0            ; 0            ; 0            ; 13        ; 0            ; 0            ;
; Total Unchecked    ; 0            ; 0            ; 0            ; 0            ; 0            ; 0         ; 0            ; 0            ; 0         ; 0         ; 0            ; 0            ; 0            ; 0            ; 0            ; 0            ; 0            ; 0            ; 0            ; 0            ; 0            ; 0            ; 0            ; 0            ; 0            ; 0            ; 0            ; 0         ; 0            ; 0            ;
; Total Inapplicable ; 13           ; 13           ; 13           ; 13           ; 13           ; 0         ; 13           ; 13           ; 0         ; 0         ; 13           ; 8            ; 13           ; 13           ; 5            ; 13           ; 8            ; 5            ; 13           ; 13           ; 13           ; 8            ; 13           ; 13           ; 13           ; 13           ; 13           ; 0         ; 13           ; 13           ;
; Total Fail         ; 0            ; 0            ; 0            ; 0            ; 0            ; 0         ; 0            ; 0            ; 0         ; 0         ; 0            ; 0            ; 0            ; 0            ; 0            ; 0            ; 0            ; 0            ; 0            ; 0            ; 0            ; 0            ; 0            ; 0            ; 0            ; 0            ; 0            ; 0         ; 0            ; 0            ;
; led_out[0]         ; Inapplicable ; Inapplicable ; Inapplicable ; Inapplicable ; Inapplicable ; Pass      ; Inapplicable ; Inapplicable ; Pass      ; Pass      ; Inapplicable ; Pass         ; Inapplicable ; Inapplicable ; Inapplicable ; Inapplicable ; Pass         ; Inapplicable ; Inapplicable ; Inapplicable ; Inapplicable ; Pass         ; Inapplicable ; Inapplicable ; Inapplicable ; Inapplicable ; Inapplicable ; Pass      ; Inapplicable ; Inapplicable ;
; led_out[1]         ; Inapplicable ; Inapplicable ; Inapplicable ; Inapplicable ; Inapplicable ; Pass      ; Inapplicable ; Inapplicable ; Pass      ; Pass      ; Inapplicable ; Pass         ; Inapplicable ; Inapplicable ; Inapplicable ; Inapplicable ; Pass         ; Inapplicable ; Inapplicable ; Inapplicable ; Inapplicable ; Pass         ; Inapplicable ; Inapplicable ; Inapplicable ; Inapplicable ; Inapplicable ; Pass      ; Inapplicable ; Inapplicable ;
; led_out[2]         ; Inapplicable ; Inapplicable ; Inapplicable ; Inapplicable ; Inapplicable ; Pass      ; Inapplicable ; Inapplicable ; Pass      ; Pass      ; Inapplicable ; Pass         ; Inapplicable ; Inapplicable ; Inapplicable ; Inapplicable ; Pass         ; Inapplicable ; Inapplicable ; Inapplicable ; Inapplicable ; Pass         ; Inapplicable ; Inapplicable ; Inapplicable ; Inapplicable ; Inapplicable ; Pass      ; Inapplicable ; Inapplicable ;
; led_out[3]         ; Inapplicable ; Inapplicable ; Inapplicable ; Inapplicable ; Inapplicable ; Pass      ; Inapplicable ; Inapplicable ; Pass      ; Pass      ; Inapplicable ; Pass         ; Inapplicable ; Inapplicable ; Inapplicable ; Inapplicable ; Pass         ; Inapplicable ; Inapplicable ; Inapplicable ; Inapplicable ; Pass         ; Inapplicable ; Inapplicable ; Inapplicable ; Inapplicable ; Inapplicable ; Pass      ; Inapplicable ; Inapplicable ;
; uart_tx_pin        ; Inapplicable ; Inapplicable ; Inapplicable ; Inapplicable ; Inapplicable ; Pass      ; Inapplicable ; Inapplicable ; Pass      ; Pass      ; Inapplicable ; Pass         ; Inapplicable ; Inapplicable ; Inapplicable ; Inapplicable ; Pass         ; Inapplicable ; Inapplicable ; Inapplicable ; Inapplicable ; Pass         ; Inapplicable ; Inapplicable ; Inapplicable ; Inapplicable ; Inapplicable ; Pass      ; Inapplicable ; Inapplicable ;
; debug_sel[1]       ; Inapplicable ; Inapplicable ; Inapplicable ; Inapplicable ; Inapplicable ; Pass      ; Inapplicable ; Inapplicable ; Pass      ; Pass      ; Inapplicable ; Inapplicable ; Inapplicable ; Inapplicable ; Pass         ; Inapplicable ; Inapplicable ; Pass         ; Inapplicable ; Inapplicable ; Inapplicable ; Inapplicable ; Inapplicable ; Inapplicable ; Inapplicable ; Inapplicable ; Inapplicable ; Pass      ; Inapplicable ; Inapplicable ;
; debug_sel[0]       ; Inapplicable ; Inapplicable ; Inapplicable ; Inapplicable ; Inapplicable ; Pass      ; Inapplicable ; Inapplicable ; Pass      ; Pass      ; Inapplicable ; Inapplicable ; Inapplicable ; Inapplicable ; Pass         ; Inapplicable ; Inapplicable ; Pass         ; Inapplicable ; Inapplicable ; Inapplicable ; Inapplicable ; Inapplicable ; Inapplicable ; Inapplicable ; Inapplicable ; Inapplicable ; Pass      ; Inapplicable ; Inapplicable ;
; rst_n              ; Inapplicable ; Inapplicable ; Inapplicable ; Inapplicable ; Inapplicable ; Pass      ; Inapplicable ; Inapplicable ; Pass      ; Pass      ; Inapplicable ; Inapplicable ; Inapplicable ; Inapplicable ; Pass         ; Inapplicable ; Inapplicable ; Pass         ; Inapplicable ; Inapplicable ; Inapplicable ; Inapplicable ; Inapplicable ; Inapplicable ; Inapplicable ; Inapplicable ; Inapplicable ; Pass      ; Inapplicable ; Inapplicable ;
; clk                ; Inapplicable ; Inapplicable ; Inapplicable ; Inapplicable ; Inapplicable ; Pass      ; Inapplicable ; Inapplicable ; Pass      ; Pass      ; Inapplicable ; Inapplicable ; Inapplicable ; Inapplicable ; Pass         ; Inapplicable ; Inapplicable ; Pass         ; Inapplicable ; Inapplicable ; Inapplicable ; Inapplicable ; Inapplicable ; Inapplicable ; Inapplicable ; Inapplicable ; Inapplicable ; Pass      ; Inapplicable ; Inapplicable ;
; key_in[0]          ; Inapplicable ; Inapplicable ; Inapplicable ; Inapplicable ; Inapplicable ; Pass      ; Inapplicable ; Inapplicable ; Pass      ; Pass      ; Inapplicable ; Inapplicable ; Inapplicable ; Inapplicable ; Pass         ; Inapplicable ; Inapplicable ; Pass         ; Inapplicable ; Inapplicable ; Inapplicable ; Inapplicable ; Inapplicable ; Inapplicable ; Inapplicable ; Inapplicable ; Inapplicable ; Pass      ; Inapplicable ; Inapplicable ;
; key_in[2]          ; Inapplicable ; Inapplicable ; Inapplicable ; Inapplicable ; Inapplicable ; Pass      ; Inapplicable ; Inapplicable ; Pass      ; Pass      ; Inapplicable ; Inapplicable ; Inapplicable ; Inapplicable ; Pass         ; Inapplicable ; Inapplicable ; Pass         ; Inapplicable ; Inapplicable ; Inapplicable ; Inapplicable ; Inapplicable ; Inapplicable ; Inapplicable ; Inapplicable ; Inapplicable ; Pass      ; Inapplicable ; Inapplicable ;
; key_in[3]          ; Inapplicable ; Inapplicable ; Inapplicable ; Inapplicable ; Inapplicable ; Pass      ; Inapplicable ; Inapplicable ; Pass      ; Pass      ; Inapplicable ; Inapplicable ; Inapplicable ; Inapplicable ; Pass         ; Inapplicable ; Inapplicable ; Pass         ; Inapplicable ; Inapplicable ; Inapplicable ; Inapplicable ; Inapplicable ; Inapplicable ; Inapplicable ; Inapplicable ; Inapplicable ; Pass      ; Inapplicable ; Inapplicable ;
; key_in[1]          ; Inapplicable ; Inapplicable ; Inapplicable ; Inapplicable ; Inapplicable ; Pass      ; Inapplicable ; Inapplicable ; Pass      ; Pass      ; Inapplicable ; Inapplicable ; Inapplicable ; Inapplicable ; Pass         ; Inapplicable ; Inapplicable ; Pass         ; Inapplicable ; Inapplicable ; Inapplicable ; Inapplicable ; Inapplicable ; Inapplicable ; Inapplicable ; Inapplicable ; Inapplicable ; Pass      ; Inapplicable ; Inapplicable ;
+--------------------+--------------+--------------+--------------+--------------+--------------+-----------+--------------+--------------+-----------+-----------+--------------+--------------+--------------+--------------+--------------+--------------+--------------+--------------+--------------+--------------+--------------+--------------+--------------+--------------+--------------+--------------+--------------+-----------+--------------+--------------+


+---------------------------------------------------------------------------------------------+
; Fitter Device Options                                                                       ;
+------------------------------------------------------------------+--------------------------+
; Option                                                           ; Setting                  ;
+------------------------------------------------------------------+--------------------------+
; Enable user-supplied start-up clock (CLKUSR)                     ; Off                      ;
; Enable device-wide reset (DEV_CLRn)                              ; Off                      ;
; Enable device-wide output enable (DEV_OE)                        ; Off                      ;
; Enable INIT_DONE output                                          ; Off                      ;
; Configuration scheme                                             ; Active Serial            ;
; Error detection CRC                                              ; Off                      ;
; Enable open drain on CRC_ERROR pin                               ; Off                      ;
; Enable input tri-state on active configuration pins in user mode ; Off                      ;
; Configuration Voltage Level                                      ; Auto                     ;
; Force Configuration Voltage Level                                ; Off                      ;
; nCEO                                                             ; As output driving ground ;
; Data[0]                                                          ; As input tri-stated      ;
; Data[1]/ASDO                                                     ; As input tri-stated      ;
; Data[7..2]                                                       ; Unreserved               ;
; FLASH_nCE/nCSO                                                   ; As input tri-stated      ;
; Other Active Parallel pins                                       ; Unreserved               ;
; DCLK                                                             ; As output driving ground ;
; Base pin-out file on sameframe device                            ; Off                      ;
+------------------------------------------------------------------+--------------------------+


+------------------------------------+
; Operating Settings and Conditions  ;
+---------------------------+--------+
; Setting                   ; Value  ;
+---------------------------+--------+
; Nominal Core Voltage      ; 1.20 V ;
; Low Junction Temperature  ; 0 °C   ;
; High Junction Temperature ; 85 °C  ;
+---------------------------+--------+


+--------------------------------------------------------------------------------------------------------------------+
; Estimated Delay Added for Hold Timing Summary                                                                      ;
+-----------------+------------------------------------------------------------------------------+-------------------+
; Source Clock(s) ; Destination Clock(s)                                                         ; Delay Added in ns ;
+-----------------+------------------------------------------------------------------------------+-------------------+
; clk             ; clk                                                                          ; 46.3              ;
; clk,I/O         ; clk                                                                          ; 2.1               ;
; clk             ; CPU_FPGA:U_CPU|IF_Stage:U_STAGE_IF|IF_ID_Register:U_IF_ID|instruction_out[0] ; 2.0               ;
+-----------------+------------------------------------------------------------------------------+-------------------+
Note: For more information on problematic transfers, consider running the Fitter again with the Optimize hold timing option (Settings Menu) turned off.
This will disable optimization of problematic paths and expose them for further analysis using either the TimeQuest Timing Analyzer or the Classic Timing Analyzer.


+------------------------------------------------------------------------------------------------------------------------------------------------------------------------------------------------------------------------------------------------------------+
; Estimated Delay Added for Hold Timing Details                                                                                                                                                                                                              ;
+------------------------------------------------------------------------------------+---------------------------------------------------------------------------------------------------------------------------------------------------+-------------------+
; Source Register                                                                    ; Destination Register                                                                                                                              ; Delay Added in ns ;
+------------------------------------------------------------------------------------+---------------------------------------------------------------------------------------------------------------------------------------------------+-------------------+
; CPU_FPGA:U_CPU|IF_Stage:U_STAGE_IF|IF_ID_Register:U_IF_ID|instruction_out[0]       ; CPU_FPGA:U_CPU|ID_Stage:U_STAGE_ID|ID_EX_Register:U_ID_EX|reg_write_out                                                                           ; 2.279             ;
; CPU_FPGA:U_CPU|IF_Stage:U_STAGE_IF|IF_ID_Register:U_IF_ID|instruction_out[1]       ; CPU_FPGA:U_CPU|ID_Stage:U_STAGE_ID|ID_EX_Register:U_ID_EX|mem_write_out                                                                           ; 1.719             ;
; CPU_FPGA:U_CPU|IF_Stage:U_STAGE_IF|IF_ID_Register:U_IF_ID|instruction_out[3]       ; CPU_FPGA:U_CPU|ID_Stage:U_STAGE_ID|ID_EX_Register:U_ID_EX|mem_write_out                                                                           ; 1.719             ;
; CPU_FPGA:U_CPU|IF_Stage:U_STAGE_IF|IF_ID_Register:U_IF_ID|instruction_out[5]       ; CPU_FPGA:U_CPU|ID_Stage:U_STAGE_ID|ID_EX_Register:U_ID_EX|imm_ext_out[19]                                                                         ; 1.631             ;
; CPU_FPGA:U_CPU|IF_Stage:U_STAGE_IF|IF_ID_Register:U_IF_ID|instruction_out[2]       ; CPU_FPGA:U_CPU|ID_Stage:U_STAGE_ID|ID_EX_Register:U_ID_EX|imm_ext_out[19]                                                                         ; 1.631             ;
; CPU_FPGA:U_CPU|IF_Stage:U_STAGE_IF|IF_ID_Register:U_IF_ID|instruction_out[4]       ; CPU_FPGA:U_CPU|ID_Stage:U_STAGE_ID|ID_EX_Register:U_ID_EX|imm_ext_out[19]                                                                         ; 1.631             ;
; CPU_FPGA:U_CPU|IF_Stage:U_STAGE_IF|IF_ID_Register:U_IF_ID|instruction_out[6]       ; CPU_FPGA:U_CPU|ID_Stage:U_STAGE_ID|ID_EX_Register:U_ID_EX|imm_ext_out[19]                                                                         ; 1.631             ;
; rst_n                                                                              ; CPU_FPGA:U_CPU|ID_Stage:U_STAGE_ID|ID_EX_Register:U_ID_EX|imm_ext_out[1]                                                                          ; 0.668             ;
; CPU_FPGA:U_CPU|IF_Stage:U_STAGE_IF|IF_ID_Register:U_IF_ID|instruction_out[20]      ; CPU_FPGA:U_CPU|ID_Stage:U_STAGE_ID|ID_EX_Register:U_ID_EX|imm_ext_out[0]                                                                          ; 0.335             ;
; CPU_FPGA:U_CPU|IF_Stage:U_STAGE_IF|IF_ID_Register:U_IF_ID|instruction_out[7]       ; CPU_FPGA:U_CPU|ID_Stage:U_STAGE_ID|ID_EX_Register:U_ID_EX|imm_ext_out[0]                                                                          ; 0.335             ;
; CPU_FPGA:U_CPU|ID_Stage:U_STAGE_ID|Control_Unit:U_CONTROL|alu_op[0]                ; CPU_FPGA:U_CPU|ID_Stage:U_STAGE_ID|ID_EX_Register:U_ID_EX|alu_ctrl_out[3]                                                                         ; 0.299             ;
; CPU_FPGA:U_CPU|ID_Stage:U_STAGE_ID|Control_Unit:U_CONTROL|alu_op[1]                ; CPU_FPGA:U_CPU|ID_Stage:U_STAGE_ID|ID_EX_Register:U_ID_EX|alu_ctrl_out[3]                                                                         ; 0.299             ;
; CPU_FPGA:U_CPU|IF_Stage:U_STAGE_IF|IF_ID_Register:U_IF_ID|instruction_out[27]      ; CPU_FPGA:U_CPU|ID_Stage:U_STAGE_ID|ID_EX_Register:U_ID_EX|alu_ctrl_out[3]                                                                         ; 0.299             ;
; CPU_FPGA:U_CPU|IF_Stage:U_STAGE_IF|IF_ID_Register:U_IF_ID|instruction_out[28]      ; CPU_FPGA:U_CPU|ID_Stage:U_STAGE_ID|ID_EX_Register:U_ID_EX|alu_ctrl_out[3]                                                                         ; 0.299             ;
; CPU_FPGA:U_CPU|IF_Stage:U_STAGE_IF|IF_ID_Register:U_IF_ID|instruction_out[29]      ; CPU_FPGA:U_CPU|ID_Stage:U_STAGE_ID|ID_EX_Register:U_ID_EX|alu_ctrl_out[3]                                                                         ; 0.299             ;
; CPU_FPGA:U_CPU|IF_Stage:U_STAGE_IF|IF_ID_Register:U_IF_ID|instruction_out[31]      ; CPU_FPGA:U_CPU|ID_Stage:U_STAGE_ID|ID_EX_Register:U_ID_EX|alu_ctrl_out[3]                                                                         ; 0.299             ;
; CPU_FPGA:U_CPU|IF_Stage:U_STAGE_IF|IF_ID_Register:U_IF_ID|instruction_out[30]      ; CPU_FPGA:U_CPU|ID_Stage:U_STAGE_ID|ID_EX_Register:U_ID_EX|alu_ctrl_out[3]                                                                         ; 0.299             ;
; CPU_FPGA:U_CPU|IF_Stage:U_STAGE_IF|IF_ID_Register:U_IF_ID|instruction_out[13]      ; CPU_FPGA:U_CPU|ID_Stage:U_STAGE_ID|ID_EX_Register:U_ID_EX|alu_ctrl_out[3]                                                                         ; 0.299             ;
; CPU_FPGA:U_CPU|IF_Stage:U_STAGE_IF|IF_ID_Register:U_IF_ID|instruction_out[25]      ; CPU_FPGA:U_CPU|ID_Stage:U_STAGE_ID|ID_EX_Register:U_ID_EX|alu_ctrl_out[3]                                                                         ; 0.299             ;
; CPU_FPGA:U_CPU|IF_Stage:U_STAGE_IF|IF_ID_Register:U_IF_ID|instruction_out[26]      ; CPU_FPGA:U_CPU|ID_Stage:U_STAGE_ID|ID_EX_Register:U_ID_EX|alu_ctrl_out[3]                                                                         ; 0.299             ;
; CPU_FPGA:U_CPU|IF_Stage:U_STAGE_IF|IF_ID_Register:U_IF_ID|instruction_out[14]      ; CPU_FPGA:U_CPU|ID_Stage:U_STAGE_ID|ID_EX_Register:U_ID_EX|alu_ctrl_out[3]                                                                         ; 0.299             ;
; CPU_FPGA:U_CPU|IF_Stage:U_STAGE_IF|IF_ID_Register:U_IF_ID|instruction_out[12]      ; CPU_FPGA:U_CPU|ID_Stage:U_STAGE_ID|ID_EX_Register:U_ID_EX|alu_ctrl_out[2]                                                                         ; 0.296             ;
; CPU_FPGA:U_CPU|IF_Stage:U_STAGE_IF|Program_Counter:U_PC|pc_reg[2]                  ; CPU_FPGA:U_CPU|IF_Stage:U_STAGE_IF|Instruction_Memory:U_IMEM|altsyncram:ram_rtl_0|altsyncram_9b81:auto_generated|ram_block1a23~porta_address_reg0 ; 0.196             ;
; uart_tx:U_UART_TX|shift_reg[1]                                                     ; uart_tx:U_UART_TX|shift_reg[0]                                                                                                                    ; 0.095             ;
; gpio_key:U_GPIO_KEY|key_sync1[2]                                                   ; gpio_key:U_GPIO_KEY|key_sync2[2]                                                                                                                  ; 0.095             ;
; CPU_FPGA:U_CPU|ID_Stage:U_STAGE_ID|ID_EX_Register:U_ID_EX|branch_out               ; CPU_FPGA:U_CPU|ID_Stage:U_STAGE_ID|ID_EX_Register:U_ID_EX|alu_ctrl_out[1]                                                                         ; 0.081             ;
; CPU_FPGA:U_CPU|ID_Stage:U_STAGE_ID|ID_EX_Register:U_ID_EX|imm_ext_out[30]          ; CPU_FPGA:U_CPU|ID_Stage:U_STAGE_ID|ID_EX_Register:U_ID_EX|alu_ctrl_out[1]                                                                         ; 0.081             ;
; CPU_FPGA:U_CPU|ID_Stage:U_STAGE_ID|ID_EX_Register:U_ID_EX|imm_ext_out[31]          ; CPU_FPGA:U_CPU|ID_Stage:U_STAGE_ID|ID_EX_Register:U_ID_EX|alu_ctrl_out[1]                                                                         ; 0.081             ;
; CPU_FPGA:U_CPU|ID_Stage:U_STAGE_ID|ID_EX_Register:U_ID_EX|imm_ext_out[29]          ; CPU_FPGA:U_CPU|ID_Stage:U_STAGE_ID|ID_EX_Register:U_ID_EX|alu_ctrl_out[1]                                                                         ; 0.081             ;
; CPU_FPGA:U_CPU|ID_Stage:U_STAGE_ID|ID_EX_Register:U_ID_EX|imm_ext_out[28]          ; CPU_FPGA:U_CPU|ID_Stage:U_STAGE_ID|ID_EX_Register:U_ID_EX|alu_ctrl_out[1]                                                                         ; 0.081             ;
; CPU_FPGA:U_CPU|ID_Stage:U_STAGE_ID|ID_EX_Register:U_ID_EX|imm_ext_out[27]          ; CPU_FPGA:U_CPU|ID_Stage:U_STAGE_ID|ID_EX_Register:U_ID_EX|alu_ctrl_out[1]                                                                         ; 0.081             ;
; CPU_FPGA:U_CPU|ID_Stage:U_STAGE_ID|ID_EX_Register:U_ID_EX|imm_ext_out[26]          ; CPU_FPGA:U_CPU|ID_Stage:U_STAGE_ID|ID_EX_Register:U_ID_EX|alu_ctrl_out[1]                                                                         ; 0.081             ;
; CPU_FPGA:U_CPU|ID_Stage:U_STAGE_ID|ID_EX_Register:U_ID_EX|imm_ext_out[25]          ; CPU_FPGA:U_CPU|ID_Stage:U_STAGE_ID|ID_EX_Register:U_ID_EX|alu_ctrl_out[1]                                                                         ; 0.081             ;
; CPU_FPGA:U_CPU|ID_Stage:U_STAGE_ID|ID_EX_Register:U_ID_EX|imm_ext_out[24]          ; CPU_FPGA:U_CPU|ID_Stage:U_STAGE_ID|ID_EX_Register:U_ID_EX|alu_ctrl_out[1]                                                                         ; 0.081             ;
; CPU_FPGA:U_CPU|ID_Stage:U_STAGE_ID|ID_EX_Register:U_ID_EX|imm_ext_out[23]          ; CPU_FPGA:U_CPU|ID_Stage:U_STAGE_ID|ID_EX_Register:U_ID_EX|alu_ctrl_out[1]                                                                         ; 0.081             ;
; CPU_FPGA:U_CPU|ID_Stage:U_STAGE_ID|ID_EX_Register:U_ID_EX|imm_ext_out[22]          ; CPU_FPGA:U_CPU|ID_Stage:U_STAGE_ID|ID_EX_Register:U_ID_EX|alu_ctrl_out[1]                                                                         ; 0.081             ;
; CPU_FPGA:U_CPU|ID_Stage:U_STAGE_ID|ID_EX_Register:U_ID_EX|imm_ext_out[21]          ; CPU_FPGA:U_CPU|ID_Stage:U_STAGE_ID|ID_EX_Register:U_ID_EX|alu_ctrl_out[1]                                                                         ; 0.081             ;
; CPU_FPGA:U_CPU|ID_Stage:U_STAGE_ID|ID_EX_Register:U_ID_EX|imm_ext_out[20]          ; CPU_FPGA:U_CPU|ID_Stage:U_STAGE_ID|ID_EX_Register:U_ID_EX|alu_ctrl_out[1]                                                                         ; 0.081             ;
; CPU_FPGA:U_CPU|MEM_Stage:U_STAGE_MEM|MEM_WB_Register:U_MEM_WB|wb_read_data_out[24] ; CPU_FPGA:U_CPU|ID_Stage:U_STAGE_ID|ID_EX_Register:U_ID_EX|alu_ctrl_out[1]                                                                         ; 0.081             ;
; CPU_FPGA:U_CPU|ID_Stage:U_STAGE_ID|ID_EX_Register:U_ID_EX|reg_data2_out[24]        ; CPU_FPGA:U_CPU|ID_Stage:U_STAGE_ID|ID_EX_Register:U_ID_EX|alu_ctrl_out[1]                                                                         ; 0.081             ;
; CPU_FPGA:U_CPU|ID_Stage:U_STAGE_ID|ID_EX_Register:U_ID_EX|imm_ext_out[19]          ; CPU_FPGA:U_CPU|ID_Stage:U_STAGE_ID|ID_EX_Register:U_ID_EX|alu_ctrl_out[1]                                                                         ; 0.081             ;
; CPU_FPGA:U_CPU|ID_Stage:U_STAGE_ID|ID_EX_Register:U_ID_EX|imm_ext_out[17]          ; CPU_FPGA:U_CPU|ID_Stage:U_STAGE_ID|ID_EX_Register:U_ID_EX|alu_ctrl_out[1]                                                                         ; 0.081             ;
; CPU_FPGA:U_CPU|ID_Stage:U_STAGE_ID|ID_EX_Register:U_ID_EX|imm_ext_out[16]          ; CPU_FPGA:U_CPU|ID_Stage:U_STAGE_ID|ID_EX_Register:U_ID_EX|alu_ctrl_out[1]                                                                         ; 0.081             ;
; CPU_FPGA:U_CPU|ID_Stage:U_STAGE_ID|ID_EX_Register:U_ID_EX|imm_ext_out[15]          ; CPU_FPGA:U_CPU|ID_Stage:U_STAGE_ID|ID_EX_Register:U_ID_EX|alu_ctrl_out[1]                                                                         ; 0.081             ;
; CPU_FPGA:U_CPU|ID_Stage:U_STAGE_ID|ID_EX_Register:U_ID_EX|imm_ext_out[14]          ; CPU_FPGA:U_CPU|ID_Stage:U_STAGE_ID|ID_EX_Register:U_ID_EX|alu_ctrl_out[1]                                                                         ; 0.081             ;
; CPU_FPGA:U_CPU|ID_Stage:U_STAGE_ID|ID_EX_Register:U_ID_EX|imm_ext_out[13]          ; CPU_FPGA:U_CPU|ID_Stage:U_STAGE_ID|ID_EX_Register:U_ID_EX|alu_ctrl_out[1]                                                                         ; 0.081             ;
; CPU_FPGA:U_CPU|ID_Stage:U_STAGE_ID|ID_EX_Register:U_ID_EX|imm_ext_out[12]          ; CPU_FPGA:U_CPU|ID_Stage:U_STAGE_ID|ID_EX_Register:U_ID_EX|alu_ctrl_out[1]                                                                         ; 0.081             ;
; CPU_FPGA:U_CPU|ID_Stage:U_STAGE_ID|ID_EX_Register:U_ID_EX|imm_ext_out[11]          ; CPU_FPGA:U_CPU|ID_Stage:U_STAGE_ID|ID_EX_Register:U_ID_EX|alu_ctrl_out[1]                                                                         ; 0.081             ;
; CPU_FPGA:U_CPU|ID_Stage:U_STAGE_ID|ID_EX_Register:U_ID_EX|imm_ext_out[10]          ; CPU_FPGA:U_CPU|ID_Stage:U_STAGE_ID|ID_EX_Register:U_ID_EX|alu_ctrl_out[1]                                                                         ; 0.081             ;
; CPU_FPGA:U_CPU|ID_Stage:U_STAGE_ID|ID_EX_Register:U_ID_EX|imm_ext_out[9]           ; CPU_FPGA:U_CPU|ID_Stage:U_STAGE_ID|ID_EX_Register:U_ID_EX|alu_ctrl_out[1]                                                                         ; 0.081             ;
; CPU_FPGA:U_CPU|MEM_Stage:U_STAGE_MEM|MEM_WB_Register:U_MEM_WB|wb_read_data_out[20] ; CPU_FPGA:U_CPU|ID_Stage:U_STAGE_ID|ID_EX_Register:U_ID_EX|alu_ctrl_out[1]                                                                         ; 0.081             ;
; CPU_FPGA:U_CPU|ID_Stage:U_STAGE_ID|ID_EX_Register:U_ID_EX|reg_data2_out[20]        ; CPU_FPGA:U_CPU|ID_Stage:U_STAGE_ID|ID_EX_Register:U_ID_EX|alu_ctrl_out[1]                                                                         ; 0.081             ;
; CPU_FPGA:U_CPU|EX_Stage:U_STAGE_EX|EX_MEM_Register:U_EX_MEM|mem_result[20]         ; CPU_FPGA:U_CPU|ID_Stage:U_STAGE_ID|ID_EX_Register:U_ID_EX|alu_ctrl_out[1]                                                                         ; 0.081             ;
; CPU_FPGA:U_CPU|MEM_Stage:U_STAGE_MEM|MEM_WB_Register:U_MEM_WB|wb_result_out[20]    ; CPU_FPGA:U_CPU|ID_Stage:U_STAGE_ID|ID_EX_Register:U_ID_EX|alu_ctrl_out[1]                                                                         ; 0.081             ;
; CPU_FPGA:U_CPU|ID_Stage:U_STAGE_ID|ID_EX_Register:U_ID_EX|reg_data1_out[20]        ; CPU_FPGA:U_CPU|ID_Stage:U_STAGE_ID|ID_EX_Register:U_ID_EX|alu_ctrl_out[1]                                                                         ; 0.081             ;
; CPU_FPGA:U_CPU|ID_Stage:U_STAGE_ID|ID_EX_Register:U_ID_EX|imm_ext_out[1]           ; CPU_FPGA:U_CPU|ID_Stage:U_STAGE_ID|ID_EX_Register:U_ID_EX|alu_ctrl_out[1]                                                                         ; 0.081             ;
; CPU_FPGA:U_CPU|ID_Stage:U_STAGE_ID|ID_EX_Register:U_ID_EX|imm_ext_out[2]           ; CPU_FPGA:U_CPU|ID_Stage:U_STAGE_ID|ID_EX_Register:U_ID_EX|alu_ctrl_out[1]                                                                         ; 0.081             ;
; CPU_FPGA:U_CPU|ID_Stage:U_STAGE_ID|ID_EX_Register:U_ID_EX|imm_ext_out[18]          ; CPU_FPGA:U_CPU|ID_Stage:U_STAGE_ID|ID_EX_Register:U_ID_EX|alu_ctrl_out[1]                                                                         ; 0.081             ;
; CPU_FPGA:U_CPU|MEM_Stage:U_STAGE_MEM|MEM_WB_Register:U_MEM_WB|wb_read_data_out[18] ; CPU_FPGA:U_CPU|ID_Stage:U_STAGE_ID|ID_EX_Register:U_ID_EX|alu_ctrl_out[1]                                                                         ; 0.081             ;
; CPU_FPGA:U_CPU|ID_Stage:U_STAGE_ID|ID_EX_Register:U_ID_EX|reg_data2_out[18]        ; CPU_FPGA:U_CPU|ID_Stage:U_STAGE_ID|ID_EX_Register:U_ID_EX|alu_ctrl_out[1]                                                                         ; 0.081             ;
; CPU_FPGA:U_CPU|EX_Stage:U_STAGE_EX|EX_MEM_Register:U_EX_MEM|mem_result[18]         ; CPU_FPGA:U_CPU|ID_Stage:U_STAGE_ID|ID_EX_Register:U_ID_EX|alu_ctrl_out[1]                                                                         ; 0.081             ;
; CPU_FPGA:U_CPU|MEM_Stage:U_STAGE_MEM|MEM_WB_Register:U_MEM_WB|wb_result_out[18]    ; CPU_FPGA:U_CPU|ID_Stage:U_STAGE_ID|ID_EX_Register:U_ID_EX|alu_ctrl_out[1]                                                                         ; 0.081             ;
; CPU_FPGA:U_CPU|ID_Stage:U_STAGE_ID|ID_EX_Register:U_ID_EX|reg_data1_out[18]        ; CPU_FPGA:U_CPU|ID_Stage:U_STAGE_ID|ID_EX_Register:U_ID_EX|alu_ctrl_out[1]                                                                         ; 0.081             ;
; CPU_FPGA:U_CPU|MEM_Stage:U_STAGE_MEM|MEM_WB_Register:U_MEM_WB|wb_read_data_out[19] ; CPU_FPGA:U_CPU|ID_Stage:U_STAGE_ID|ID_EX_Register:U_ID_EX|alu_ctrl_out[1]                                                                         ; 0.081             ;
; CPU_FPGA:U_CPU|ID_Stage:U_STAGE_ID|ID_EX_Register:U_ID_EX|reg_data1_out[19]        ; CPU_FPGA:U_CPU|ID_Stage:U_STAGE_ID|ID_EX_Register:U_ID_EX|alu_ctrl_out[1]                                                                         ; 0.081             ;
; CPU_FPGA:U_CPU|EX_Stage:U_STAGE_EX|EX_MEM_Register:U_EX_MEM|mem_result[19]         ; CPU_FPGA:U_CPU|ID_Stage:U_STAGE_ID|ID_EX_Register:U_ID_EX|alu_ctrl_out[1]                                                                         ; 0.081             ;
; CPU_FPGA:U_CPU|MEM_Stage:U_STAGE_MEM|MEM_WB_Register:U_MEM_WB|wb_result_out[19]    ; CPU_FPGA:U_CPU|ID_Stage:U_STAGE_ID|ID_EX_Register:U_ID_EX|alu_ctrl_out[1]                                                                         ; 0.081             ;
; CPU_FPGA:U_CPU|ID_Stage:U_STAGE_ID|ID_EX_Register:U_ID_EX|reg_data2_out[19]        ; CPU_FPGA:U_CPU|ID_Stage:U_STAGE_ID|ID_EX_Register:U_ID_EX|alu_ctrl_out[1]                                                                         ; 0.081             ;
; CPU_FPGA:U_CPU|MEM_Stage:U_STAGE_MEM|MEM_WB_Register:U_MEM_WB|wb_read_data_out[27] ; CPU_FPGA:U_CPU|ID_Stage:U_STAGE_ID|ID_EX_Register:U_ID_EX|alu_ctrl_out[1]                                                                         ; 0.081             ;
; CPU_FPGA:U_CPU|ID_Stage:U_STAGE_ID|ID_EX_Register:U_ID_EX|reg_data2_out[27]        ; CPU_FPGA:U_CPU|ID_Stage:U_STAGE_ID|ID_EX_Register:U_ID_EX|alu_ctrl_out[1]                                                                         ; 0.081             ;
; CPU_FPGA:U_CPU|ID_Stage:U_STAGE_ID|ID_EX_Register:U_ID_EX|reg_data2_out[3]         ; CPU_FPGA:U_CPU|ID_Stage:U_STAGE_ID|ID_EX_Register:U_ID_EX|alu_ctrl_out[1]                                                                         ; 0.081             ;
; CPU_FPGA:U_CPU|MEM_Stage:U_STAGE_MEM|MEM_WB_Register:U_MEM_WB|wb_read_data_out[21] ; CPU_FPGA:U_CPU|ID_Stage:U_STAGE_ID|ID_EX_Register:U_ID_EX|alu_ctrl_out[1]                                                                         ; 0.081             ;
; CPU_FPGA:U_CPU|ID_Stage:U_STAGE_ID|ID_EX_Register:U_ID_EX|reg_data2_out[21]        ; CPU_FPGA:U_CPU|ID_Stage:U_STAGE_ID|ID_EX_Register:U_ID_EX|alu_ctrl_out[1]                                                                         ; 0.081             ;
; CPU_FPGA:U_CPU|MEM_Stage:U_STAGE_MEM|MEM_WB_Register:U_MEM_WB|wb_read_data_out[13] ; CPU_FPGA:U_CPU|ID_Stage:U_STAGE_ID|ID_EX_Register:U_ID_EX|alu_ctrl_out[1]                                                                         ; 0.081             ;
; CPU_FPGA:U_CPU|ID_Stage:U_STAGE_ID|ID_EX_Register:U_ID_EX|reg_data1_out[13]        ; CPU_FPGA:U_CPU|ID_Stage:U_STAGE_ID|ID_EX_Register:U_ID_EX|alu_ctrl_out[1]                                                                         ; 0.081             ;
; CPU_FPGA:U_CPU|EX_Stage:U_STAGE_EX|EX_MEM_Register:U_EX_MEM|mem_result[13]         ; CPU_FPGA:U_CPU|ID_Stage:U_STAGE_ID|ID_EX_Register:U_ID_EX|alu_ctrl_out[1]                                                                         ; 0.081             ;
; CPU_FPGA:U_CPU|MEM_Stage:U_STAGE_MEM|MEM_WB_Register:U_MEM_WB|wb_result_out[13]    ; CPU_FPGA:U_CPU|ID_Stage:U_STAGE_ID|ID_EX_Register:U_ID_EX|alu_ctrl_out[1]                                                                         ; 0.081             ;
; CPU_FPGA:U_CPU|ID_Stage:U_STAGE_ID|ID_EX_Register:U_ID_EX|reg_data2_out[13]        ; CPU_FPGA:U_CPU|ID_Stage:U_STAGE_ID|ID_EX_Register:U_ID_EX|alu_ctrl_out[1]                                                                         ; 0.081             ;
; CPU_FPGA:U_CPU|ID_Stage:U_STAGE_ID|ID_EX_Register:U_ID_EX|reg_data2_out[5]         ; CPU_FPGA:U_CPU|ID_Stage:U_STAGE_ID|ID_EX_Register:U_ID_EX|alu_ctrl_out[1]                                                                         ; 0.081             ;
; CPU_FPGA:U_CPU|MEM_Stage:U_STAGE_MEM|MEM_WB_Register:U_MEM_WB|wb_read_data_out[29] ; CPU_FPGA:U_CPU|ID_Stage:U_STAGE_ID|ID_EX_Register:U_ID_EX|alu_ctrl_out[1]                                                                         ; 0.081             ;
; CPU_FPGA:U_CPU|ID_Stage:U_STAGE_ID|ID_EX_Register:U_ID_EX|reg_data1_out[29]        ; CPU_FPGA:U_CPU|ID_Stage:U_STAGE_ID|ID_EX_Register:U_ID_EX|alu_ctrl_out[1]                                                                         ; 0.081             ;
; CPU_FPGA:U_CPU|EX_Stage:U_STAGE_EX|EX_MEM_Register:U_EX_MEM|mem_result[29]         ; CPU_FPGA:U_CPU|ID_Stage:U_STAGE_ID|ID_EX_Register:U_ID_EX|alu_ctrl_out[1]                                                                         ; 0.081             ;
; CPU_FPGA:U_CPU|MEM_Stage:U_STAGE_MEM|MEM_WB_Register:U_MEM_WB|wb_result_out[29]    ; CPU_FPGA:U_CPU|ID_Stage:U_STAGE_ID|ID_EX_Register:U_ID_EX|alu_ctrl_out[1]                                                                         ; 0.081             ;
; CPU_FPGA:U_CPU|ID_Stage:U_STAGE_ID|ID_EX_Register:U_ID_EX|reg_data2_out[29]        ; CPU_FPGA:U_CPU|ID_Stage:U_STAGE_ID|ID_EX_Register:U_ID_EX|alu_ctrl_out[1]                                                                         ; 0.081             ;
; CPU_FPGA:U_CPU|EX_Stage:U_STAGE_EX|EX_MEM_Register:U_EX_MEM|mem_result[21]         ; CPU_FPGA:U_CPU|ID_Stage:U_STAGE_ID|ID_EX_Register:U_ID_EX|alu_ctrl_out[1]                                                                         ; 0.081             ;
; CPU_FPGA:U_CPU|MEM_Stage:U_STAGE_MEM|MEM_WB_Register:U_MEM_WB|wb_result_out[21]    ; CPU_FPGA:U_CPU|ID_Stage:U_STAGE_ID|ID_EX_Register:U_ID_EX|alu_ctrl_out[1]                                                                         ; 0.081             ;
; CPU_FPGA:U_CPU|ID_Stage:U_STAGE_ID|ID_EX_Register:U_ID_EX|reg_data1_out[21]        ; CPU_FPGA:U_CPU|ID_Stage:U_STAGE_ID|ID_EX_Register:U_ID_EX|alu_ctrl_out[1]                                                                         ; 0.081             ;
; CPU_FPGA:U_CPU|MEM_Stage:U_STAGE_MEM|MEM_WB_Register:U_MEM_WB|wb_read_data_out[22] ; CPU_FPGA:U_CPU|ID_Stage:U_STAGE_ID|ID_EX_Register:U_ID_EX|alu_ctrl_out[1]                                                                         ; 0.081             ;
; CPU_FPGA:U_CPU|ID_Stage:U_STAGE_ID|ID_EX_Register:U_ID_EX|reg_data1_out[22]        ; CPU_FPGA:U_CPU|ID_Stage:U_STAGE_ID|ID_EX_Register:U_ID_EX|alu_ctrl_out[1]                                                                         ; 0.081             ;
; CPU_FPGA:U_CPU|EX_Stage:U_STAGE_EX|EX_MEM_Register:U_EX_MEM|mem_result[22]         ; CPU_FPGA:U_CPU|ID_Stage:U_STAGE_ID|ID_EX_Register:U_ID_EX|alu_ctrl_out[1]                                                                         ; 0.081             ;
; CPU_FPGA:U_CPU|MEM_Stage:U_STAGE_MEM|MEM_WB_Register:U_MEM_WB|wb_result_out[22]    ; CPU_FPGA:U_CPU|ID_Stage:U_STAGE_ID|ID_EX_Register:U_ID_EX|alu_ctrl_out[1]                                                                         ; 0.081             ;
; CPU_FPGA:U_CPU|ID_Stage:U_STAGE_ID|ID_EX_Register:U_ID_EX|reg_data2_out[22]        ; CPU_FPGA:U_CPU|ID_Stage:U_STAGE_ID|ID_EX_Register:U_ID_EX|alu_ctrl_out[1]                                                                         ; 0.081             ;
; CPU_FPGA:U_CPU|MEM_Stage:U_STAGE_MEM|MEM_WB_Register:U_MEM_WB|wb_read_data_out[14] ; CPU_FPGA:U_CPU|ID_Stage:U_STAGE_ID|ID_EX_Register:U_ID_EX|alu_ctrl_out[1]                                                                         ; 0.081             ;
; CPU_FPGA:U_CPU|ID_Stage:U_STAGE_ID|ID_EX_Register:U_ID_EX|reg_data2_out[14]        ; CPU_FPGA:U_CPU|ID_Stage:U_STAGE_ID|ID_EX_Register:U_ID_EX|alu_ctrl_out[1]                                                                         ; 0.081             ;
; CPU_FPGA:U_CPU|ID_Stage:U_STAGE_ID|ID_EX_Register:U_ID_EX|reg_data2_out[6]         ; CPU_FPGA:U_CPU|ID_Stage:U_STAGE_ID|ID_EX_Register:U_ID_EX|alu_ctrl_out[1]                                                                         ; 0.081             ;
; CPU_FPGA:U_CPU|MEM_Stage:U_STAGE_MEM|MEM_WB_Register:U_MEM_WB|wb_read_data_out[30] ; CPU_FPGA:U_CPU|ID_Stage:U_STAGE_ID|ID_EX_Register:U_ID_EX|alu_ctrl_out[1]                                                                         ; 0.081             ;
; CPU_FPGA:U_CPU|ID_Stage:U_STAGE_ID|ID_EX_Register:U_ID_EX|reg_data1_out[30]        ; CPU_FPGA:U_CPU|ID_Stage:U_STAGE_ID|ID_EX_Register:U_ID_EX|alu_ctrl_out[1]                                                                         ; 0.081             ;
; CPU_FPGA:U_CPU|EX_Stage:U_STAGE_EX|EX_MEM_Register:U_EX_MEM|mem_result[24]         ; CPU_FPGA:U_CPU|ID_Stage:U_STAGE_ID|ID_EX_Register:U_ID_EX|alu_ctrl_out[1]                                                                         ; 0.081             ;
; CPU_FPGA:U_CPU|MEM_Stage:U_STAGE_MEM|MEM_WB_Register:U_MEM_WB|wb_result_out[24]    ; CPU_FPGA:U_CPU|ID_Stage:U_STAGE_ID|ID_EX_Register:U_ID_EX|alu_ctrl_out[1]                                                                         ; 0.081             ;
; CPU_FPGA:U_CPU|ID_Stage:U_STAGE_ID|ID_EX_Register:U_ID_EX|reg_data1_out[24]        ; CPU_FPGA:U_CPU|ID_Stage:U_STAGE_ID|ID_EX_Register:U_ID_EX|alu_ctrl_out[1]                                                                         ; 0.081             ;
+------------------------------------------------------------------------------------+---------------------------------------------------------------------------------------------------------------------------------------------------+-------------------+
Note: This table only shows the top 100 path(s) that have the largest delay added for hold.


+-----------------+
; Fitter Messages ;
+-----------------+
Warning (20028): Parallel compilation is not licensed and has been disabled
Info (119006): Selected device EP4CE6E22C8 for design "CPU_FPGA"
Info (21077): Low junction temperature is 0 degrees C
Info (21077): High junction temperature is 85 degrees C
Info (171003): Fitter is performing an Auto Fit compilation, which may decrease Fitter effort to reduce compilation time
Warning (292013): Feature LogicLock is only available with a valid subscription license. You can purchase a software subscription to gain full access to this feature.
Info (176444): Device migration not selected. If you intend to use device migration later, you may need to change the pin assignments as they may be incompatible with other devices
    Info (176445): Device EP4CE10E22C8 is compatible
    Info (176445): Device EP4CE15E22C8 is compatible
    Info (176445): Device EP4CE22E22C8 is compatible
Info (169124): Fitter converted 5 user pins into dedicated programming pins
    Info (169125): Pin ~ALTERA_ASDO_DATA1~ is reserved at location 6
    Info (169125): Pin ~ALTERA_FLASH_nCE_nCSO~ is reserved at location 8
    Info (169125): Pin ~ALTERA_DCLK~ is reserved at location 12
    Info (169125): Pin ~ALTERA_DATA0~ is reserved at location 13
    Info (169125): Pin ~ALTERA_nCEO~ is reserved at location 101
Warning (15714): Some pins have incomplete I/O assignments. Refer to the I/O Assignment Warnings report for details
Info (176045): Design uses memory blocks. Violating setup or hold times of memory block address registers for either read or write operations could cause memory contents to be corrupted. Make sure that all memory block address registers meet the setup and hold time requirements.
Critical Warning (169085): No exact pin location assignment(s) for 13 pins of 13 total pins
    Info (169086): Pin led_out[0] not assigned to an exact location on the device
    Info (169086): Pin led_out[1] not assigned to an exact location on the device
    Info (169086): Pin led_out[2] not assigned to an exact location on the device
    Info (169086): Pin led_out[3] not assigned to an exact location on the device
    Info (169086): Pin uart_tx_pin not assigned to an exact location on the device
    Info (169086): Pin debug_sel[1] not assigned to an exact location on the device
    Info (169086): Pin debug_sel[0] not assigned to an exact location on the device
    Info (169086): Pin rst_n not assigned to an exact location on the device
    Info (169086): Pin clk not assigned to an exact location on the device
    Info (169086): Pin key_in[0] not assigned to an exact location on the device
    Info (169086): Pin key_in[2] not assigned to an exact location on the device
    Info (169086): Pin key_in[3] not assigned to an exact location on the device
    Info (169086): Pin key_in[1] not assigned to an exact location on the device
Warning (335093): TimeQuest Timing Analyzer is analyzing 2 combinational loops as latches.
Critical Warning (332012): Synopsys Design Constraints File file not found: 'CPU_FPGA.sdc'. A Synopsys Design Constraints File is required by the TimeQuest Timing Analyzer to get proper timing constraints. Without it, the Compiler will not properly optimize the design.
Info (332144): No user constrained base clocks found in the design
Info (332143): No user constrained clock uncertainty found in the design. Calling "derive_clock_uncertainty"
Info (332123): Deriving Clock Uncertainty. Please refer to report_sdc in TimeQuest to see clock uncertainties.
Info (332130): Timing requirements not specified -- quality metrics such as performance may be sacrificed to reduce compilation time.
Info (176353): Automatically promoted node clk~input (placed in PIN 23 (CLK1, DIFFCLK_0n))
    Info (176355): Automatically promoted destinations to use location or clock signal Global Clock CLKCTRL_G2
    Info (176356): Following destination nodes may be non-global or may not use global or regional clocks
        Info (176357): Destination node CPU_FPGA:U_CPU|IF_Stage:U_STAGE_IF|IF_ID_Register:U_IF_ID|instruction_out[1]
        Info (176357): Destination node CPU_FPGA:U_CPU|IF_Stage:U_STAGE_IF|IF_ID_Register:U_IF_ID|instruction_out[2]
        Info (176357): Destination node CPU_FPGA:U_CPU|IF_Stage:U_STAGE_IF|IF_ID_Register:U_IF_ID|instruction_out[3]
        Info (176357): Destination node CPU_FPGA:U_CPU|IF_Stage:U_STAGE_IF|IF_ID_Register:U_IF_ID|instruction_out[4]
        Info (176357): Destination node CPU_FPGA:U_CPU|IF_Stage:U_STAGE_IF|IF_ID_Register:U_IF_ID|instruction_out[5]
        Info (176357): Destination node CPU_FPGA:U_CPU|IF_Stage:U_STAGE_IF|IF_ID_Register:U_IF_ID|instruction_out[6]
Info (176353): Automatically promoted node CPU_FPGA:U_CPU|ID_Stage:U_STAGE_ID|Control_Unit:U_CONTROL|Mux23~3 
    Info (176355): Automatically promoted destinations to use location or clock signal Global Clock
Info (176353): Automatically promoted node rst_n~input (placed in PIN 24 (CLK2, DIFFCLK_1p))
    Info (176355): Automatically promoted destinations to use location or clock signal Global Clock CLKCTRL_G4
    Info (176356): Following destination nodes may be non-global or may not use global or regional clocks
        Info (176357): Destination node CPU_FPGA:U_CPU|IF_Stage:U_STAGE_IF|Program_Counter:U_PC|pc_reg[0]
        Info (176357): Destination node CPU_FPGA:U_CPU|IF_Stage:U_STAGE_IF|Program_Counter:U_PC|pc_reg[1]
        Info (176357): Destination node CPU_FPGA:U_CPU|IF_Stage:U_STAGE_IF|Program_Counter:U_PC|pc_reg[2]
        Info (176357): Destination node CPU_FPGA:U_CPU|IF_Stage:U_STAGE_IF|Program_Counter:U_PC|pc_reg[3]
        Info (176357): Destination node CPU_FPGA:U_CPU|ID_Stage:U_STAGE_ID|ID_EX_Register:U_ID_EX|is_m_ext_out
        Info (176357): Destination node CPU_FPGA:U_CPU|IF_Stage:U_STAGE_IF|Program_Counter:U_PC|pc_reg[4]
        Info (176357): Destination node CPU_FPGA:U_CPU|IF_Stage:U_STAGE_IF|Program_Counter:U_PC|pc_reg[5]
        Info (176357): Destination node CPU_FPGA:U_CPU|IF_Stage:U_STAGE_IF|Program_Counter:U_PC|pc_reg[6]
        Info (176357): Destination node CPU_FPGA:U_CPU|IF_Stage:U_STAGE_IF|Program_Counter:U_PC|pc_reg[7]
        Info (176357): Destination node CPU_FPGA:U_CPU|IF_Stage:U_STAGE_IF|Program_Counter:U_PC|pc_reg[8]
        Info (176358): Non-global destination nodes limited to 10 nodes
Info (176233): Starting register packing
Info (176235): Finished register packing
    Extra Info (176219): No registers were packed into other blocks
Info (176214): Statistics of I/O pins that need to be placed that use the same VCCIO and VREF, before I/O pin placement
    Info (176211): Number of I/O pins in group: 11 (unused VREF, 2.5V VCCIO, 6 input, 5 output, 0 bidirectional)
        Info (176212): I/O standards used: 2.5 V.
Info (176215): I/O bank details before I/O pin placement
    Info (176214): Statistics of I/O banks
        Info (176213): I/O bank number 1 does not use VREF pins and has undetermined VCCIO pins. 5 total pin(s) used --  6 pins available
        Info (176213): I/O bank number 2 does not use VREF pins and has undetermined VCCIO pins. 1 total pin(s) used --  7 pins available
        Info (176213): I/O bank number 3 does not use VREF pins and has undetermined VCCIO pins. 0 total pin(s) used --  11 pins available
        Info (176213): I/O bank number 4 does not use VREF pins and has undetermined VCCIO pins. 0 total pin(s) used --  14 pins available
        Info (176213): I/O bank number 5 does not use VREF pins and has undetermined VCCIO pins. 0 total pin(s) used --  13 pins available
        Info (176213): I/O bank number 6 does not use VREF pins and has undetermined VCCIO pins. 1 total pin(s) used --  9 pins available
        Info (176213): I/O bank number 7 does not use VREF pins and has undetermined VCCIO pins. 0 total pin(s) used --  13 pins available
        Info (176213): I/O bank number 8 does not use VREF pins and has undetermined VCCIO pins. 0 total pin(s) used --  12 pins available
Info (171121): Fitter preparation operations ending: elapsed time is 00:00:02
Info (170189): Fitter placement preparation operations beginning
Info (170190): Fitter placement preparation operations ending: elapsed time is 00:00:01
Info (170191): Fitter placement operations beginning
Info (170137): Fitter placement was successful
Info (170192): Fitter placement operations ending: elapsed time is 00:00:07
Info (170193): Fitter routing operations beginning
Info (170195): Router estimated average interconnect usage is 16% of the available device resources
    Info (170196): Router estimated peak interconnect usage is 29% of the available device resources in the region that extends from location X11_Y0 to location X22_Y11
Info (170194): Fitter routing operations ending: elapsed time is 00:00:13
Info (170199): The Fitter performed an Auto Fit compilation.  Optimizations were skipped to reduce compilation time.
    Info (170201): Optimizations that may affect the design's routability were skipped
Info (11888): Total time spent on timing analysis during the Fitter is 3.44 seconds.
Info (334003): Started post-fitting delay annotation
Info (334004): Delay annotation completed successfully
Info (334003): Started post-fitting delay annotation
Info (334004): Delay annotation completed successfully
Info (11218): Fitter post-fit operations ending: elapsed time is 00:00:03
Warning (171167): Found invalid Fitter assignments. See the Ignored Assignments panel in the Fitter Compilation Report for more information.
Info (144001): Generated suppressed messages file C:/Users/ozana/Desktop/CPU_FPGA/output_files/CPU_FPGA.fit.smsg
Info: Quartus II 64-Bit Fitter was successful. 0 errors, 7 warnings
    Info: Peak virtual memory: 4963 megabytes
    Info: Processing ended: Sat Aug 08 13:25:24 2026
    Info: Elapsed time: 00:00:29
    Info: Total CPU time (on all processors): 00:00:29


+----------------------------+
; Fitter Suppressed Messages ;
+----------------------------+
The suppressed messages can be found in C:/Users/ozana/Desktop/CPU_FPGA/output_files/CPU_FPGA.fit.smsg.


